"Asset No","SAP Ref. No","Invoice No","Asset Name",Category,Type,Status,"Serial No",Make,Model,"Pur Value","Pur Date","Pur From","PO No","User Full Name",Department,Division,Factory,Site,N.Username,"Part Name","Mother Board",Processor,Speed,SSD,HDD,RAM,Network,"Mac Address","Total Cost",OS,"Last Rebuild",Bag,OEM,"OEM Serial",Remark
BD-00001,210011000009,1234,SDLD166E,Computer,Desktop,Assigned,2414602324,Dell,"Optiplex 390 MT","40,000",2012-04-03,"Global Brand Ltd",,"Babu Rana",Operation,LWR,SIL,SDL,rbabu,1,,"Intel Core i3",3.10,"250 GB",,8192,,,,"WIN10 Pro",2021-05-09,,"WIN 7 Pro",YWQVK-3W467-RMHJG-D6RH6-VKRXX,Remark
BD-00002,,n/a,,Display,Monitor,Assigned,CN-04H19R-728272-1A0-1CL,Dell,E1912HF,"8,600",2012-04-03,,,"Jannatul Ferdous",PCC,SWR,SDL,SDL,jferdous,,,,,,,,,,,,,,,,
BD-00003,,,,Scanner,Scanner,Stock,MM6W030089,Epson,J232C,"6,900",2012-05-05,,,"Ex.Wahid Seraj",MIS,SWR,,SDL,,,,,,,,,,,,,,,,,"Scanner have some problem(adapter faulty)."
BD-00004,,n/a,SDLD210F,Computer,Desktop,Assigned,C6M0CS103651,Clone,P8H61-MLX,"18,000",2014-11-29,,,"Ramzan Ali",Cutting,LWR,SDL,SDL,ramali,,Asus,"Intel Core i3",3.10,,500,8GB,,,,"WIN10 Pro",,,None,,
BD-00005,,,,Display,Monitor,Assigned,NEDGHMJZ600722A,Samsung,B2230,"11,200",2010-03-02,,,"Ruhul Amin Khokon",PCC,LWR,,SDL,rukhokon,,,,,,,,,,,,,,,,
BD-00006,21004000015,N/A,,UPS,UPS,Assigned,E110335414,"Power Guard",PG-650AOF,"2,900",2010-02-05,,,"Helal Udden",Prodcution,LWR,SDL,SDL,hudden,,,,,,,,,,,,,,,,
BD-00007,,,DEWBDSDLP01,Projector,Projector,Assigned,"EB925 - PAZF160061L",Epson,H387C,"33,500",2012-03-06,,,,PCC,SWR,,SDL,"PCC all",,,,,,,,,10.140.50.1,,,,,,,
BD-00008,,,,Phone,CIPT,Stock,INM08271K1Y,Cisco,7940,"3,500",2009-03-02,,,,MIS,SWR,,SDL,,,,,,,,,,,,,,,,,
BD-00009,210011000010,n/a,SDLD162C,Computer,Desktop,Assigned,8701405012,Dell,"Optiplex 390 MT","40,000",2012-04-03,,,"Mukter Hossain",Quality,LWR,SDL,SDL,muhossain,,,"Intel Core i3",3.10,,500,8192,,,,"WIN10 Pro",,,"WIN 7 Pro",CR6G7-83Y6V-3TKJR-8Y72D-G63JQ,
BD-00010,,1,,Display,Monitor,"Need to Dispose",04H19R-72872-1B2-H8KM,Dell,E1912HF,"8,600",2012-04-03,,,"Ripon Chakraborty","Industrial Engineering",SWR,SDL,SDL,rchakraborty,,,,,,,,,,,,,,,,
BD-00011,21004000151,,,UPS,UPS,Disposed,E100829968,"Power Guard",PG-2000AOF,"4,800",2010-03-02,,,"Ex.Mahabob Hasan",MIS,LWR,,SDL,,,,,,,,,,,,,,,,,
BD-00012,210011000011,n/a,SDLD161E,Computer,Desktop,"Need to Dispose",36878643028,Dell,"Optiplex 390 MT","40,000",2012-04-03,,,"Aminul Islam",Cutting,SWR,SDL,SDL,Anislam,,,"Intel Core i3",3.10,,1024,"8192 ",,,,"WIN10 Pro",2021-05-31,,"WIN 7 Pro",C9HQR-XKBY6-R4XTC-MHGQH-HPRMY,
BD-00013,,,,Display,Monitor,Assigned,CN-04H19R-72872-1B2-HAMM,Dell,E1912HF,"8,600",2012-04-03,,,"Siddikur Rahman",PCC,SWR,,SDL,sidrahman,,,,,,,,,,,,,,,,
BD-00014,,,SDLP004,Printer,Printer,"Need to dispose",E66296G9F387122,Brother,"Inkjet DCP-6690CW","29,000",2011-01-01,,,,MIS,SWR,,SDL,,,,,,,,,,,,,,,,,"Need to Send Service centre."
BD-00015,,n/a,SDLD020G,Computer,Desktop,"Need to Dispose",C8M0CS051440,Clone,"P8H61-MLX3 R2.0","18,000",2014-11-29,,,"Al Amin 3",Finishing,LWR,SIL,SDL,alamin3,,Asus,"Intelï¿½ Coreï¿½ i3-2100",3.10,,500,8192,,,,"WIN10 Pro",2020-10-01,,None,,
BD-00016,,,,Display,Monitor,Disposed,CN-04H19R-72872-1A0-CV3L,Dell,E1912HF,"8,600",2012-04-03,,,"Taohidul Islam",PCC,SWR,,SDL,taoislam,,,,,,,,,,,,,,,,
BD-00017,210011000012,n/a,SDLD481B,Computer,Desktop,Assigned,72XLB25,Dell,"Optiplex 390 MT","40,000",2012-04-03,,,"Rashedul Hasan","Human Resource",LWR,SDL,SDL,rashasan,,,"Intel Core i3 2100",3.10,,1024,8192,,,,"WIN10 Pro",,,"WIN 7 Pro",VWPPT-6B4QX-7B4QX-7BG42-FQ739,
BD-00018,,,,Display,Monitor,Assigned,CN-04H19R-72872-1B2-H60M,Dell,E1912HF,"8,600",2012-04-03,,,"Khairun Naher",PCC,SWR,,SDL,knaher,,,,,,,,,,,,,,,,
BD-00019,,,,UPS,UPS,Disposed,27023,Micro,UVS-1000,"4,800",2010-01-01,,,,MIS,LWR,,SDL,,,,,,,,,,,,,,,,,
BD-00020,21004000093,1,SDLD484,Computer,Desktop,"Need to Dispose",24121959508,Dell,"Optiplex 390 MT","40,000",2012-04-03,,,"Jahidul Islam 2",PCC,SWR,SDL,SDL,jaislam,,,"Intel Core i3",3.10,,500,"4096 ",,,,"WIN10 Pro",,,"WIN 7 Pro",9CFTK-P3MWG-8KPBV-J6627-XBHJD,
BD-00021,,,,Display,Monitor,Assigned,CN-04H19R-72872-1B2-HAKM,Dell,E1912HF,"8,600",2012-04-03,,,"Shariful Islam2",PCC,SWR,,SDL,sharislam,,,,,,,,,,,,,,,,
BD-00022,11004000201,n/a,SDLD544,Computer,Desktop,Assigned,33915800404,Dell,"Optiplex 390 MT","40,000",2012-04-03,,,"Khorshed Alam Khan",Store,SWR,SIL,SDL,kalamkhan,,,"Intel Core i3",3.10,,500,8192,,,,"WIN10 Pro",2022-03-23,,"WIN 7 Pro",2Y93M-TTFPV-TFGJ2-BVGW7-7MV43,"Graphics card added on March 2022 by Morshed, Built in VGA and HDMI is not working"
BD-00023,,n/a,,Display,Monitor,Assigned,CN-04H19R-72872-1A0-CUWL,Dell,E1912HF,"8,600",2012-04-03,,,"Iqbal Hossain 2",PCC,SWR,SDL,SDL,iqhossain2,,,,,,,,,,,,,,,,
BD-00024,,n/a,SDLD247C,Computer,Desktop,Assigned,B6M0AB560215,Clone,P8H61-MLX,"18,000",2011-01-04,,,"Mojahedul Islam",Maintenance,LWR,SDL,SDL,mojislam,,Asus,"Intel Core i3",3.10,,500,6144,,,,"WIN10 Pro",2021-03-24,,None,,
BD-00025,,,,Display,Monitor,Disposed,NE5UHMBB800010K,Samsung,B1930,"8,500",2010-03-02,,,"Rabiul Islam",IE,SWR,,SDL,rabislam,,,,,,,,,,,,,,,,
BD-00026,,,,UPS,UPS,Disposed,27012,Micro,UVS-100VA,"4,800",2010-01-01,,,,MIS,LWR,,SDL,,,,,,,,,,,,,,,,,
BD-00027,11004000068,,,Computer,Laptop,Disposed,"CNF 03934P7",HP,"Probook 4420s","36,000",2010-06-07,,,"Temp assigned to Saifuddin Ahamed",Quality,SWR,,SDL,sahamed,,,"Intel Core i3",2.40,,160,"4096 ",,,,"WIN7 Pro",,,None,,
BD-00028,,,10.140.40.10,Phone,CIPT,Assigned,FCH10068PHS,Cisco,7940,"3,500",2009-03-02,,,"Mark Matthews",PCC,SWR,,SDL,mmatthews,,,,,,,,,10.140.40.10,,,,,,,
BD-00029,,,,Printer,Printer,Assigned,VNC4P70226,HP,"Laser Jet  P1102","8,500",2010-06-07,,,"Mark Matthews",PCC,SWR,,SDL,mmatthews,,,,,,,,,,,,,,,,
BD-00030,,,SDLP005,Printer,Printer,Assigned,VNC3T04104,HP,"Laser Jet 2055DN","44,000",2012-01-01,,,"Sample all",Sample,SWR,,SDL,,,,,,,,,,,,,,,,,
BD-00031,,,,Network,"Access Point",Disposed,MDG30k303712,Linksys,WAP54G,"7,300",2010-01-01,,,,MIS,SWR,,SDL,,,,,,,,,,,,,,,,,
BD-00032,,,SDLD473,Computer,Desktop,Assigned,SN172160065772,Clone,GA-H110M-S2PH,"32,000",2017-10-08,"Star Tech/INV-STETB-2017-065288",1206,"Mostafizur Rahman",Cutting,LWR,,SDL,mosrahman,,Gigabyte,"Intel® Core™ i3-7100",3.90,,500,"8192 ",,,,"WIN10 Pro",,,"Win 10 Pro",DNPH9-97WXH-M2Y7J-3DBQG-P7JXF,
BD-00033,,1,,Display,Monitor,"Need to Dispose",CN-0U417N-64180-14R-2W8S,Dell,E1910HC,"8,600",2010-06-07,,,"Rozina Akter",Cutting,LWR,SDL,SDL,roakter,,,,,,,,,,,,,,,,
BD-00034,21004000023,,,UPS,UPS,Disposed,E110322910,"Power Guard",650AOF,"2,800",2010-03-02,,,"Ex.Ibrahim Sardar",MIS,LWR,,SDL,,,,,,,,,,,,,,,,,
BD-00035,,,SDLP011,Printer,Printer,Assigned,CNBR78203B,HP,"Laser P2014n","11,000",2009-01-01,,,"Common (Store All)","Store ",LWR,,SDL,"Store Common",,,,,,,,,,,,,,,,
BD-00036,11004000178,n/a,SDLD414E,Computer,Desktop,Assigned,SGH106PBTH,HP,"Pro 3130 MT","33,000",2011-02-02,,,"Imran Bappi","Industrial Engineering",LWR,SIL,SDL,ibappi,,,"Intelï¿½ Core ï¿½  i3 -550",3.2,,500,4096,,,,"WIN10 Pro",2021-01-03,,None,,
BD-00037,,1,,Display,Monitor,Disposed,704INAR1V728,LG,L1753S,"5,500",2009-02-04,,,"Jamal Uddin",Cutting,LWR,SIL,SDL,Jauddin,,,,,,,,,,,,,,,,
BD-00038,41004000001,,,UPS,UPS,Disposed,E091222216,"Power Guard",PG-2000AOF,"4,800",2010-03-02,,,,MIS,LWR,,SDL,,,,,,,,,,,,,,,,,
BD-00039,,n/a,SDLD127B,Computer,Desktop,Assigned,J1M0KC030422,Clone,H110M-CS,"27,500",2019-02-25,"Global Brand/ INV-GBPGL-2019-001260/ 3yr wrnty",SIL0000069,"Lutfor Rahman",IE,LWR,SIL,SDL,lrahman,,Asus,"Intelï¿½ Coreï¿½ i3-7100",3.9,,1024,8192,,,,"WIN10 Pro",,,"Win 7 Pro",KCKV7-CYRWD-7GD83-FXPBV-9JPD7,
BD-00040,,,,Display,Monitor,Stock,CNN8030387,HP,L1908W,"8,600",2011-02-02,,,,MIS,LWR,,SDL,,,,,,,,,,,,,,,,,
BD-00041,,n/a,,Computer,Desktop,"Need to Dispose",C7M0CS117911,Clone,P8H61-MLX3,"14,500",2014-11-29,,,,MIS,LWR,SDL,SDL,,,,"Intel Pentium R (2 cores)",2.70,,1024,"4096 ",,,,"WIN10 Pro",2021-07-18,,None,,
BD-00042,,,,Display,"CRT Monitor",Disposed,WE000532407774,Philips,105G7,"5,500",2005-01-01,,,,MIS,LWR,,SDL,,,,,,,,,,,,,,,,,
BD-00043,,,,Network,Switch,Disposed,F302384004177,D-Link,"DES 1008D","4,000",2009-01-01,,,,MIS,LWR,,SDL,,,,,,,,,,,,,,,,,
BD-00044,,,,Computer,Desktop,Disposed,4VRVYIS,Dell,"Vostro 220","14,500",2010-02-04,,,,MIS,LWR,,SDL,,,,,,,,,,,,,,,,,
BD-00045,,,,Display,Monitor,Disposed,CN0U578641808A6673M,Dell,E1609WC,"4,800",2010-06-07,,,,MIS,LWR,,SDL,,,,,,,,,,,,,,,,,
BD-00046,,,,UPS,UPS,Assigned,B03K160024338A6,"Rahim Afrooz",600VA,"2,800",2010-03-02,,,"Hamidul Islam",Cutting,LWR,,SDL,haislam,,,,,,,,,,,,,,,,
BD-00047,,n/a,SDLD024D,Computer,Desktop,Assigned,133490028083,Clone,H61M-S2PV,"15,000",2015-02-14,,,"Rasel Sikder","Qaulity Assurance",LWR,SDL,SDL,rsikder,,Gigabyte,"Intel Pentium R (2 cores)",2.90,,1024,"8192 ",,,,"WIN10 Pro",2020-03-08,,"WIN XP Pro","OEM serial number got ereased",
BD-00048,,,,Display,"CRT Monitor",Disposed,ANI5HHAX205807E,Samsung,551S,"5,500",2002-01-01,,,,MIS,LWR,,SDL,,,,,,,,,,,,,,,,,
BD-00049,21004000017,n/a,,UPS,UPS,Disposed,E110322908,"Power Guard",PG-650AOF,"2,900",2010-03-02,,,"Nishan Ali",Production,LWR,SDL,SDL,nali,,,,,,,,,,,,,,,,
BD-00050,,,Ex.SDLD235,Computer,Desktop,Disposed,7697X81,Dell,"Optiplex GX620","45,000",2010-01-01,,,"Autocutter SDL",CAD,LWR,,SDL,asdl,,,"Intel Pentium 4",3.40,,250,"512 ",,,,"XP Pro",,,"PC XP Pro",,
BD-00051,,,,Display,Monitor,Disposed,CNOY4413728725AI2FCQ,Dell,,"6,400",2009-01-01,,,,MIS,LWR,,SDL,asdl,,,,,,,,,,,,,,,,"Autocutter SDL"
BD-00052,,na,SDLD015E,Computer,Desktop,Assigned,SN151260052905,HP,"Pro 3330 MT","14,500",2015-05-15,,,"Arafat Shuvo",Cutting,SWR,SDL,SDL,arshuvo,,Gigabyte,"Intel Pentium R (2 cores)",3.1,,250,4096,,,,"WIN 11 Pro",2025-06-17,,"WIN Vista Buiness",32JQ7-KXW3R-8KHMB-TV7PP-7B44J,"Purchase date May2015 Smart Technology"
BD-00053,,,,Display,"CRT Monitor",Disposed,CNC8192GM9,HP,5502,"5,500",2004-01-01,,,,MIS,LWR,,SDL,,,,,,,,,,,,,,,,,
BD-00054,,,"Ex. SDLD239B",Computer,Desktop,Disposed,ABBF44901588,Clone,"D865 GBF","14,000",2002-01-01,,,,MIS,LWR,,SDL,,,INTEL,"Intel Pentium 4",2.40,,40,"1024 ",,,,"WIN7 Pro",,,None,,
BD-00055,,,,Display,"CRT Monitor",Disposed,WE000333241648,Philips,105S5,"5,500",2005-01-01,,,,MIS,LWR,,SDL,,,,,,,,,,,,,,,,,
BD-00056,21004000053,,,UPS,UPS,Disposed,E110328309,"Power Guard",PG-2000AOF,"4,800",2010-03-02,,,,MIS,LWR,,SDL,,,,,,,,,,,,,,,,,
BD-00057,,1,,Computer,Desktop,Disposed,BTGC61000XFU,Clone,D101GGC,"14,000",2005-01-01,,,,MIS,LWR,SDL,SDL,,,Intel,"Intel Pentium 4",3.00,,250,"1024 ",,,,"WIN7 Pro",,,None,,
BD-00058,,,,Display,Monitor,Disposed,AU1A074407862,Philips,107s,"6,400",2008-01-01,,,,MIS,LWR,,SDL,,,,,,,,,,,,,,,,,
BD-00059,,n/a,SDLD193G,Computer,Desktop,Assigned,210381823101876,Clone,"Asus  Prime H410M CS SI",42000,2021-06-05,"Global Brand",,"Serazul Haque","Qaulity Assurance",LWR,SWL,SDL,shaque,,Asus,"Intel Core i3 10100",3.6,256,,8192,,,42000,"WIN10 Pro",2021-06-07,,"Win 10 Pro",N6VTW-7PJJ2-HF2X9-Y3PFK-P3722,
BD-00060,,,,Display,"CRT Monitor",Disposed,WE000620404021,Philips,105G7,"5,500",2005-01-01,,,,MIS,LWR,,SDL,,,,,,,,,,,,,,,,,
BD-00061,,,,UPS,UPS,Assigned,27360,Micro,"UVS 1000","4,800",2012-01-01,,,"Naznin Akhi",IE,LWR,,SDL,nakhi,,,,,,,,,,,,,,,,
BD-00062,,n/a,SDLD169D,Computer,Desktop,Assigned,SN152160061644,Clone,GA-H81M-S2PV,"14,500",2015-12-05,"Smart Technology",,"Shamsujjaman Akand",Quality,LWR,SDL,SDL,sakand,,Gigabyte,"Intel Pentium R (2 cores)",3.20,,500,"4096 ",,,,"WIN10 Pro",2021-08-17,,None,,
BD-00063,,,,Display,"CRT Monitor",Disposed,WE020404206075,Philips,105S,"5,500",2005-01-01,,,,MIS,LWR,,SDL,,,,,,,,,,,,,,,,,
BD-00064,,,"Ex. SDLD145",Computer,Desktop,Disposed,LAAV53800979,Clone,D915GAV,"14,000",2004-01-01,,,,MIS,LWR,,SDL,,,Intel,,,,,,,,,,,,,,
BD-00065,,,,Display,"CRT Monitor",Disposed,LB15HMBY610436R,Samsung,591S,"5,500",2004-01-01,,,,MIS,LWR,,SDL,,,,,,,,,,,,,,,,,
BD-00066,,n/a,SDLD083E,Computer,Desktop,Assigned,180117859601907,Clone,"Asus Prime H110M-CS","25,000",2019-03-02,,SDL200102,"Shafat Chowdhury",IE,SWR,SDL,SDL,shchowdhury,,"Asus Prime H110M-CS","Intel Core i3 7100",3.90,,1000,"8092 ",,,,"WIN10 Pro",2021-10-14,,None,,
BD-00067,,,,Display,"CRT Monitor",Disposed,CNC730067G,HP,mx705,"5,500",2005-01-01,,,,MIS,SWR,,SDL,,,,,,,,,,,,,,,,,
BD-00068,21004000053,n/a,,UPS,UPS,Disposed,E110328310,"Power Guard",PG2000AOF,"4,800",2010-03-02,,,,MIS,LWR,SDL,SDL,,,,,,,,,,,,,,,,,
BD-00069,11004000129,,SDLP010,Printer,Printer,Assigned,VNC3T04240,HP,"Laser Jet 2055DN","44,000",2011-08-17,,,"LWR IE ALL",IE,LWR,,SDL,Common,,,,,,,,,,,,,,,,
BD-00070,,1,SDLD171E,Computer,Desktop,Assigned,1010010007,Clone,"Asus H310M-K","27,000",2019-05-12,,,"Murad Hossain","Marketing & Merchandising",LWR,SDL,SDL,hmurad,,,"Intel Core i3 8100",3.90,250,,"8192 ",,,,"WIN10 Pro",,,None,,
BD-00071,,,SDLM171,Display,Monitor,Assigned,AU6A0817000444,Philips,170CW,"5,500",2009-02-04,,,"Paruli Akther",Finishing,LWR,SDL,SDL,pakther,,,,,,,,,,,,,,,,
BD-00072,,,,UPS,UPS,Disposed,2NO8C00446,Socomec,NET0600PET,"15,000",2007-01-01,,,,MIS,LWR,,SDL,,,,,,,,,,,,,,,,,
BD-00073,,INV-GBPGL-2020-002483,SDLD150F,Computer,Desktop,Assigned,L1M0KC78683AFH,Clone,"Asus  Prime H310M-E R2.0",40850,0020-06-06,"Global Brand",SDL2000192,"Zinnatul Islam",Production,LWR,SIL,SDL,ziislam,,Asus,"Intel Core i3 7100",3.90,"250 GB",1024,8192,,,,"WIN 11 Pro",2025-06-15,,"Win 10 Pro",N2WCW-QGMKK-TFVGT-BF3DQ-2WF9G,
BD-00074,,,SDLM150,Display,Monitor,Disposed,DS000521007470,Philips,150B,"6,400",2009-01-01,,,,MIS,LWR,,SDL,,,,,,,,,,,,,,,,,
BD-00075,,,,UPS,UPS,Disposed,B03K16002486A6,"Rahim Afrooz",600VA,"2,800",2010-03-02,,,,MIS,LWR,,SDL,,,,,,,,,,,,,,,,,
BD-00076,,,SDLL046C,Computer,Laptop,Disposed,FPC04497DP,Fujitsu,"LH 530","29,000",2019-04-20,,,,MIS,LWR,,SDL,,,,"Intel Core i3",3.60,,1024,"8192 ",,,,"WIN10 Pro",,,None,,
BD-00077,,n/a,,"Computer Accessories",Speaker,Disposed,YBBCMB6600250497,Csm,"LH 530","2,500",2007-01-01,,,,MIS,LWR,SDL,SDL,,,,,,,,,,,,,,,,,
BD-00078,,n/a,SDLD205F,Computer,Desktop,Assigned,SN152160062462,Clone,GA-H81M-S2PV,"14,500",2010-05-03,,,"Ashraful Alom",HR,LWR,SDL,SDL,aalom,,Gigabyte,"Intel Pentium R (2 cores)",3.20,,160,"4096 ",,,,"WIN10 Pro",,,None,,"Smart technology, 5th June-2015"
BD-00079,,,SDLM205,Display,Monitor,Assigned,001INXJ4E154,LG,W2043S,"11,200",2009-02-04,,,"Jakaria Khondokar",CAD,LWR,,SDL,jkhondokar,,,,,,,,,,,,,,,,
BD-00080,,,"Ex. SDLD212",Computer,Desktop,Disposed,L3XXNKV,IBM,PAM,"14,000",2008-01-01,,,,MIS,LWR,,SDL,,,,,,,,,,,,,,,,,
BD-00081,,n/a,,Display,Monitor,"Need to Dispose",ME20H9LQ101930P,Samsung,206BW,"5,500",2010-03-02,,,,MIS,LWR,SIL,SDL,,,,,,,,,,,,,,,,,
BD-00082,,,"Ex. SDLD202",Computer,Desktop,Disposed,"BTIS648003DJ AA D66165-302",Intel,D946GZIS,"14,000",2004-01-01,,,,MIS,LWR,,SDL,,,,,,,,,,,,,,,,,
BD-00083,,,,Display,"CRT Monitor",Disposed,CX000522426379,Philips,,"5,500",2004-01-01,,,,MIS,LWR,,SDL,,,,,,,,,,,,,,,,,
BD-00084,,n/a,SDLD170F,Computer,Desktop,Assigned,1C6F65E50E9D,Clone,"Asus  Prime H410M CS SI",40850,2021-01-25,"Global Brand",SDL2000229,"Ashraful Islam 2","Marketing & Merchandising",LWR,SIL,SDL,asislam,,Gigabyte,"Intel Core i3 10100",3.6,256,,8192,,,,"WIN10 Pro",2021-10-11,,"Win 10 Pro",X2BKC-NJB83-B3RPW-28R7K-WTYP6,
BD-00085,,1,,Display,Monitor,"Need to Dispose",96LMZ0485119,Asus,"VH192 19","8,600",2010-02-03,,,"Sanaullah Bhuiyan","Accounts & Finance",LWR,HO,SDL,sbhuiyan,,,,,,,,,,,,,,,,"Monitor power problem sometime take long time to open Ex user Rubel FaraziFinishing"
BD-00086,,,,Printer,Printer,Disposed,TH83B337F0,HP,"Deskjet D1460","2,900",2009-01-01,,,,MIS,LWR,,SDL,,,,,,,,,,,,,,,,,
BD-00087,,n/a,,UPS,UPS,Disposed,2647,Micro,600VA,"2,800",2012-01-01,,,"Masud Zaman",Quality,LWR,SDL,SDL,mzaman,,,,,,,,,,,,,,,,
BD-00088,,,,Network,"Access Point ",Stock,IC436C5N02B6B,NetGear,WG602,"6,000",2009-01-01,,,"SIL Server room",MIS,LWR,,SDL,,,,,,,,,,,,,,,,,
BD-00089,,1,SDLD148E,Computer,Desktop,"Need to Dispose",BAN0AB269577,Clone,P8H61-MLX,"14,500",2013-07-06,,,"Helal Udden",Production,LWR,SDL,SDL,hudden,,Gigabyte,"Intel Pentium R (2 cores)",2.60,,500,"4096 ",,,,"WIN10 Pro",,,None,,
BD-00090,,,,Display,Monitor,Disposed,DS000521007319,Philips,150B,"6,400",2009-01-01,,,,MIS,LWR,,SDL,,,,,,,,,,,,,,,,,
BD-00091,,,,UPS,UPS,Assigned,B03K160024341A6,"Rahim Afrooz",600VA,"2,800",2010-03-02,,,"SDL Sample",Sample,LWR,,SDL,ssample,,,,,,,,,,,,,,,,
BD-00092,,1,SDLD139C,Computer,Desktop,Service,J4M0AB174767,Clone,H110M-E,"25,000",2011-02-02,"Cpu configuration updated in Jan,19",,"Nishan Ali",Production,LWR,SDL,SDL,nali,,,"intel Core i3",3.90,,1000,"8192 ",,,,"WIN10 Pro",,,None,,
BD-00093,,,,Display,Monitor,Disposed,DS000521007345,Philips,150B,"6,400",2009-01-01,,,,MIS,LWR,,SDL,,,,,,,,,,,,,,,,,
BD-00094,,,,UPS,UPS,Disposed,880716016456,Prolink,PC600,"2,800",2009-01-01,,,,MIS,LWR,,SDL,,,,,,,,,,,,,,,,,
BD-00095,,,,Printer,Printer,Disposed,FSU1YQ21631,Epson,LQ-590,"28,000",2005-06-27,,,,MIS,LWR,,SDL,,,,,,,,,,,,,,,,,
BD-00096,,n/a,SDLD141I,Computer,Desktop,Assigned,H8M0AB001359,Clone,H110M-E,"35,200",2018-02-26,"Global Brand/ INV-GBPGL-2018-001361/ 2yr warranty",,"Rumana Khatun",Finishing,LWR,SDL,SDL,rkhatun,90MB0RK0-M0UAY0,ASUS,"intel Core i3",3.90,256,,"8192 ",,,,"WIN10 Pro",2024-09-24,,"Win 10 Pro",P7672-NWC78-XWG78-33KH4-CR4C2,
BD-00097,,,,Display,Monitor,Disposed,CNC83607LF,HP,7540,"6,400",2009-01-01,,,,MIS,LWR,,SDL,,,,,,,,,,,,,,,,,
BD-00098,,n/a,,UPS,UPS,Disposed,B04K200082907A6,"Rahim Afrooz",600VA,"2,800",2010-03-02,,,"Mirza Zahurul",Finishing,LWR,SDL,SDL,mzahurul,,,,,,,,,,,,,,,,
BD-00099,,n/a,SDLD054B,Computer,Desktop,Disposed,4061867A065F,Clone,G945,"15,000",2003-01-01,,,"Shaifuddin Khaled (Sumon)",BMT,LWR,SDL,SDL,skhaled,,,"Intel Core 2Duo",2.93,,80,"2048 ",,,,"WIN10 Pro",,,None,,
BD-00100,,,,Display,Monitor,Assigned,CNC751PPPW,HP,L1910,"8,600",2011-02-02,,,"Abdul Hakim",Quality,LWR,,SDL,ahakim,,,,,,,,,,,,,,,,
BD-00101,,N/A,,UPS,UPS,"Need to Dispose",B04K200084134A6,"Rahim Afrooz",600VA,"2,800",2010-03-02,,,"Abdul Karim","Human Resource",LWR,SIL,SDL,akarim,,,,,,,,,,,,,,,,
BD-00102,,1,SDLD480,Computer,Desktop,Assigned,J1M0KC032558,Clone,H110M-CS,"15,000",2004-02-15,"Global Brand",,"Abdul Mannan",Quality,LWR,SDL,SDL,amannan,,,"Intel Core i3",3.90,,1000,"8192 ",,,,"WIN10 Pro",,,"WIN XP Pro",BYMRF-FR74F-YY7MP-2YTVR-KXK43,"CPU configuration updated in Jan2019"
BD-00103,,,,Display,"CRT Monitor",Disposed,We000545401161,Philips,106G7,"5,500",2004-01-01,,,,MIS,LWR,,SDL,,,,,,,,,,,,,,,,,
BD-00104,,,,UPS,UPS,Disposed,B03K160024339A6,"Rahim Afrooz",600VA,"2,800",2010-03-02,,,,MIS,LWR,,SDL,,,,,,,,,,,,,,,,,
BD-00105,,n/a,SDLD056B,Computer,Desktop,"Need to Dispose",,Clone,41,13000,2010-06-03,"Global Brand",N/A,Yeamin,"Industrial Engineering",LWR,SDL,SDL,,,,,3.6,,,,,,,"WIN10 Pro",2021-02-14,,,,
BD-00106,,,,Display,Monitor,Disposed,ETF5604629SLO,Benq,FP71G*,"6,400",2008-01-01,,,,MIS,LWR,,SDL,,,,,,,,,,,,,,,,,
BD-00107,,,,UPS,UPS,Disposed,3016710047014,Leonics,Acura1050,"4,800",2009-01-01,,,,MIS,LWR,,SDL,,,,,,,,,,,,,,,,,
BD-00108,,,,Display,"CRT Monitor",Disposed,CNC83607LN,HP,7540,"5,500",2004-01-01,,,,MIS,LWR,,SDL,,,,,,,,,,,,,,,,,
BD-00109,,,,Scanner,Scanner,Disposed,C17039M000861,Umax,Astra-4600,"3,200",2008-02-02,,,,MIS,LWR,,SDL,,,,,,,,,,,,,,,,,
BD-00110,,n/a,SDLD156D,Computer,Desktop,Assigned,L9M0KC0957705VF,Asus,"Asus  Prime H310M-E R2.0",40000,2021-02-03,"Global Brand",N/A,Khokon.Mahmud,Quality,LWR,SIL,SDL,kmahmud,,Asus,"Intel Core i3 9100",3.6,,1024,8192,,,,"WIN10 Pro",2021-02-14,,"Win 10 Pro",GQC7H-4HNVX-WDK9B-KVVD8-2GYP6,
BD-00111,,,,Display,"CRT Monitor",Disposed,WE000532407784,Philips,105G7,"5,500",2005-01-01,,,,MIS,LWR,,SDL,,,,,,,,,,,,,,,,,
BD-00112,,,,UPS,UPS,Disposed,B03K160024124A6,"Rahim Afrooz",600VA,"2,800",2010-03-02,,,,MIS,LWR,,SDL,,,,,,,,,,,,,,,,,
BD-00113,,,,Scanner,Scanner,Assigned,KBMC16816,Canon,"Lide 25","3,200",2008-02-02,,,"Mohammad Rasel",MNT,LWR,,SDL,mrasel,,,,,,,,,,,,,,,,
BD-00114,,,,Printer,Printer,Disposed,CN571162TV,HP,"Deskjet 3920","3,000",2010-01-01,,,,MIS,LWR,,SDL,,,,,,,,,,,,,,,,,
BD-00115,11004000181,,,Computer,Desktop,Transferred,SGH116T8B7,HP,"Pro 3130 MT","45,000",2011-02-02,,,BEPZA,Commercial,SWR,,SDL,,,,"Intel Core i3",3.20,,320,"2048 ",,,,"WIN10 Pro",,,"WIN 7 Pro",98VX4-YX2G2-98XGF-QKB99-24THB,
BD-00116,,,,Computer,Laptop,Disposed,CND8141VKM,Hp,"HP 520","22,000",2008-06-02,,,"SDL Projector",MIS,SWR,,SDL,sprojector,,,"Intel Core 2Duo",2.00,,500,"4096 ",,,,"WIN7 Pro",,,"WIN XP Pro",D7QTC-GDFR6-7T246-FPDGK-3RTF6,
BD-00117,,,SDLP001,Printer,Printer,Disposed,E66295G0F126198,Brother,"Inkjet MFC-6490CW","28,000",2011-01-01,,,,MIS,LWR,,SDL,,,,,,,,,,,,,,,,,
BD-00118,,n/a,SDLL076B,Computer,Laptop,Disposed,CNU221159L,Hp,"Probook 4430s","61,000",2013-01-01,,,,MIS,LWR,SDL,SDL,,,,"Intel Core i5",2.50,,500,"4096 ",,,,"WIN10 Pro",,B-002,"WIN 7 Pro",BMR7G-DT22Y-XP2YY-K2RKM-HPCM2,
BD-00119,,,,Printer,Printer,Disposed,3751559,Lexmark,"DotMatrix 2581","28,000",2005-06-27,,,,MIS,SWR,,SDL,,,,,,,,,,,,,,,,,
BD-00120,,1,,Display,Monitor,"Need to Dispose",CNC111RVV0,HP,LE1851WE,"5,500",2011-02-02,,,"Aminul Islam",Quality,SWR,SIL,SDL,aminislam,,,,,,,,,,,,,,,,
BD-00121,21004000091,,SDLL027C,Computer,Laptop,Disposed,11854087705,Dell,"Inspiron 1464","50,000",2010-06-07,,,"Ex. Hasan Sarwar ",MIS,LWR,,SDL,,,,"Intel Core i3",2.13,,500,"4096 ",,,,"WIN7 Pro",,,None,,
BD-00122,11004000199,n/a,SDLL026C,Computer,Laptop,"Need to Dispose",CNU116360F,HP,"Probook 4530s","51,000",2011-09-14,,,,MIS,SWR,SDL,SDL,,,,"Intel Core i3",2.10,480,,8192,,,,"WIN10 Pro",2021-03-11,B-005,"WIN 7 Pro",BV6DR-4TRY2-VP3RH-BQYKH-B9KR3,
BD-00123,,,,Computer,Laptop,Transferred,CNU1153JW0,HP,"Probook 4530s","51,000",2011-09-14,,,"Mahadi Hassan","Marketing & Merchandising",SWR,,CAM,hmahadi,,,"Intel Core i3",2.10,,320,"4096 ",,,,"WIN10 Pro",,Yes,"WIN 7 Pro",H78R2-KY2W7-7YPT6-4BC3V-VMFFC,
BD-00124,11004000159,n/a,SDLD009G,Computer,Desktop,Disposed,99PBAW000340,Asus,V6-P5G41H,"14,000",2010-02-03,,,"SIL Gate 1",HR,LWR,SIL,SDL,sgate1,,Asus,"Intel Core 2Duo",2.93,,250,"2048 ",,,,"WIN10 Pro",2019-10-14,,None,,
BD-00125,,,,Display,Monitor,Assigned,96LMIZ028580,Asus,HVH192,"8,600",2010-02-03,,,"SDL Gate 1",HR,LWR,,SDL,sdgate1,,,,,,,,,,,,,,,,"Assign as a temporary use due old monitor need to service."
BD-00126,,,,"Barcode Reader","Barcode reader",Stock,M1E29G69V,Symbol,"PDT 6100","5,000",2013-01-01,,,,MIS,LWR,,SDL,,,,,,,,,,,,,,,,,
BD-00127,,1,,Display,Monitor,"Need to Dispose",NE5UHMDB800102Y,Samsung,B1930,"8,500",2010-03-02,,,"Shamsujjaman Akand",Quality,LWR,SDL,SDL,sakand,,,,,,,,,,,,,,,,
BD-00128,21004000053,,,UPS,UPS,"Need to dispose",U100829967,"Power Guard",PG-2000AOF,"4,800",2010-03-02,,,,MIS,LWR,,SDL,,,,,,,,,,,,,,,,,
BD-00129,,,SDLL038E,Computer,Laptop,Disposed,CNU7513Z66,HP,"Compaq 6715b","37,000",2010-02-01,,,"Ex. Saiduzzaman Anik",MIS,SWR,,SDL,,,,"AMD ",1.70,,160,"4096 ",,,,"WIN10 Pro",,,"WIN 7 Pro",TV224-YTMTR-PWR72-CF…-VKV4..,
BD-00130,21004000177,n/a,SDLL022F,Computer,Laptop,"Need to Dispose",CNU11636SQ,HP,"Probook 4530s","51,000",2011-09-14,,,"Ataur Rahman 2",Planning,SWR,SDL,SDL,atarahman,,,"Intel Core i3",2.10,480,,6144,,,,"WIN10 Pro",2020-02-19,B-007,"WIN 7 Pro",TQCDY-RKWMQ-4DD7D-6XG9M-PHW6V,
BD-00131,11004000120,,SDLD012A,Computer,Desktop,Disposed,SGH116T8HQ,HP,"Pro 3130 MT","45,000",2011-02-02,,,,,SWR,,SDL,,,,"Intel Core i3",3.20,,320,"2048 ",,,,"WIN7 Pro",,,"WIN 7 Pro",MWGWY-Q8PWT-3R77Q-QP9F7-3YYX4,
BD-00132,,1,,Display,Monitor,"Need to Dispose",CNC111RVYP,HP,LE1851WT,"5,500",2011-02-02,,,,MIS,LWR,SIL,SDL,,,,,,,,,,,,,,,,,
BD-00133,21004000053,NA,,UPS,UPS,"Need to Dispose",E100523026,"Power Guard",PG-2000AOF,"4,800",2010-03-02,,,"Jahangir Alom",Fabric,LWR,SIL,SDL,jalom,,,,,,,,,,,,,,,,
BD-00134,,n/a,SDLD014F,Computer,Desktop,Assigned,J1M0KC032559,Clone,H110M-CS,"27,500",2019-01-28,"Global Brand/ INV-GBPGL-2019-000369/ 3yr wrnty",SIL0000062,"Suraj Mia",Cutting,LWR,SIL,SDL,smia,,,"Intel Core i3 7100",3.9,,500,8192,,,,"WIN10 Pro",2021-06-24,,"WIN 7 Pro",C4TT9-8HVYY-X8GVY-77DBD-6P8MT,"serviced by global on 21st June 2021"
BD-00135,,,,Display,Monitor,Stock,CNC045Q29G,HP,LE1851W,"5,500",2011-02-02,,,,MIS,SWR,SDL,SDL,,,,,,,,,,,,,,,,,
BD-00136,,,SDLP002,Printer,Printer,Assigned,CNCK401426,HP,"Laser Jet 2055DN","44,000",2012-01-01,,,"Mukter Hossain",Quality,LWR,,SDL,muhossain,,,,,,,,,,,,,,,,
BD-00137,,n/a,SDLD519A,Computer,Desktop,Assigned,SN144760064397,Clone,H81M-S2PV,"18,000",2015-03-03,,,"Samiur Rahman","Human Resource",LWR,SIL,SDL,samrahman,,Gigabyte,"Intel Core i3",3.50,,1024,6144,,,,"WIN10 Pro",,,"WIN XP Pro",TDJWD-7QYRC-8X93B-B2KBT-XHF8T,"3 years warrenty"
BD-00138,,,,Display,"CRT Monitor",Disposed,AU1A0841000784,Philips,107,"5,500",2004-01-01,,,,MIS,LWR,,SDL,,,,,,,,,,,,,,,,,
BD-00139,11004000187,n/a,,UPS,UPS,"Need to Dispose",E100523006,"Power Guard",PG-2000AOF,"4,800",2010-03-02,,,"Nushrat Yeasmin","Human Resource",LWR,SDL,SDL,nyeasmin,,,,,,,,,,,,,,,,"Checked by NPS  Declared unrepairable"
BD-00140,11004000121,n/a,SDLD005K,Computer,Desktop,Assigned,SGH106PBV7,HP,"Pro 3130 MT","33,000",2011-02-02,,,"Rezaul Karim",Sample,LWR,SDL,SDL,rekarim,,,"Intel Core i3",3.20,,500,8192,,,,"WIN10 Pro",2023-08-09,,None,,
BD-00141,,,,Display,Monitor,Assigned,CNC045Q3A7,HP,LE1851,"5,500",2010-03-05,,,"Mahabob Hasan",Cutting,SWR,,SDL,mhasan,,,,,,,,,,,,,,,,
BD-00142,,n/a,SDLL060E,Computer,Laptop,Disposed,CNU1152SG,HP,"Probook 4530s","51,000",2011-09-14,,,"Tonmoy Hasan",Finance,LWR,DBO,"Dhaka Buying Office",tohossain,,,"Intel Core i3",2.1,,500,4096,,,,"WIN10 Pro",,Yes,"WIN 7 Pro","ï¿½.,ï¿½.,ï¿½.,ï¿½.,ï¿½..","CANT READ OEM"
BD-00143,,,,Display,Monitor,Disposed,NEDGHMJ2600735A,Samsung,B2230,"11,200",2010-03-02,,,,MIS,LWR,,SDL,,,,,,,,,,,,,,,,,"CCTV Monitoring."
BD-00144,,n/a,SDLD019F,Computer,Desktop,"Need to Dispose",B4M0AB853313,Clone,P8H61-MLX,"18,000",2013-07-08,,,"Samol Ray",Production,LWR,SDL,SDL,sray,,Asus,"Intel Core i3",3.10,,500,"4096 ",,,,"WIN10 Pro",2021-12-12,,None,,
BD-00145,,,,UPS,UPS,Disposed,E1008299L9,EG41MF-US2H,PG-2000AOF,"4,800",2010-03-02,,,,MIS,LWR,,SDL,,,,,,,,,,,,,,,,,
BD-00146,,n/a,,Printer,Printer,Stock,91866115,Datamax,"Bar-Code DMX-M-4206","200,000",2009-02-02,,,,MIS,LWR,SIL,SDL,,,,,,,,,,,,,,,,,
BD-00147,,1,,Display,Monitor,"Need to Dispose",ETLEX04011838011424310,Acer,X203H,"4,800",2010-02-03,,,"Nishan Ali",Prodcution,LWR,SDL,SDL,nali,,,,,,,,,,,,,,,,
BD-00148,,,,Network,HUB,Disposed,27100355408313,Belkin,F5D51318,800,2002-01-01,,,,MIS,LWR,,SDL,,,,,,,,,,,,,,,,,
BD-00149,,,SDLL165A,Computer,Laptop,Disposed,Y6147014K,Toshiba,"Satellite M100","20,000",2007-02-02,,,,MIS,LWR,,SDL,,,,"Intel R (T2250)",1.73,,250,2560,,,,"WIN7 Pro",,,"WIN XP Pro",KJKYX-T8TTW-92BHP-YXCCV-VBBDW,
BD-00150,,,,Projector,Projector,Disposed,4840219FF,NEC,VT470,"30,000",2009-01-01,,,,MIS,LWR,,DBO,,,,,,,,,,,,,,,,,
BD-00151,,,,UPS,UPS,Assigned,22848,Micro,UVS-1000VA,"4,800",2012-01-01,,,"Mominul Islam",IE,LWR,SIL,SDL,momislam,,,,,,,,,,,,,,,,
BD-00152,,,"Ex. SDLL023A",Computer,Laptop,Disposed,36130977K,Toshiba,"Tecra A6","20,000",2007-02-02,,,,MIS,LWR,,SDL,,,,,,,,,,,,,,,"Windows XP Professional OEM",,
BD-00153,21004000178,n/a,SDLL032F,Computer,Laptop,Disposed,CNU116360M,HP,"Probook 4530s","51,000",2011-09-14,,,"Ex user Zulfikar Ali","Marketing & Merchandising",LWR,SIL,SDL,zali,,,"Intel Core i3",2.1,480,,8192,,,,"WIN10 Pro",2020-06-30,B-098,"WIN 7 Pro",78BMV-HFRJD-WF7VJ-XGK6Y-B9P66,
BD-00154,,,,Display,Monitor,Disposed,CNN803038F,HP,L1908W,"8,600",2010-03-05,,,,MIS,LWR,,SDL,,,,,,,,,,,,,,,,,
BD-00155,,NA,,Computer,Desktop,Disposed,SGH81001ZK,HP,"Compaq DC5750 MT ","25,000",2010-03-05,,,,Production,LWR,SDL,SDL,,,,"AMD Dualcore",2.59,,250,"1024 ",,,,"WIN10 Pro",,,"WIN XP Pro",KC7CP-D6WWQ-JJRB8-R4GRT-GRTWY,
BD-00156,21004000175,n/a,,Printer,Printer,Stock,CNHXJ43031,HP,"Laserjet 4250n","30,000",2009-01-01,,,"Using as cutting spare",MIS,LWR,Cutting,SDL,spare,,,,,,,,,,,,,,,,
BD-00157,,,SDLL042D,Computer,Laptop,Disposed,4ZOM8M1,Dell,"Inspiron 1464","50,000",2011-03-05,,,,MIS,LWR,,SDL,,,,"Intel® Core™ i3",2.13,,500,8192,,,,"WIN10 Pro",,,None,,
BD-00158,,n/a,SDLP003,Printer,Printer,Stock,CNC2420099,HP,"Laser jet 2035n","17,000",2009-01-01,,,,MIS,LWR,SDL,SDL,,,,,,,,,,,,,,,,,"Motherboard replaced by morshed at 8th October 2019"
BD-00159,11004000187,,,UPS,UPS,Assigned,E100829933,"Power Guard",PG-2000AOF,"4,800",2010-03-02,,,"Robin Hossain",CAD,LWR,,SDL,rhossain,,,,,,,,,,,,,,,,
BD-00160,,,,Printer,Printer,Disposed,KLHA20874,Canon,"Laser LBP-1210","85,000",2008-01-01,,,,MIS,LWR,,SDL,,,,,,,,,,,,,,,,,
BD-00161,,,SDLD295A,Computer,Desktop,Disposed,SGH8040851,HP,"Compaq DC5750 ","14,500",2009-01-01,,,,MIS,LWR,,SDL,,,,"AMD Dualcore",2.49,,160,1024,,,,"WIN7 Pro",,,"PC XP Pro",,
BD-00162,,,SDLL083B,Computer,Laptop,Disposed,2CE22600MZ,HP,"Probook 4440s","61,000",2013-01-01,,,,MIS,LWR,,SDL,,,,"Intel Core i5",2.50,,640,"4096 ",,,,"WIN7 Pro",,,"PC 7 pro",,
BD-00163,,,,Projector,Projector,Disposed,37354473685,Dell,1409X,"30,000",2009-01-01,,,,MIS,LWR,,SDL,,,,,,,,,,,,,,,,,
BD-00164,,n/a,,Display,Monitor,Assigned,CNC045Q423,HP,LE18951W,"5,500",2010-03-05,,,"Mostafizur Topu","Marketing & Merchandising",SWR,SDL,SDL,mtopu,,,,,,,,,,,,,,,,
BD-00165,11004000122,NA,SDLD004E,Computer,Desktop,Disposed,SGH106PBS4,HP,"Pro 3130 MT","33,000",2011-02-02,,,"Sarwar Jahan",Sample,LWR,SWL,SDL,sjahan,,,"Intel Core i3",3.20,,1024,"8192 ",,,,"WIN10 Pro",2021-10-13,,None,,
BD-00166,,,,Scanner,Scanner,Assigned,J7SW013292,Epson,V10,"52,000",2008-07-05,,,"SIL Server room",MIS,LWR,,SDL,MIS,,,,,,,,,,,,,,,,
BD-00167,,,SDLD047B,Computer,Desktop,Disposed,BTNT635009D7AAC96315405,Clone,D945GNT,"14,000",2003-01-01,,,,MIS,LWR,,SDL,,,,"Intel Pentium D",2.80,,250,"1536 ",,,,"WIN7 Pro",,,None,,
BD-00168,41004000025,,,Display,Monitor,Assigned,NE5UHMCB800013A,Samsung,B1930,"8,500",2010-03-02,,,"Murad Hossain","Marketing & Merchandising",LWR,,SDL,hmurad,,,,,,,,,,,,,,,,
BD-00169,,,,UPS,UPS,Disposed,B0420083332A6,"Rahim Afrooz",600VA,"2,800",2010-03-02,,,,MIS,LWR,,SDL,,,,,,,,,,,,,,,,,
BD-00170,21004000179,N/A,SDLL069C,Computer,Laptop,"Need to Dispose",CNU1152NTH,HP,"ProBook 4530s","51,000",2011-09-14,"Computer Source",,"Mahabub Hossain",Sample,LWR,SIL,"Shanta Denim Limited",mahhossain,,,"Intel Core i3-2310M",2.1,480,,8192,,,,"WIN10 Pro",,Yes,"WIN 7 Pro","N\A",
BD-00171,,,DEWBDSDLA03,Network,"Access Point",Assigned,FCZ1427Q2UZ,Cisco,AIR-AP1131G,"35,000",2010-01-01,,,"West side mazanine floor",HR,LWR,,SDL,"upstair all user",,,,,,,,,10.140.25.3,,,,,,,
BD-00172,,n/a,SDLL245A,Computer,Laptop,Assigned,CNU2131DZ7,HP,"Probook 4530s","51,000",2011-09-14,,,"Mehedi Hasan4","Industrial Engineering",SWR,SDL,SDL,mehedhasan,,,"Intel Core i5",2.50,,500,"6144 ",,,,"WIN10 Pro",,,None,,"Provided only for Remote Desktop use"
BD-00173,,,,Network,"Access Point ",Assigned,MGB00F110286,Linksys,WRE54G,"7,300",2010-01-01,,,,MIS,LWR,"In Sara's room",SDL,MIS,,,,,,,,,,,,,,,,
BD-00174,,,SDLP007,Printer,Printer,Assigned,CNC2419761,HP,"Laser jet 2035n","17,000",2009-01-01,,,"Common(SWL HR)",HR,LWR,"Beside Board Room",SDL,"HR All",,,,,,,,,,,,,,,,
BD-00175,11004000162,n/a,SDLL310,Computer,Laptop,Assigned,2CE2251S61,HP,"Probook 4440s","61,000",2013-01-01,,,"Shakhawat Hossain",PCC,MWR,SDL,"Shanta Denim Limited",shakhossain,,,"Intel Core i5",2.50,480,,8192,,,,"WIN 10 Pro",2022-01-24,B-075,"WIN 7 Pro",HWXV8-DFHHY-9Y93M-8TV32-P8CVD,
BD-00176,11004000190,1,SDLD063B,Computer,Desktop,Disposed,SGH93803Z2,HP,"Compaq dx 2390 MT","25,000",2010-03-05,,,"Saleha Khatun",Cutting,LWR,SIL,SDL,skhatun,,,"Intelï¿½ Core ï¿½ 2 Duo",2.8,,1024,4096,,,,"WIN10 Pro",,,None,,
BD-00177,,,,Display,Monitor,Assigned,96LNIJ016382,Asus,"VH192 19""","8,600",2010-02-03,,,"Monirul Islam",Cutting,LWR,,SDL,moislam,,,,,,,,,,,,,,,,
BD-00178,,n/a,,UPS,UPS,"Need to Dispose",B04K200084135A6,"Rahim Afrooz",600VA,"2,800",2010-03-02,,,,MIS,LWR,SDL,SDL,,,,,,,,,,,,,,,,,
BD-00179,11004000162,n/a,SDLL080E,Computer,Laptop,Stock,2CE2251S7R,HP,"Probook 4440s","61,000",2013-01-01,,,,MIS,LWR,SIL,SDL,,,,"Intel Core i5",2.50,,640,"4096 ",,,,"WIN10 Pro",,B-178,"Win 7 pro",ZMW6J-MCQV0-FW99B-KX32W-CCB67,
BD-00180,,n/a,,Scanner,Scanner,"Need to Dispose",J79Z001098,Epson,GT2500,"4,800",2010-02-02,,,,MIS,LWR,SIL,SDL,,,,,,,,,,,,,,,,,
BD-00181,,,,Display,"CRT Monitor",Disposed,WE000545400938,Philips,105G7,"5,500",2005-01-01,,,,MIS,LWR,,SDL,,,,,,,,,,,,,,,,,
BD-00182,,,,Computer,Desktop,Disposed,BTGC60665956,Intel,AWRDACPI,"14,000",2008-01-01,,,,MIS,LWR,,SDL,,,,,,,,,,,,,,,,,
BD-00183,,,,UPS,UPS,Assigned,B03K160024122A6,"Rahim Afrooz",600VA,"2,800",2010-03-02,,,"Noor Alam",Cutting,LWR,,SDL,noalam,,,,,,,,,,,,,,,,
BD-00184,,,,Network,Switch,Disposed,98709118751,TPLink,SF1005D,"1,500",2005-02-02,,,,MIS,LWR,,SDL,,,,,,,,,,,,,,,,,
BD-00186,11004000162,n/a,SDLL079E,Computer,Laptop,Assigned,2CE22600H7,HP,"Probook 4440s","61,000",2013-01-01,,,"Naznin Akhi","Industrial Engineering",LWR,SDL,SDL,nakhi,,,"Intel Core i5-3230M",2.5,500,,8192,,,,"WIN10 Pro",2021-08-18,,"WIN 7 Pro",2MW2X-3HMT9-KPMRP-WXWRM-RMFTQ,"New Bag delivery done today 25082025"
BD-00187,,,,Computer,Desktop,Disposed,"CG1206 00005",Clone,GA-G41M,"14,500",2010-05-03,,,,MIS,LWR,,SDL,,,Gigabyte,"Pentium® Dual Core",2.5,,500,4096,,,,"WIN7 Pro",,,None,,"Need to chk Processor"
BD-00188,,,,Display,Monitor,Assigned,ETC6616983SLO,BENQ,FP71G*,"6,400",2009-01-01,,,"Shajedul Hasan","Marketing & Merchandising",LWR,,SDL,shahasan,,,,,,,,,,,,,,,,
BD-00189,,,,UPS,UPS,Disposed,B03K160024063A6,"Rahim Afrooz",600VA,"2,800",2010-03-02,,,,MIS,LWR,,SDL,,,,,,,,,,,,,,,,,
BD-00190,," INV-GBPGL-2019-000407",SDLD161G,Computer,Desktop,Assigned,CZC7393QCT,Clone,H110M-CS,27500,2019-01-19,"Global Brand",SDL2000081,"Aminul Islam",Cutting,LWR,SDL,SDL,amislam,,"Asus H110M-CS","Intel Core i3",3.90,,1000,"8092 ",,,,"WIN11 Pro",2025-10-11,,"WIN Vista Buiness",D932G-XJDYH-F3CHW-9QTK6-28MV9,
BD-00191,,1,,Display,Monitor,"Need to Dispose",CNN8030388,HP," L1908W","8,600",2010-03-05,,,"TR Talent",HR,LWR,SIL,SDL,ttalent,,,,,,,,,,,,,,,,
BD-00192,,INV-GBPGL-2020-001364,SDLD011D,Computer,Desktop,Assigned,K7M0KC4258007JA,Clone,"Asus Prime H310M-ER2.0",40850,2020-06-06,"Global Brand",,"Mashruf Hossain",Cutting,LWR,SIL,SDL,mashossain,,Asus,"Intel Core i3 9100",3.6,,1024,8192,,,,"WIN10 Pro",2021-07-10,,"Win 10 Pro",JY7WG-N2MHV-QR6X9-KCYRG-722KG,
BD-00193,41004000025,,,Display,Monitor,Disposed,NE5UHMBB5019222L,Samsung,B1930,"8,500",2010-01-01,,,,MIS,LWR,,SDL,,,,,,,,,,,,,,,,,
BD-00194,,,SDLD062D,Computer,Desktop,Disposed,4XRVY1S,Dell,"Vostro 220","22,000",2010-06-07,,,,MIS,LWR,,SDL,,,,"Intel® Core ™ 2 Duo",2.66,,250,4096,,,,"WIN7 Pro",,,None,,"Need to chk Host name"
BD-00195,,1,,Display,Monitor,"Need to Dispose",96LMIZ017998,Asus,"VH192 19","8,600",2010-02-03,,,"TCQC SHANTA",Quality,LWR,SIL,SDL,tshanta,,,,,,,,,,,,,,,,
BD-00196,11004000187,n/a,,UPS,UPS,"Need to Dispose",E100523007,"Power Guard",PG-2000AOF,"4,800",2010-03-02,,,,MIS,LWR,SDL,SDL,,,,,,,,,,,,,,,,,
BD-00197,11004000162,n/a,SDLL081C,Computer,Laptop,Assigned,2CE2252DB2,HP,"Probook 4440s","61,000",2013-01-01,,,"Tariqul Islam",Compliance,LWR,SDL,SDL,tarislam,,,"Intel Core  i5",2.5,480,,8192,,,,"WIN10 Pro",,B-145,"WIN 7 Pro",H4Q3M-74P7D-3K24G-VMY36-P62N.,"Not available (OEM KEY)"
BD-00198,11004000206,n/a,SDLD060C,Computer,Desktop,Disposed,SGH9380SZ4,HP,"Compaq dx 2390 MT","25,000",2010-03-05,,,"Mahfuzur Rahman 3","Quality Assurance",LWR,SDL,SDL,marahman,,,"Intelï¿½ Core ï¿½ 2 Duo-E7400",2.8,,1024,4096,,,,"WIN10 Pro",,,None,,
BD-00199,,as,,Display,Monitor,Disposed,ETC661698ISLO,BENQ,FP71G*,"4,800",2011-03-02,,,"Mainul Islam",Cutting,SWR,SDL,SDL,maiiislam,,,,,,,,,,,,,,,,
BD-00200,,,,Computer,Desktop,Disposed,SGH804085B,HP,"Compaq DC5750 MT ","25,000",2010-03-05,,,"Ex.Abdur Razzak2",MIS,LWR,,SDL,,,,"AMD Dualcore",2.59,,250,"2048 ",,,,"WIN7 Pro",,,"WIN XP Pro",WPK8B-8VW37-R3YTK-M9BJ6-9D4MT,
BD-00201,,,,Display,Monitor,Disposed,ETC6616996SLO,BENQ,FP71G,"4,800",2011-03-02,,,,MIS,LWR,,SDL,,,,,,,,,,,,,,,,,"Monitor have power but no display."
BD-00202,,,SDLD036C,Computer,Desktop,Disposed,SGH804085G,HP,"Compaq DC5750 MT ","25,000",2010-03-05,,,,MIS,LWR,,SDL,,,,"AMD Dual Core",2.5,,160,2048,,,,"WIN7 Pro",,,"WIN XP Pro",DMWMD-GC2DC-W…G-VY32J-D3TJD,"OEM KEY Not available "
BD-00203,41004000025,n/a,,Display,Monitor,Assigned,NE5UHMCV701524D,"Samsung ","B1930N  19","8,500",2010-03-02,,,"Nushrat Yeasmin","Human Resource",LWR,SDL,SDL,nyeasmin,,,,,,,,,,,,,,,,
BD-00204,11004000187,,,UPS,UPS,Assigned,E110323359,"Power Guard","PG-1200 AOF","4,800",2010-03-02,,,"Mohidul Hasan",Store,LWR,,SDL,mohasan,,,,,,,,,,,,,,,,
BD-00205,21004000180,n/a,SDLL025F,Computer,Laptop,"Need to Dispose",CNU11636LR,HP,"Probook 4530s","51,000",2011-09-14,,,"Shovon Mazid","Qaulity Assurance",MWR,DBO,"CastleCrafts Limited",smazid,,,"Intel Core i3",2.10,480,,8192,,,,"WIN10 Pro",2020-09-08,B-010,None,,
BD-00206,,,SDLD397,Computer,Desktop,Disposed,CZC50111SN,HP,"Compaq dc 5000","25,000",2010-03-05,,,,MIS,LWR,,SDL,,,,"Intel Pentium 4",3,,80,2048,,,,"WIN7 Pro",,,None,,
BD-00207,,,,Display,Monitor,Disposed,CNC818Q716,HP,L1710,"5,500",2010-03-05,,,"Lasercut SDL2","Nike Promo",SWR,,SDL,lsdl2,,,,,,,,,,,,,,,,
BD-00208,,,"Ex. SDLD356",Computer,Desktop,Disposed,CZC53123YC,HP,"Compaq dc5100 5FF","14,500",2009-01-01,,,,MIS,LWR,,SDL,,,,"Intel Pentium 4",2.4,,40,512,,,,"WIN7 Pro",,,"WIN XP Pro",GMTD3-M6YXF-CFQQM-QG2F4-BKFX3,
BD-00209,,,,Display,Monitor,Disposed,CNT742050K,HP,L1706,"6,400",2009-01-01,,,,MIS,LWR,,SDL,,,,,,,,,,,,,,,,,
BD-00210,41004000033,n/a,,Computer,Laptop,Disposed,CNU2131CQG,HP,"ProBook 4530s","51,000",2012-04-02,,,"Mahabub Hossain",Sample,LWR,SIL,SDL,mahhossain,,,"Intel Core  i5",2.5,480,,8192,,,,"WIN10 Pro",2021-03-22,B-095,"WIN 7 Pro",BTRDW-DB2KV-YY3RB-DC3KQ-RDR9J,"Need to take Processor no"
BD-00211,,INV-GBPGL-2020-000551,SDLD043D,Computer,Desktop,Assigned,K7M0KC425847BA2,Clone,"H310M-E R2.0",40046,2020-01-22,"Global Brand",SDL2000180,"Abul Kalam",Quality,SWR,SDL,SDL,akalam,,Asus,"Intel Core i3 9100",3.6,,1024,"8192 ",,,,"WIN10 Pro",2020-01-26,,"Win 10 Pro",JRNJD-V8GWY-6DXRF-RJF7T-C9XTT,
BD-00212,,,,Display,Monitor,Assigned,CN0U5786418A68C7M,Dell,E169WC,"4,800",2010-06-07,,,"Ex. Miran Chandra ",MIS,LWR,,SDL,,,,,,,,,,,,,,,,,
BD-00213,,,,UPS,UPS,Disposed,433C00575,Vanstab,"Blazer 600","2,800",2009-01-01,,,,MIS,LWR,,SDL,,,,,,,,,,,,,,,,,
BD-00214,,INV-GBPGL-2020-002484,SDLD173D,Computer,Desktop,Assigned,L1M0KC0786744NH,Clone,"Asus H310M-E R2.0",40500,2010-06-20,"Global Brand",SDL2000151,"Asish Kumar",Store,LWR,SDL,SDL,askumar,,"Asus  Prime H310-ER2.0","Intel Core i3 9100",3.20,,1024,"8192 ",,,,"WIN 10 Pro",2020-07-06,,"Win 10 Pro",X3M3Q-N4WVY-883KB-XJBRY-7MH26,
BD-00215,,,,Display,Monitor,Disposed,DS000521007309,Philips,150B,"4,800",2009-02-04,,,"Mahmud Hasan",Lean,LWR,,SDL,mahmudhasan,,,,,,,,,,,,,,,,
BD-00216,,,,Scanner,Scanner,Disposed,CN7CKS10VBL2694A301,HP,"Scanjet G2410","4,800",2010-02-02,,,,MIS,LWR,,SDL,,,,,,,,,,,,,,,,,
BD-00217,,,SDLP009,Printer,Printer,Assigned,CNC2419352,HP,"Laser jet 2035n","17,000",2009-01-01,,,"Store all",store,LWR,,SDL,Common,,,,,,,,,,,,,,,,
BD-00218,,n/a,SDLD018B,Computer,Desktop,Assigned,B4M0AB853383,Clone,P8H61-MLX,"18,000",2013-07-08,,,"Abul Azad",Finishing,LWR,SDL,SDL,abazad,,Asus,"Intel Core i3",3.10,,500,"4096 ",,,,"WIN10 Pro",,,None,,
BD-00219,,,,Display,Monitor,Assigned,CNOU417N6418014R2YTS,Dell,E1910HC,"8,600",2010-06-07,,,"Sakhawat Hossain",store,SWR,,SDL,sahossain,,,,,,,,,,,,,,,,
BD-00220,,1,SDLD176B,Computer,Desktop,Assigned,,Clone,H110M-DS2V-CF,"22,700",2017-01-28,"Smart Jamuna/110568/3 yars wrnty",1100,"Moznu Mia",Store,LWR,SDL,SDL,mmia,,Gigabyte,"Intelï¿½ Coreï¿½ i3-6100",3.70,256,500,"8192 ",,,,"WIN11 Pro",2025-07-27,,"Win 10 Pro",QBHYR-MJN28-62TTG-636PV-PWF9F,"SSD Installation Date 27072025"
BD-00221,,,,Display,Monitor,Stock,CNC0439G3C,HP,LE1851W,"5,500",2010-03-05,,,,MIS,LWR,,SDL,,,,,,,,,,,,,,,,,"Monitor Screen problem need to dispose."
BD-00222,11004000187,n/a,,UPS,UPS,"Need to Dispose",E100829930,"Power Guard",PG-2000AOF,"4,800",2010-03-02,,,,MIS,LWR,SDL,SDL,,,,,,,,,,,,,,,,,
BD-00223,11004000123,n/a,SDLD003B,Computer,Desktop,Disposed,SGH040R8G0,HP,"Pro 3130 MT","33,000",2011-02-02,,,"Sakhawat Hossain",store,SWR,SDL,SDL,sahossain,,,"Intel Core i3",3.20,,320,"4096 ",,,,"WIN10 Pro",,,None,,
BD-00224,,N/A,,Display,Monitor,Disposed,CNC043P39D,HP,"HP 520","5,500",2011-02-02,,,"Helal Udden",Production,LWR,SDL,SDL,hudden,,,,,,,,,,,,,,,,
BD-00225,11004000124,n/a,SDLD302C,Computer,Desktop,Disposed,SGH040R8G3,HP,"Pro 3130 MT","33,000",2011-02-02,,,"Faisal Ahmed ","Store ",SWR,SIL,SDL,faahmed,,,"Intelï¿½ Coreï¿½ i3-540",3.07,,1024,8192,,,,"WIN10 Pro",2021-02-01,,None,,
BD-00226,,n/a,,Display,Monitor,"Need to Dispose",ETC6616984SLO,Benq,"Q7T4  17","5,500",2011-03-02,,,,MIS,SWR,SIL,SDL,,,,,,,,,,,,,,,,,
BD-00227,,,,UPS,UPS,Disposed,27443,Micro,1000VA,"4,800",2012-01-01,,,,MIS,LWR,,SDL,,,,,,,,,,,,,,,,,
BD-00228,,,SDLL018D,Computer,Laptop,Disposed,CND8370Y10,HP,"HP 520","22,000",2008-06-02,,,,MIS,SWR,,SDL,,,,"Intel® Core™ Duo-7200",2,,320,2048,,,,"WIN7 Pro",,,"WIN XP Pro",CKCV8-HVRJM-GCG7X-WF37R-8J9CT,
BD-00229,,n/a,SDLD199C,Computer,Desktop,Assigned,SN152160062463,Clone,GA-H81M-S2PV,"14,500",2015-06-05,,,"Jahirul Islam","Human Resource",LWR,SWL,SDL,jahirislam,,Gigabyte,"Intel Pentium R (2 cores)",3.20,,1024,8192,,,,"WIN10 Pro",2021-01-24,,"WIN XP Pro",WV7DV-FTCX2-QWX82-7MX9P-MM28Q,"Purchase from Smart tech on 5th July2015"
BD-00230,,1,,Display,Monitor,"Need to Dispose",CN0UU578641808A67KHM,Dell,E1609WC,"4,800",2010-06-07,,,"Ex. Islam Sharif",MIS,LWR,SDL,SDL,,,,,,,,,,,,,,,,,
BD-00231,11004000187,,,UPS,UPS,Disposed,E110831631,"Power Guard",PG-650AOF,"2,900",2010-03-02,,,"Zakir Hossain",store,LWR,,SDL,,,,,,,,,,,,,,,,,
BD-00232,,,,Network,Switch,Disposed,08993508670,TPLink,TLSF1005D,"1,500",2005-02-02,,,,MIS,LWR,,SDL,,,,,,,,,,,,,,,,,
BD-00233,,,,Network,Switch,Stock,QB201A5012117,D-Link,DES100BA,"15,000",2010-01-01,,,,MIS,LWR,,SDL,,,,,,,,,,,,,,,,,
BD-00234,,n/a,,Computer,Desktop,"Need to Dispose",97M0AC263433,Clone,P5KPL-AM,"14,500",2010-06-03,,,"Afzal Hossain2",Production,LWR,SIL,SDL,afzhossain,,Asus,"Intelï¿½ Core ï¿½ 2 Duo-4600",2.4,,320,4096,,,,"WIN10 Pro",2020-12-27,,None,,
BD-00235,41004000025,,,Display,Monitor,Disposed,MO15HMETC10065M,Samsung,152S,"8,500",2010-01-01,,,,MIS,LWR,,SDL,,,,,,,,,,,,,,,,,
BD-00236,,1,,UPS,UPS,"Need to Dispose",2MIFRQ1,Micro,UVS1000VA,"4,800",2012-01-01,,,rabislam,IE,LWR,SDL,SDL,rabislam,,,,,,,,,,,,,,,,"Checked by NPS  Declared unrepairable"
BD-00237,,,,Printer,Printer,Disposed,CN056CV1G3,HP,"Deskjet T1660","3,000",2010-01-01,,,,MIS,LWR,,SDL,,,,,,,,,,,,,,,,,
BD-00238,,INV-GBPGL-2020-002484,SDLD113D,Computer,Desktop,Assigned,K7M0KC425939C7N,Clone,"Asus H310M-E R2.0",40500,2020-06-06,"Global Brand",SDL2000151,"SDL Swatch Cut area",Operation,LWR,SDL,SDL,"swatch cut area",,"Asus  Prime H310-ER2.0","Intel Core i3 9100",3.20,256,,"8192 ",,,40500,"WIN 10 Pro",2021-09-23,,"Win 10 Pro",BVGDB-NHB6Q-GJY3P-C3PM9-Y7V26,
BD-00239,,,,Display,Monitor,Assigned,CNOUU578641808AD3KSM,Dell,E1600WC,"4,800",2010-06-07,,,"Mahfuzur Rahman2",HR,LWR,,SDL,mahrahman2,,,,,,,,,,,,,,,,
BD-00240,,,"Ex. SDLD336",Computer,Desktop,Disposed,BTGC61900RWZ,Intel,Pentium-D,"14,000",2004-01-01,,,,MIS,LWR,,SDL,,,,,,,,,,,,,,,,,
BD-00241,41004000025,,,Display,Monitor,Disposed,NE5UHMCB800255X,Samsung,B1930,"8,500",2010-03-02,,,"Using for cctv monitoring",MIS,LWR,,SDL,Security,,,,,,,,,,,,,,,,
BD-00242,,n/a,SDLD489,Computer,Desktop,Assigned,192260043570,Clone,GA-H61M-DS2,"14,500",2013-07-06,,,"Ismail Hossain",Production,LWR,SDL,SDL,ishossain,,,"Intel Pentium R (2 cores)",2.70,,500,8192,,,,"WIN10 Pro",,,None,,"Motherboard replaced at 14th October 2019 bought from Khan Brothers"
BD-00243,,,,Display,Monitor,Assigned,96LM1Z048585,Asus,"VH192 19""","8,600",2010-02-03,,,"Shajahan Sarker",HR,LWR,,SDL,ssarker,,,,,,,,,,,,,,,,
BD-00244,,n/a,,Computer,Speaker,Disposed,,Creative,SBS240,"2,500",2007-01-01,,,,MIS,LWR,SDL,SDL,,,,,,,,,,,,,,,,,
BD-00245,,n/a,,UPS,UPS,"Need to Dispose",150009,Micro,UV5650,"2,800",2012-01-01,,,"Ex.Rozina Akter",MIS,LWR,SDL,SDL,,,,,,,,,,,,,,,,,
BD-00246,,na,SDLD476,Computer,Desktop,"Need to Dispose",MF70B5G10500764,Clone,P8H61-MLX,"18,000",2013-07-06,,,"Ariful Islam",Finishing,LWR,SDL,SDL,aislam,,Asus,"Intel Core i3",3.10,,500,"4096 ",,,,"WIN10 Pro",,,None,,
BD-00247,,,,Display,Monitor,Disposed,CNOU417N6418014R0EDS,Dell,E1910HC,"8,600",2010-06-07,,,"EX.(Shaifuddin Khaled (Sumon))",MIS,LWR,,SDL,,,,,,,,,,,,,,,,,"Display panel problem."
BD-00248,11004000187,,,UPS,UPS,Assigned,E110322909,"Power Guard",600VA,"2,800",2010-03-02,,,"Abu Obayda",Cutting,LWR,,SDL,aobayda,,,,,,,,,,,,,,,,
BD-00249,,n/a,SDLD510,Computer,Desktop,Assigned,H8M0AB001486,Clone,H110M-E,"25,600",2018-04-28,"Global Brand/ INV-GBPGL-2018-002974/ 3 years warranty",SDL00024,"Khadiza Khatun","Human Resource",LWR,SDL,SDL,kkhatun,90MB0RK0-M0UAY0,ASUS,"Intel Core i3 7100",3.90,256,,"8192 ",,,,"Win 10 Pro",2023-01-31,,None,,
BD-00250,,n/a,,Display,Monitor,Assigned,CN0J672H641809AU3BLL,Dell,E1709WC,"5,500",2010-06-07,,,"Mizanur Rahman",Production,LWR,SDL,SDL,mizarahman,,,,,,,,,,,,,,,,
BD-00251,11004000187,n/a,,UPS,UPS,Disposed,E110831630,"Power Guard",600VA,"2,800",2010-03-02,,," Ex Magrob ali",IE,LWR,SDL,SDL,,,,,,,,,,,,,,,,,"Need to service this ups."
BD-00252,,,,Printer,Printer,Stock,CNC1D29079,HP,"Laserjet 1160","11,000",2009-01-01,,,,MIS,LWR,,SDL,,,,,,,,,,,,,,,,,
BD-00253,,,,Computer,Desktop,Disposed,1021080004,MSI,MS-7309,"14,000",2008-01-01,,,,MIS,LWR,,SDL,,,,,,,,,,,,,,,,,
BD-00254,,,,Display,"CRT Monitor",Disposed,WE000545401531,Philips,105G7,"5,500",2005-01-01,,,,MIS,LWR,,SDL,,,,,,,,,,,,,,,,,
BD-00255,,n/a,SDLD233,Computer,Desktop,Assigned,J9M0KC440480,Clone,H310M-ER2.0,"40,000",2019-06-12,"Global Brand/INV-GBPGL-2019-003503",SDL2000127,"Rathindraw Biswas\Naeem Hasan",HR,LWR,SDL,SDL,"rabiswas\nhasan",,,"Intel Corei3",3.60,,1024,"8092 ",,,,"WIN11 Pro",2025-01-27,,None,,
BD-00256,,1,,Display,Monitor,Assigned,NE5UHMCB403634Y,Samsung,B1930,"8,500",2010-03-02,Rayans,N/A,"Arafath Shuvo2",Prodcution,SWR,SDL,SDL,arshuvo,,,,,,,,,,,,,,,,
BD-00257,,,"Ex. SDLD064B",Computer,Desktop,Disposed,BTGC60665957,Clone,AWRDACPI,"14,000",2008-01-01,,,,MIS,LWR,,SDL,,,,"Intel Pentium 4",3.00,,250,"1024 ",,,,"WIN7 Pro",,,None,,
BD-00258,,,,Display,Monitor,Assigned,CN0U417N6418014R2V55,Dell,E1910HC,"8,600",2010-02-04,,,"Sahida Akter",Finishing,LWR,,SDL,sakter,,,,,,,,,,,,,,,,
BD-00259,11004000187,n/a,,UPS,UPS,"Need to Dispose",E110801860,"Power Guard",PG-2000AOF,"4,800",2010-03-02,,,,MIs,LWR,SDL,SDL,,,,,,,,,,,,,,,,,
BD-00260,,n/a,,UPS,UPS,"Need to Dispose",2N08C00442,Socomec,NET0600-PE,"2,800",2011-03-04,,,"Jannatul Ferdous",PCC,SWR,SDL,SDL,jferdous,,,,,,,,,,,,,,,,
BD-00261,,,,Printer,Printer,Assigned,VNF3H10616,HP,"Laserjet P1005","8,500",2009-01-01,,,"Raju Mia",HR,LWR,,SDL,ramia,,,,,,,,,,,,,,,,
BD-00262,,,,Computer,Desktop,Transferred,8PFL425,Dell,Optiplex-380,"45,000",2010-02-04,,,,,SWR,,CAM,,,,"Intel Core 2Duo",2.93,,500,"2048 ",,,,"WIN7 Pro",,,None,,
BD-00263,,,,Display,Monitor,Disposed,V202903,IBM,E54,"6,400",2009-01-01,,,,MIS,LWR,,SDL,,,,,,,,,,,,,,,,,
BD-00264,,,,UPS,UPS,Assigned,14978,Micro,1000VA,"4,800",2012-01-01,,,"Ahiduz Zaman",Quality,LWR,,SDL,azaman,,,,,,,,,,,,,,,,
BD-00265,,n/a,SDLD195E,Computer,Desktop,Assigned,,Clone,H110M-E,"25,000",2011-02-02,"Global Brand ",,"TCQC Anwar",Quality,LWR,SDL,SDL,tshantadenims,,,"Intel Core i3",3.90,,1024,8GB,,,,"WIN10 Pro",2021-08-21,,None,,"CPU configuration updated in 20th January,2019"
BD-00266,,,,Display,Monitor,Disposed,ETC6617004SL0,BENQ,FP71GX,"4,800",2009-02-03,,,"Abdur Razzak2",Embroidery,LWR,SDL,SDL,abrazzak,,,,,,,,,,,,,,,,
BD-00267,,,,Printer,Printer,"Need to dispose",CNC1F29017,HP,"Laserjet 1160","11,000",2009-01-01,,,"Ex. Mahfuz Rana",MIS,LWR,,SDL,marana,,,,,,,,,,,,,,,,
BD-00268,,n/a,SDLD277C,Computer,Desktop,Assigned,C6N0AB247645,Clone,P8H61-MLX,"14,500",2013-07-06,,,"Sarwar Jahan",Sample,LWR,SWL,SDL,sjahan,,Asus,"Intel Pentium R (2 cores)",2.60,,500,8192,,,,"WIN10 Pro",,,None,,
BD-00269,,,,Display,Monitor,Disposed,ETC6617027SLO,BENQ,FP71G,"4,800",2009-02-03,,,"Using for cctv monitoring",MIS,LWR,,SDL,Security,,,,,,,,,,,,,,,,
BD-00270,,,,Computer,Desktop,Disposed,SGH8520KSM,HP,"DX7400 MT","22,000",2010-01-01,,,,MIS,LWR,,SDL,,,,"Intel Core 2Duo",2.53,,160,"1024 ",,,,"WIN7 Pro",,,None,,
BD-00271,,,,Display,Monitor,Disposed,ETC6617026SLO,BENQ,FP71G,"6,400",2009-01-01,,,,MIS,LWR,,SDL,,,,,,,,,,,,,,,,,
BD-00272,11004000187,,,UPS,UPS,Assigned,E0806061218,"Power Guard",PG-2000AOF,"4,800",2010-03-02,,,"Shariful Islam2",PCC,LWR,,SDL,sharislam,,,,,,,,,,,,,,,,
BD-00273,,,,Computer,Desktop,Disposed,4147850272,Dell,"Vostro 220","22,000",2010-02-02,,,,MIS,LWR,,SDL,,,,"Intel Core 2Duo",2.66,,500,"2048 ",,,,"WIN7 Pro",,,None,,
BD-00274,,,,Display,Monitor,Stock,CN0UU578641808AD0Z7M,Dell,E1609WC,"4,800",2010-02-02,,,,MIS,LWR,,SDL,,,,,,,,,,,,,,,,,
BD-00275,,,,Printer,"Barcode Printer",Assigned,A009411009-AP54,"Avery Dennison","AP 5.4","50,000",2010-01-01,,,"Saiful Alam","Marketing & Merchandising",SWR,,SDL,salam,,,,,,,,,,,,,,,,
BD-00276,11004000125,1,SDLD006C,Computer,Desktop,"Need to Dispose",SGH106PBSS,HP,"Pro 3130 MT","33,000",2011-02-02,,,"Shahin Alam2",Prodcution,LWR,SDL,SDL,shaalam,,,"Intel Core i3",3.20,,320,"4096 ",,,,"WIN10 Pro",,,None,,
BD-00277,,,,Display,Monitor,Assigned,CNC045Q3JJ,HP,LE1851W,"5,500",2011-02-02,,,"Md Alamin",CQA,SWR,,SDL,malamin,,,,,,,,,,,,,,,,
BD-00278,,,,UPS,UPS,Disposed,200226,Vanstab,500VA,"2,800",2009-01-01,,,,MIS,LWR,,SDL,,,,,,,,,,,,,,,,,
BD-00279,,,SDLD025K,Computer,Desktop,Disposed,BTIS647001YZAAD66165,Clone,D946GZI5,"24,000",2003-01-01,,,"Baidyanath Saha",CQA,LWR,,SDL,bsaha,,,"Intel Pentium D",3.00,,160,"4096 ",,,,"WIN10 Pro",,,"WIN XP Pro",WB6WF-D493J-3079T-XH38B-43WDQ,
BD-00280,,,,Display,Monitor,Assigned," 012PMAN024152",LG,E1940,"8,600",2010-03-02,,,"Baidyanath Saha",CQA,LWR,,SDL,bsaha,,,,,,,,,,,,,,,,
BD-00281,11004000163,n/a,SDLL096C,Computer,Laptop,Assigned,2CE2251S8X,HP,"Probook 4440s","61,000",2013-01-01,,,"Rezaul Karim",Sample,LWR,SDL,SDL,rekarim,,,"Intelï¿½ Core ï¿½ i5 ",2.5,480,,8192,,,,"WIN10 Pro",,B-062,"Win 10 Pro",H4BWG-6CMG7-99F7D-9RCVK-KXQYF,
BD-00282,,,"Ex. SDLD341A",Computer,Desktop,Disposed,1G523503021,Clone,G31MES2C,"14,000",2008-01-01,,,,MIS,LWR,,SDL,,,Gigabyte,"Intel Pentium 4",3.00,,40,"2048 ",,,,"WIN7 Pro",,,None,,
BD-00283,,1,,Display,Monitor,"Need to Dispose",961M12049533,Asus,"VH192 19","8,600",2010-02-03,,,"Asadul Haque",Quality,LWR,SDL,SDL,ashaque,,,,,,,,,,,,,,,,
BD-00284,41004000031,n/a,DBOL056,Computer,Laptop,Disposed,CNU1152NT6,"HP ","Probook 4530s","51,000",2011-09-14,"Computer Source",,"Masum Anwar",Planning,LWR,SDL,SDL,manwar,,,"Intel Core i3",2.10,480,,8192,,,,"WIN10 Pro",2021-02-27,Yes,"WIN 7 Pro",74HJ6-YQWHF-QGVF7-R7KYK-2HGWX,
BD-00285,,n/a,SDLD017C,Computer,Desktop,Assigned,B4M0AB853317,Clone,P8H61-MLX,"18,000",2013-07-08,,,"Md Azad",Production,LWR,SDL,SDL,mazad,,Asus,"Intel Core i3",3.10,,500,"8092 ",,,,"WIN10 Pro",,,None,,
BD-00286,,,,Display,Monitor,Assigned,CN0U417N6418014R2905,Dell,E1910HC,"8,600",2010-02-04,,,"Shefat Jahan",HR,LWR,,SDL,shjahan,,,,,,,,,,,,,,,,
BD-00287,,1,,UPS,UPS,"Need to Dispose",B04K200084136A6,"Rahim Afrooz",600VA,"2,800",2010-03-02,,,"Lutfor Rahman2",Cutting,LWR,SDL,SDL,lurahman,,,,,,,,,,,,,,,,
BD-00288,,,"Ex. SDLD035A",Computer,Desktop,Disposed,BTGC61900S9U,Intel,D11020M,"14,000",2005-01-01,,,,MIS,LWR,,SDL,,,,,,,,,,,,,,,,,
BD-00289,,,,Display,Monitor,Assigned,71704688440,Acer,L1717,"4,800",2010-02-03,,,"Sahin Mahmud",Finishing,LWR,SDL,SDL,smahmud,,,,,,,,,,,,,,,,
BD-00290,,,,Printer,Printer,Disposed,CN22M21HCZ,HP,"Desk Jet 1000","3,000",2010-01-01,,,,MIS,LWR,SDL,SDL,,,,,,,,,,,,,,,,,
BD-00291,,,SDLL004C,Computer,Laptop,Disposed,CNU8363WVP,Hp,"Compaq 2230s","22,000",2008-06-02,,,,MIS,LWR,SDL,SDL,,,,"Intel Core 2Duo",1.80,,500,"4096 ",,,,"WIN7 Pro",,,"WIN Vista Buiness",D8GV2-W79BH-RV46C-BG9C9-JFP3Q,
BD-00292,,,,Computer,Desktop,"Need to dispose",SGH8040859,HP,"Compaq DC5750 MT ","25,000",2011-02-02,,,,MIS,SWR,SDL,SDL,,,,"Intel Duel core",2.59,,250,"2048 ",,,,"WIN10 Pro",,,"WIN XP Pro","OEM serial number got ereased",TCMD056
BD-00293,,,,Display,Monitor,Assigned,CNN8038K,HP,L1908W,"8,600",2011-02-02,,,"Imran Hossain(QMAT)",LAB,SWR,,SDL,imhossain,,,,,,,,,,,,,,,,
BD-00294,21004000155,n/a,SDLD234F,Computer,Desktop,Disposed,CZC8451BFY,HP,"DX7400 MT","25,000",2011-02-02,,,"Mainul Islam",Cutting,SWR,SDL,SDL,maiiislam,,,"Intel Core 2Duo",2.53,,320,"4096 ",,,,"WIN10 Pro",2020-02-02,,"WIN Vista Buiness",WXHM8-BX4K6-4M2M8-QYRKW-VGTM4,
BD-00295,,,,Display,Monitor,Assigned,NE5UHMCB80033N,Samsung,B1930,"8,500",2010-03-02,,,"Ramzan Ali",Cutting,LWR,,SDL,ramali,,,,,,,,,,,,,,,,
BD-00296,,,,Display,"CRT Monitor",Disposed,CN337XB357,HP,5500,"5,500",2004-01-01,,,,MIS,LWR,,SDL,,,,,,,,,,,,,,,,,
BD-00297,,n/a,SDLD587B,Computer,Desktop,Assigned,J6M0CS037719,Asus,H310M-K,"28,110",2019-03-27,"Global Brand/ INV-GBPGL-2019-001934/ 3 yr wrenty",SIL0000075,"Mohammad Alamgir",Sample,LWR,SIL,SDL,malamgir,,,"Core i3-8100",3.6,256,,8196,,,,"WIN11 Pro",2025-08-06,,"WIN 11 Pro",VR6Y4-YPTR2-8XJ89-9P74G-DWFPT,
BD-00298,,n/a,,Computer,Desktop,Disposed,K1108A110Z140,Fujitsu,M14W-D2840,"27,000",2009-02-04,,,"Lasercut SDL2","Nike Promo",SWR,SDL,SDL,lsdl2,,,"Intel Core 2Duo",2.93,,250,"2048 ",,,,"WIN7 Pro",,,"WIN Vista Buiness",JYWAV-3JV4D-HV2GR-Y34GT-8MK92,
BD-00299,,n/a,,UPS,UPS,Disposed,1500712,Micro,UVS650,"2,800",2012-01-01,,,"Tahira Akhter",HR,LWR,SDL,SDL,takther,,,,,,,,,,,,,,,,
BD-00300,,,,UPS,UPS,"Need to dispose",92272,Micro,UVS650,"2,800",2011-01-01,,,"Ex.Md Alamin",MIS,LWR,,SDL,,,,,,,,,,,,,,,,,
BD-00301,,,DEWBDSDLA01,Network,"Access Point",Assigned,FGL1552V0RQ,Cisco,AIR-AP1131G,"35,000",2010-01-01,,,,PCC,LWR,,SDL,"Inside PCC Room - SDL",,,,,,,,,10.140.25.1,,,,,,,
BD-00302,,,,Network,"Access Point",Disposed,1C436C5NO160B,Netgear,WG602,"6,000",2009-01-01,,,,MIS,LWR,,SDL,,,,,,,,,,,,,,,,,
BD-00303,11004000187,,,UPS,UPS,Disposed,E110831596,"Power Guard",PG-650AOF,"2,900",2010-03-02,,,,MIS,LWR,,SDL,,,,,,,,,,,,,,,,,
BD-00304,,,,Network,Switch,Stock,FOC1605X5PE,Cisco,"Catalyst 2960 series","90,000",2010-01-01,,,,MIS,LWR,,SDL,,,,,,,,,,,,,,,,,
BD-00305,,,,"Network Accessories","Media Converter",Assigned,1110243868,D-Link,"1000M, 2.5 KM","1,200",2010-04-04,,,"Using for Backup Line",MIS,LWR,,SDL,System,,,,,,,,,,,,,,,,
BD-00306,,,,"Network Accessories","Media Converter",Disposed,201010250097,D-Link,100-FX,"1,200",2009-01-01,,,,MIS,LWR,,SDL,,,,,,,,,,,,,,,,,
BD-00307,,,,"Network Accessories","Media Converter",Disposed,1110243866,D-Link,1556,"1,200",2009-01-01,,,,MIS,LWR,,SDL,,,,,,,,,,,,,,,,,
BD-00308,,,,Network,Switch,Disposed,16T25C3500350,Netgear,JFS524,"1,500",2005-02-02,,,,MIS,LWR,,SDL,,,,,,,,,,,,,,,,,
BD-00309,,,,UPS,UPS,Disposed,14669,Micro,UV6650,"2,800",2011-01-01,,,,MIS,LWR,,SDL,,,,,,,,,,,,,,,,,
BD-00310,,,,Scanner,Scanner,"Need to dispose",CN6AJA24HZ,HP,ScanJet-63010,"4,800",2010-02-02,,,MIS,MIS,LWR,,SDL,,,,,,,,,,,,,,,,,
BD-00311,,,,UPS,UPS,Disposed,27727,Micro,UVS-1000,"4,800",2010-01-01,,,,MIS,SWR,,SDL,,,,,,,,,,,,,,,,,
BD-00312,,,,"Network Accessories","Media converter",Disposed,1110243886,D-Link,131MM,"1,200",2009-01-01,,,,MIS,LWR,,SDL,,,,,,,,,,,,,,,,,
BD-00313,,,,"Network Accessories","Media Converter",Disposed,20101008008,D-Link,110S/D,"1,200",2010-04-04,,,,MIS,LWR,,SDL,,,,,,,,,,,,,,,,,
BD-00314,11004000116,n/a,DEWBDSDLS60,Network,Switch,Disposed,ACA0161E5172,Linksys,SRW248G4,"12,000",2013-06-14,,,"SIL CAD Rack",MIS,LWR,SIL,SDL,MIS,,,,,,,,,,,,,,,,
BD-00315,,,,Network,Switch,Disposed,0013467CE880BF,D-Link,DES-3828P,"4,000",2009-01-01,,,,MIS,LWR,,SDL,,,,,,,,,,,,,,,,,
BD-00316,,,DEWBDSDLS10,Network,Switch,Assigned,FOC1530X5CY,Cisco,"Catalyst 2960 series","90,000",2010-01-01,,,"SDL West Side RAK",MIS,LWR,,SDL,System,,,,,,,,,10.140.2.10,,,,,,,
BD-00317,,,,"Network Accessories","Media Converter",Disposed,201010060293,D-Link,110S/A,"1,200",2009-01-01,,,,MIS,LWR,,SDL,,,,,,,,,,,,,,,,,
BD-00318,,,,"Network Accessories","Media Converter",Disposed,5010156,D-Link,HTBA10C,"1,200",2010-04-04,,,,MIS,LWR,,SDL,,,,,,,,,,,,,,,,,
BD-00319,,,,Network,Switch,Assigned,FSC913CCB069155,Netgear,FS608,"1,500",2005-02-02,,,"Assigned to AKH ",MIS,LWR,,AKH,,,,,,,,,,,,,,,,,
BD-00320,,,,Network,Switch,Stock,1GN18B3J03CE6,Netgear,FS608,"1,500",2005-02-02,,,"SIL Server room",MIS,LWR,,SDL,,,,,,,,,,,,,,,,,
BD-00321,11004000187,,,UPS,UPS,Disposed,E100829969,"Power Guard",PG-2000AOF,"4,800",2010-03-02,,,,MIS,LWR,,SDL,,,,,,,,,,,,,,,,,
BD-00322,,,DEWBDSDLS02,Network,Switch,Assigned,FOC1544X1JL,Cisco,"Catalyst 2960 series","90,000",2010-01-01,,,"SDL Server room Rack2",MIS,LWR,,SDL,System,,,,,,,,,10.140.2.2,,,,,,,
BD-00323,,,DEWBDSDLS05,Network,Switch,Assigned,0021918D3305,D-Link,DES-2038,"19,000",2009-08-02,,,"SDL Server room Rack2",MIS,LWR,,SDL,System,,,,,,,,,10.140.2.5,,,,,,,
BD-00324,11004000185,n/a,DEWBDSDLS03,Network,Switch,Disposed,RJT10K600036,Linksys,SRW2048,"28,000",2010-05-02,,,"SDL Server room Rack2",MIS,LWR,SDL,SDL,System,,,,,,,,,10.140.2.3,,,,,,,
BD-00325,,,,Network,Router,Transferred,FHK093531G1,Cisco,"1800 Series","6,000",2010-01-01,,,,MIS,LWR,,SDL,,,,,,,,,,,,,,,,,"Trade-In with Di-data"
BD-00326,,,,"Network Accessories","Media Converter",Disposed,201010250089,D-Link,110S,"1,200",2010-04-04,,,,MIS,LWR,,SDL,,,,,,,,,,,,,,,,,
BD-00327,,,DEWBDSDLS01,Network,Switch,Assigned,FOC1506W214,Cisco,"Catalyst 2960 series","90,000",2010-01-01,,,"SDL server room rack1",MIS,LWR,,SDL,System,,,,,,,,,10.140.2.1,,,,,,,
BD-00328,,,,Network,Router,Transferred,FHK10235291,Cisco,"1800 Series","6,000",2010-01-01,,,,MIS,LWR,,SDL,,,,,,,,,,,,,,,,,"Trade-In with Di-data"
BD-00329,,,,Display,"KVM Switch",Assigned,100054920,Avocent,DSR-2035,"46,000",2006-01-01,,,"SDL Server room Rack2",MIS,LWR,,SDL,System,,,,,,,,,,,,,,,,
BD-00330,,,,Network,Router,Stock,JMX1314L1DU,Cisco,5510,"33,000",2010-01-01,,,,MIS,LWR,,SDL,,,,,,,,,,,,,,,,,
BD-00331,,,,Network,Router,Disposed,A05230391F,TechnoAS,Tenor,"5,000",2010-01-01,,,,MIS,LWR,,SDL,,,,,,,,,,,,,,,,,
BD-00332,,,,Display,"KVM Switch",Disposed,8081200147,,KVM0931,"5,000",2009-01-01,,,,MIS,LWR,,SDL,MIS,,,,,,,,,,,,,,,,
BD-00333,,,,Network,Switch,Disposed,FOC1242U3HM,Cisco,"500 Catalog","15,000",2009-01-01,,,,MIS,LWR,,SDL,,,,,,,,,,,,,,,,,
BD-00335,,,,Network,Switch,Disposed,1GN1893005FFF,Netgear,FS608,"1,500",2005-02-02,,,,MIS,LWR,,SDL,,,,,,,,,,,,,,,,,
BD-00336,,,,UPS,UPS,Disposed,27378,"Micro ",UVS-1000VA,"4,800",2012-01-01,,,,MIS,LWR,,SDL,,,,,,,,,,,,,,,,,
BD-00337,,,,"Network Accessories","Media converter",Stock,1110244186,D-Link,1550MM,"1,200",2009-01-01,,,"SIL Server room",MIS,LWR,,SDL,,,,,,,,,,,,,,,,,
BD-00338,,,,"Network Accessories","Media converter",Assigned,201202150052,D-Link,1105/A,"1,200",2009-01-01,,,"SIL CAD RACK",MIS,LWR,,SDL,MIS,,,,,,,,,,,,,,,,
BD-00339,,,,Network,Switch,Disposed,0100LV5G250061167,3Com,361-6471,"11,000",1998-07-01,,,,MIS,LWR,,SDL,,,,,,,,,,,,,,,,,
BD-00340,,,,Network,Switch,Disposed,0101LV5G390155550,3Com,361-6471,"11,000",1998-07-01,,,,MIS,LWR,,SDL,,,,,,,,,,,,,,,,,
BD-00341,,,DEWBDSDLS07,Network,Switch,Assigned,FOC1544X1JY,Cisco,"Catalyst 2960 series","90,000",2010-01-01,,,"SDL MIS Room Rack",MIS,LWR,SDL,SDL,MIS,,,,,,,,,10.140.2.40,,,,,,,
BD-00342,,,,Network,Switch,Assigned,1GN19933079E,Netgear,FS608,"1,500",2005-02-02,,,"SIL Server room",MIS,LWR,,SDL,MIS,,,,,,,,,,,,,,,,
BD-00343,,,,Network,Switch,Disposed,CD121294,Surecom,EP80850,"4,000",2009-01-01,,,,MIS,LWR,,SDL,,,,,,,,,,,,,,,,,
BD-00344,,,DEWBDSDLA02,Network,"Access Point",Assigned,FGL1552V0RP,Cisco,AIR-AP1131G,"35,000",2010-01-01,,,,MIS,LWR,"Beside Board Room",SDL,System,,,,,,,,,10.140.25.2,,,,,,,
BD-00345,,,,CCTV,"CCTV DVR",Disposed,CCTVP0139,Asus,CCTVPR016,"15,000",2007-01-01,,,,MIS,LWR,,SDL,,,,,,,,,,,,,,,,,
BD-00346,,,,UPS,UPS,Assigned,B03J430005763A6,"Rahim Afrooz",600VA,"2,800",2010-03-02,,,"Mostafizur Rahman",Cutting,LWR,,SDL,mosrahman,,,,,,,,,,,,,,,,
BD-00347,,,,Network,Switch,Assigned,1GN18B3E03CE2,Netgear,FS608,"1,500",2005-02-02,,,"SDL Server room",MIS,LWR,,SDL,System,,,,,,,,,,,,,,,,
BD-00348,,,,Network,Switch,Assigned,FS6913ACB039353,Netgear,FS608,"1,500",2005-02-02,,,"Nuruddin Almashud",HR,LWR,"SIL Gate1",SDL,nalmashud,,,,,,,,,,,,,,,,
BD-00349,,,DEWBDSDLS204,Network,Switch,Assigned,FOC1545808L,Cisco,"Catalyst 2960 series","90,000",2010-01-01,,,"SIL Server room",MIS,LWR,,SDL,MIS,,,,,,,,,10.140.2.204,,,,,,10.140.2.20,
BD-00350,,,,Network,Switch,Disposed,01017ZNV160DD18,3Com,3300,"11,000",1998-07-01,,,,MIS,LWR,,SDL,,,,,,,,,,,,,,,,,
BD-00351,,,,Network,Switch,Disposed," 04027MMV8777518",3Com,"4400 SE 24 PT ","11,000",2015-05-20,,,,MIS,LWR,,SDL,,,,,,,,,,,,,,,,,
BD-00352,,,,Network,Switch,Disposed,LSDV59D725420,3Com,"4400 SE 24 PT","11,000",2005-05-20,,,,MIS,LWR,,SDL,,,,,,,,,,,,,,,,,
BD-00353,,,,Network,Switch,Assigned,F3S319A000339,D-Link,DES-1026G,"19,000",2009-01-01,,,"SIL Server room",MIS,LWR,,SDL,MIS,,,,,,,,,,,,,,,,
BD-00354,,,DEWBDAKHR01,Network,Router,Stock,FHK09501369,Cisco,1801,"6,000",2010-01-01,,,,MIS,LWR,,SDL,System,,,,,,,,,,,,,,,,"AKH Network RACK"
BD-00355,,,,Network,"Wave device",Assigned,2UA2070512,Cisco,Wave-477,"80,000",2010-01-01,,,"SIL Server room",MIS,LWR,,SDL,MIS,,,,,,,,,,,,,,,,
BD-00356,,,,UPS,UPS,Assigned,JS0720010668,Apc,3000XL,"100,000",2009-06-02,,,"SIL Server room",MIS,LWR,,SDL,MIS,,,,,,,,,,,,,,,,
BD-00357,11004000159,,SDLD266A,Computer,Desktop,Disposed,97PBAW003470,Asus,V6-P5G41H,"14,000",2010-02-03,,,,MIS,LWR,,SDL,,,Asus,"Intel® Core ™ 2 Duo-E7500",2.93,,250,2048,,,,"WIN7 Pro",,,None,,
BD-00358,,,,Display,"CRT Monitor",Disposed,CN329XW652,HP,5500,"5,500",2004-01-01,,,,MIS,LWR,,SDL,,,,,,,,,,,,,,,,,
BD-00359,,,,Printer,Printer,Disposed,KLHA066741,Canon,"Laser LBP-1210","85,000",2010-01-01,,,,MIS,LWR,,SDL,,,,,,,,,,,,,,,,,
BD-00360,,,SDLP023,Printer,Printer,Assigned,CNBN4B0GG7,HP,"Laserjet 4250n","30,000",2010-01-01,,,"Cutting Common",Cutting,LWR,,SDL,"Cutting Common",,,,,,,,,,,,,,,,SDLP017
BD-00361,,,,Printer,Printer,Disposed,VNRJ79F03M,HP,"Laser Jet  1022n","85,000",2008-01-01,,,,MIS,LWR,,SDL,,,,,,,,,,,,,,,,,
BD-00362,,,,Printer,Printer,Assigned,91866114,Datamax,"Bar-Code DMX-M-4206","200,000",2009-02-02,,,"Store loading area1","Store ",LWR,,SDL,"Store loading area1",,,,,,,,,,,,,,,,
BD-00363,,,,"Network Accessories","Media Converter",Disposed,200906200225,D-Link,110S/B,"1,200",2009-01-01,,,,MIS,LWR,,SDL,,,,,,,,,,,,,,,,,
BD-00364,,,,"Network Accessories","Media Converter",Disposed,S2KN/0020082602,Netlink,HTB-1100S,"1,200",2009-01-01,,,,MIS,LWR,,SDL,,,,,,,,,,,,,,,,,
BD-00365,,,,"Network Accessories","Media Converter",Disposed,070800243,D-Link,HTB-1100S,"1,200",2009-01-01,,,,MIS,LWR,,SDL,,,,,,,,,,,,,,,,,
BD-00366,,,,"Network Accessories","Media Converter",Disposed,260806200210,D-Link,HTB-1100S,"1,200",2009-01-01,,,,MIS,LWR,,SDL,,,,,,,,,,,,,,,,,
BD-00367,,,,"Network Accessories","Media Converter",Disposed,SZKN0020082375,Netlink,HTB-WS01,"1,200",2009-01-01,,,,MIS,LWR,,SDL,,,,,,,,,,,,,,,,,
BD-00368,,,SDLUPS3,UPS,UPS,Disposed,P104132001,Socomec,MAS2BC110S+A1,"650,000",2009-05-05,,,SDLUPS3,MIS,LWR,,SDL,System,,,,,,,,,10.140.12.3,,,,,,,
BD-00369,,,,Backup,"Tape Drive",Assigned,HU10817J41,HP,Ultrium-960,"42,000",2010-01-01,,,"SDL server rack3",MIS,LWR,,SDL,System,,,,,,,,,,,,,,,,
BD-00370,,,DEWBDSDLS50,Network,Switch,Assigned,FOC1605Y0JS,Cisco,"Catalyst 2960 series","90,000",2010-01-01,,,"SDL Ground floor rack",MIS,LWR,,SDL,System,,,,,,,,,10.140.2.50,,,,,,,
BD-00371,,,SDLDC4,Server,Server,Disposed,KDTMY77,IBM,X-306,"150,000",2009-01-01,,,,MIS,LWR,,SDL,,,,,,,,,,,,,,,,,SDLDC4
BD-00372,,,SDLFP4,Server,Server,Assigned,CZC8181ZWJ,HP,"DL 380 Gen5","200,000",2010-01-01,,,"SDL Server rack",MIS,LWR,,SDL,System,9,,"Intel  Xeon CPU E5-2609",,,,,,,,,,,,,SDLFP2
BD-00373,,,DBOSAP13,Server,Server,Assigned,CZC80519P2,HP,"DL 380 Gen5","200,000",2010-01-01,,,"DBO Server rack",MIS,LWR,,DBO,System,9,,"Intel  Xeon CPU E5345",,,,,,,,,,,,,
BD-00374,,,,Network,Router,Transferred,FHK0950137D,Cisco,"1800 Series","6,000",2010-01-01,,,,MIS,LWR,,SDL,,,,,,,,,,,,,,,,,"Trade-In with Di-data"
BD-00375,21004000018,n/a,,Computer,Desktop,Disposed,CZC825477H,HP,"DX7400 MT","25,000",2011-02-02,,,"Imran Hossain(QMAT)",LAB,SWR,SDL,SDL,imhossain,,,"Intel Core 2 Duo",2.53,,160,"2048 ",,,,"WIN7 Pro",,,"WIN Vista Buiness",87W42-K2PTG-TH4QV-QJJDV-G7BBR,"RCVD from Morocco"
BD-00376,,,,Printer,"Barcode Printer",Stock,4312X01893,Citoh,S4,"16,000",2010-01-01,,,,MIS,LWR,,SDL,,,,,,,,,,,,,,,,,
BD-00377,,,,Network,Switch,Disposed,7WMB009721,3Com,3000,"11,000",1998-07-01,,,,MIS,LWR,,SDL,,,,,,,,,,,,,,,,,
BD-00378,,,,Backup,"Tape Drive",Disposed,HUL152LAWM,HP,1840,"24,500",2011-01-01,,,,MIS,LWR,,SDL,,,,,,,,,,,,,,,,,
BD-00379,,,"Lapm Server",Server,"Server ",Disposed,CN76510003,HP,ML350,"150,000",2009-01-01,,,,MIS,LWR,,SDL,,,,,,,,,,,,,,,,,Shanta_SDL
BD-00380,,,,"Power Supply","Battery Pack",Assigned,,Apc,SUA48RMXLBP3U,"12,000",2008-05-02,,,"SIL Server room",MIS,LWR,,SDL,MIS,,,,,,,,,,,,,,,,
BD-00381,,,,UPS,UPS,Disposed,8344A00031,Smartguard,1000VA,"4,800",2009-01-01,,,,MIS,LWR,,SDL,,,,,,,,,,,,,,,,,
BD-00382,,,,UPS,UPS,Disposed,0207000030AF081,Liebert,GXT2,"2,800",2009-01-01,,,,MIS,LWR,,SDL,,,,,,,,,,,,,,,,,
BD-00383,,,"Ex. SDLD342",Computer,Desktop,Disposed,SGH8470KHQ,HP,"DX7400 MT","22,000",2010-01-01,,,,MIS,LWR,,SDL,,,,,,,,,,,,,,,,,
BD-00384,,n/a,,Computer,Desktop,Disposed,SGH804085H,HP,"Compaq DC5750 MT ","25,000",2011-02-02,,,"Ex.Rozina Akter",Finishing,LWR,SDL,SDL,,,,"AMD Dualcore",2.59,,500,"3072 ",,,,"WIN10 Pro",,,"WIN XP Pro",Q9JY8-7PP64-PZFCF-MH9TY-4VRM8,
BD-00385,,,,Computer,Desktop,Disposed,SGH8520KRN,HP,"DX7400 MT","22,000",2010-01-01,,,,MIS,LWR,,SDL,,,,,,,,,,,,,,,,,
BD-00387,,,,Computer,Desktop,Disposed,DH0F00014,Clone,D101GGC,"14,000",2005-01-01,,,,MIS,LWR,,SDL,,,,,,,,,,,,,,,,,
BD-00388,,n/a,SDLD392B,Computer,Desktop,Disposed,9G508401512,Clone,EG41MF-US2H,"14,500",2010-05-03,,,"Anwar Hossain/Shapna Pervin",Quality,LWR,SDL,SDL,anhossain/spervin,,Gigabyte,"Intel Core 2Duo",2.93,,500,4096,,,,"WIN10 Pro",,,None,,
BD-00389,,1,SDLD285D,Computer,Desktop,"Need to Dispose",C6M0CS103538,Clone,P8H61-MLX,"14,500",2013-09-09,,,"Nasir Hossain",Fabric,LWR,SIL,SDL,nashossain,,Asus,"Intel Pentium R",2.60,,500,"4096 ",,,,"WIN10 Pro",,,None,,
BD-00390,,,,CCTV,"CCTV DVR",Disposed,CCTVP0138,Asus,CCTVPR016,"15,000",2007-01-01,,,,MIS,LWR,,SDL,,,,,,,,,,,,,,,,,
BD-00391,,,,UPS,UPS,Disposed,P179978006R00000,Socomec,Sicon,"12,000",2009-01-01,,,,MIS,LWR,,SDL,,,,,,,,,,,,,,,,,
BD-00392,,,,Server,Server,Disposed,TWT54301AG,HP,"Proliant ML 350","200,000",2010-01-01,,,,MIS,LWR,,SDL,,,,,,,,,,,,,,,,,
BD-00393,,,,Network,Router,Stock,FCZ133960SP,Cisco,"800 Series","5,000",2010-01-01,,,,MIS,LWR,,SDL,,,,,,,,,,,,,,,,,
BD-00394,,,SDLAP7,Server,Server,Assigned,SGH84504NF,HP,"DL 585 Gen5","200,000",2010-01-01,,,"SDL Server rack",MIS,LWR,,SDL,System,9,,"QUARD-Core AMD Opteron 8354 ",,,,,,,,,,,,,SDLSAP2
BD-00395,,,,Network,Router,Transferred,FCZ102310FL,Cisco,1841,"6,000",2010-01-01,,,,MIS,LWR,,SDL,,,,,,,,,,,,,,,,,"Ex TCCM Router/Trade-In with Di-data"
BD-00396,,,dewbdsilr02,Network,Router,Assigned,FCZ142971H5,Cisco,2921,"130,000",2013-01-01,,,,MIS,LWR,,SDL,System,,,,,,,,,,,,,,,,
BD-00397,,n/a,,Display,Monitor,Disposed,3CQ8414QH2,HP,L1710,"5,500",2011-02-02,,,"Ex. Joynal Abedin",Finishing,LWR,SDL,SDL,jabedin,,,,,,,,,,,,,,,,
BD-00398,,,,Network,Switch,Disposed,04111008VB13432,D-Link,DES-1008V,"4,000",2009-01-01,,,,MIS,LWR,,SDL,,,,,,,,,,,,,,,,,
BD-00399,,,,Network,"Access Point",Disposed,FHK0809J24U,Cisco,"Aironet-1200 Series","7,000",2010-01-01,,,,MIS,LWR,,SDL,,,,,,,,,,,,,,,,,
BD-00400,,,,Display,"CRT Monitor",Disposed,160502,Philips,1505S,"5,500",2004-01-01,,,,MIS,LWR,,SDL,,,,,,,,,,,,,,,,,
BD-00401,,n/a,,Computer,Desktop,Disposed,D6M0CS230733,Clone,H61M-E,"15,000",2013-04-05,,,"Ex. Jahanali Khan",Production,LWR,SIL,SDL,,,Asus,"Intel Pentium R (2 cores)-G620",2.3,,1024,4096,,,,"WIN10 Pro",,,None,,
BD-00402,,,,Display,"CRT Monitor",Disposed,WE00050102270,Philips,105S1,"5,500",2005-01-01,,,,MIS,LWR,,SDL,,,,,,,,,,,,,,,,,
BD-00403,,,"Ex. SDLD243",Computer,Desktop,Disposed,"BTGC60665988 AA D35788-305",Clone,D101GGC,"14,000",2005-01-01,,,,MIS,LWR,,SDL,,,Intel,"Intel Pentium 4",3,,80,1024,,,,"XP Pro",,,None,,
BD-00404,,n/a,,Display,Monitor,"Need to Dispose",NE5UHMAB400352J,Samsung,"B1930N  19","8,500",2010-03-02,,,,Oparetion,LWR,SWL,SDL,,,,,,,,,,,,,,,,,
BD-00405,,,SDLP016,Printer,Printer,Assigned,CNC2420068,HP,"Laser jet 2035n","17,000",2010-01-01,,,"Operation Common",Oparetion,LWR,,SDL,"Operation Common",,,,,,,,,,,,,,,,SDLP016
BD-00406,,,,UPS,UPS,Disposed,B03K160024308A6,"Rahim Afrooz",600VA,"2,800",2010-03-02,,,,MIS,LWR,,SDL,,,,,,,,,,,,,,,,,
BD-00407,,n/a,SDLD242F,Computer,Desktop,Assigned,182260020957,Clone,H61M-DS2,"14,500",2013-09-09,,,"Sajal Parvej",Store,LWR,SIL,"Shanta Denim Limited",sparvej,,Gigabyte,"Intel Pentium R (2 cores)",2.7,"250 GB",,8192,,,,"WIN10 Pro",2020-03-03,,None,,"RAM & HDD replaced at 3-3-2020"
BD-00408,,,,Display,"CRT Monitor",Disposed,WE000501012799,Philips,105S1,"5,500",2005-01-01,,,,MIS,LWR,,SDL,,,,,,,,,,,,,,,,,
BD-00409,,n/a,,UPS,UPS,Assigned,B03K160024236A6,"Rahim Afrooz",600VA,"2,800",2010-03-02,,,"Mazharul Islam",Sample,LWR,SIL,SDL,mazislam,,,,,,,,,,,,,,,,
BD-00410,,,,CCTV,"CCTV DVR",Disposed,STE4A0006B2383HK,Diss,KE-400,"15,000",2007-01-01,,,,MIS,LWR,,SDL,,,,,,,,,,,,,,,,,
BD-00411,,,,Display,"CRT Monitor",Disposed,WE000504014062,Philips,105S1,"5,500",2005-01-01,,,,MIS,LWR,,SDL,,,,,,,,,,,,,,,,,
BD-00412,,,DEWBDSDLS30,Network,Switch,Assigned,FOC1544X1GU,Cisco,"Catalyst 2960 series","90,000",2010-01-01,,,"SWL RACK",MIS,LWR,,SDL,MIS,,,,,,,,,,,,,,,,10.140.2.30
BD-00413,,,,Network,Switch,Disposed,01017LV5G230055341,3Com,"Baseline 2824","11,000",2014-05-20,,,,MIS,LWR,,SDL,,,,,,,,,,,,,,,,,DEWBDSDLS31
BD-00414,,,,UPS,UPS,Disposed,27598/12,Micro,UVS-1000VA,"4,800",2010-01-01,,,,MIS,LWR,,SDL,,,,,,,,,,,,,,,,,
BD-00415,,1,,Printer,Printer,Assigned,LMCA100844,Canon,"Laser LBP-3000","8,500",2010-09-12,,,Rasanga,Operation,LWR,SIL,SDL,rranasinghe,,,,,,,,,,,,,,,,
BD-00416,,,DEWBDSDLA05,Network,"Access Point",Stock,FGL1552VORN,Cisco,AIR-AP1131G,"35,000",2010-01-01,,,,MIS,LWR,SDL,SDL,,,,,,,,,,10.140.25.5,,,,,,,
BD-00417,,,,Computer,Desktop,Disposed,"BTPR82300195 AA D97573-300",Intel,845,"14,000",2002-01-01,,,,MIS,LWR,,SDL,,,Intel,,,,,,,,,,,,,,
BD-00418,,,,Display,"CRT Monitor",Disposed,BN15HHATB0049R,Samsung,SynceMaster551S,"5,500",2004-01-01,,,,MIS,LWR,,SDL,,,,,,,,,,,,,,,,,
BD-00419,,n/a,SDLD241C,Computer,Desktop,Assigned,245MC040001357,Clone,P8H61-MLX3,"14,500",2013-09-09,,,"Jakir Hossain",Cutting,LWR,SDL,SDL,jhossain,,Asus,"Intel Pentium R (2 cores)-630",2.7,,500,8192,,,,"WIN10 Pro",,,None,,
BD-00420,,,,Display,"CRT Monitor",Disposed,WE000504014003,Philips,105S1,"5,500",2005-01-01,,,,MIS,LWR,,SDL,,,,,,,,,,,,,,,,,
BD-00421,,,,UPS,UPS,Disposed,B03K160024237A6,"Rahim Afrooz",600VA,"2,800",2010-03-02,,,,MIS,LWR,,SDL,,,,,,,,,,,,,,,,,
BD-00422,,,SDLD111A,Computer,Desktop,Disposed,"USNB3800E1K AA E34877-402",Clone,845,"14,000",2003-01-01,,,,MIS,LWR,,SDL,,,Intel,"Intel Core 2Duo",2.66,,80,1024,,,,"WIN7 Pro",,,None,,
BD-00423,,,,Display,"CRT Monitor",Disposed,WE019925032281,Philips,104E,"5,500",2004-01-01,,,,MIS,LWR,,SDL,,,,,,,,,,,,,,,,,
BD-00424,,,,Network,Switch,Stock,,NETGEAR,FS608,"1,500",2005-02-02,,,"SIL Server room",MIS,LWR,,SDL,,,,,,,,,,,,,,,,,
BD-00425,,n/a,SDLD238C,Computer,Desktop,Assigned,245MC040000382,Clone,"P8H61-MLX3 R2.0","14,500",2013-09-09,,,"Lal Chand",Oparetion,LWR,SWL,SDL,lchand,,Asus,"Intel Pentium R (2 cores)",2.7,,500,8192,,,,"WIN10 Pro",2021-03-06,,None,,
BD-00426,,,,Display,"CRT Monitor",Disposed,WE000626401531,Philips,105G7,"5,500",2005-01-01,,,,MIS,LWR,,SDL,,,,,,,,,,,,,,,,,
BD-00427,,n/a,SDLD231C,Computer,Desktop,"Need to Dispose",99PBAW000296,Asus,P5G41H,"14,000",2010-02-03,,,"Mir Hossin pk",Production,LWR,SWL,SDL,mhossinpk,,Asus,"Intel Core 2Duo",2.93,,250,3072,,,,"WIN10 Pro",,,None,,
BD-00428,,n/a,,Display,Monitor,Disposed,907NLHV000505,LG,W1953T,"8,600",2010-03-02,,,"Shahajahan Ali",Oparetion,LWR,SIL,SDL,shali,,,,,,,,,,,,,,,,
BD-00429,11004000187,na,,UPS,UPS,Assigned,E110328300,"Power Guard",PG-2000AOF,"4,800",2010-03-02,,,"Maksudur Rahman",Operations,LWR,SIL,SDL,marahman,,,,,,,,,,,,,,,,
BD-00430,,n/a,SDLD461B,Computer,Desktop,Assigned,H2M0AB130833,Clone,H61M-K,"14,500",2013-09-09,"Mainboard Purchese from Global Brand",SIL00014,"Jamal Uddin",Cutting,LWR,SIL,SDL,Jauddin,,Asus,"Intel Pentium R (2 cores)",2.6,,500,8192,,,,"WIN10 Pro",2020-03-22,,"WIN XP Pro","Stiker Damaged",
BD-00431,,,,Display,"CRT Monitor",Disposed,LB15HHAY431712K,Samsung,SynceMaster591S,"5,500",2004-01-01,,,,MIS,LWR,,SDL,,,,,,,,,,,,,,,,,
BD-00432,,,SDLP013,Printer,Printer,Assigned,VNC3H07415,HP,"Laser Jet 2055DN","44,000",2011-01-01,,,"Common Production",Production,LWR,,SDL,"Common Production",,,,,,,,,,,,,,,,SDLP013
BD-00433,,,"Ex. SDLD220",Computer,Desktop,Disposed,"AZSR5308741 AA C45439-303",Intel,"D845 PERL","14,000",2002-01-01,,,,MIS,LWR,,SDL,,,Intel,,,,,,,,,,,,,,
BD-00434,,1,,Display,Monitor,Assigned,96LMIZ048546,Asus,"VH192 19","8,600",2010-02-03,,,"Rubel Hossain",Sample,LWR,SWL,SDL,ruhossain,,,,,,,,,,,,,,,,
BD-00435,,N/A,,UPS,UPS,"Need to Dispose",5880730000857,Prolink,PC600,"2,800",2009-01-01,,,"Hossain Ahammad2",Production,LWR,SIL,SDL,hoahammad,,,,,,,,,,,,,,,,
BD-00436,,,,UPS,UPS,Disposed,B03K160024300A6,"Rahim Afrooz",600VA,"2,800",2010-03-02,,,,MIS,LWR,,SDL,,,,,,,,,,,,,,,,,
BD-00437,,,SDLD221B,Computer,Desktop,Disposed,"BTGC61900VGZ AA D42789-201",Clone,D102GGC,"14,000",2003-01-01,,,,MIS,LWR,,SDL,,,Intel,"Intel Pentium D",2.66,,500,2048,,,,"WIN7 Pro",,,None,,
BD-00438,,,,Display,"CRT Monitor",Disposed,AR17HHAP7304189F,Samsung,"SynceMaster 774MG","5,500",2004-01-01,,,,MIS,LWR,,SDL,,,,,,,,,,,,,,,,,
BD-00439,,,,UPS,UPS,Disposed,26114,Micro,UVS-500,"2,800",2011-01-01,,,,MIS,LWR,,SDL,,,,,,,,,,,,,,,,,
BD-00440,,,,UPS,UPS,Disposed,B03K16024301A6,"Rahim Afrooz",600VA,"2,800",2010-03-02,,,,MIS,LWR,,SDL,,,,,,,,,,,,,,,,,
BD-00441,,,"Ex. SDLD229",Computer,Desktop,Disposed,SWCSDDLM0001,Clone,N/A,"14,000",2004-01-01,,,,MIS,LWR,,SDL,,,,"Intel Pentium 4",1.8,,40,1024,,,,"XP Pro",,,None,,
BD-00442,,,,Display,"CRT Monitor",Disposed,DT15HMEN709292D,Samsung,"SynceMaster 550s","5,500",2004-01-01,,,,MIS,LWR,,SDL,,,,,,,,,,,,,,,,,
BD-00443,,,,Printer,Printer,Disposed,FSWY021693,Epson,LQ-590,"28,000",2005-06-27,,,,MIS,LWR,,SDL,,,,,,,,,,,,,,,,,
BD-00444,,na,SDLD449A,Computer,Desktop,Assigned,165240020319,Clone,GA-H61M-DS2,"14,500",2017-03-12,"Star Tech/ INV-STETB-2017-015211/ 1 Year warnty",,"Matiur Rahman",Store,LWR,SIL,SDL,matrahman,,Gygabyte,"Intel Pentium R (2 cores)",2.6,,500,4096,,,,"WIN10 Pro",2020-06-22,,None,,
BD-00445,,,,Display,"CRT Monitor",Disposed,AN15HHAX121493T,Samsung,"SynceMaster 551S","5,500",2004-01-01,,,,MIS,LWR,,SDL,,,,,,,,,,,,,,,,,
BD-00446,,,,UPS,UPS,Disposed,123123144,"Rahim Afrooz",600VA,"2,800",2010-03-02,,,,MIS,LWR,,SDL,,,,,,,,,,,,,,,,,
BD-00447,,,,Printer,Printer,Disposed,PE97208125,Epson,LQ-2180,"65,000",2005-01-01,,,,MIS,LWR,,SDL,,,,,,,,,,,,,,,,,
BD-00448,,,"Ex. SDLD237A",Computer,Desktop,Disposed,"0B9G094-20513-MB0820-A06 0601",Clone,P8H61-MLX,"14,000",2013-01-01,,,,MIS,LWR,,SDL,,,Asus,,,,,,,,,,,,,,
BD-00449,,,,UPS,UPS,Disposed,B03K160024234A6,"Rahim Afrooz",600VA,"2,800",2010-03-02,,,,MIS,LWR,,SDL,,,,,,,,,,,,,,,,,
BD-00450,,,,Display,"CRT Monitor",Disposed,WE000618408500,Philips,105G7,"5,500",2005-01-01,,,,MIS,LWR,,SDL,,,,,,,,,,,,,,,,,
BD-00451,,n/a,SDLD138E,Computer,Desktop,"Need to Dispose",SN171660080170,Clone,H110M-S2PH,"38,057",2017-10-11,"Startech/ INV-STETB-2017-065341/ 3 yers warenty",1209,"Robiul Dewan",Cutting,LWR,SIL,SDL,,,Gigabyte,"Intelï¿½ Core ï¿½  i3 -7100",3.90,,500,"8196 ",,,,"WIN10 Pro",2020-02-09,,"Win 10 Pro",GYKH4-3N633-PVJVV-6BT7V-T3BP4,
BD-00452,,,,Display,"CRT Monitor",Disposed,WE000535403922,Philips,105G7,"5,500",2005-01-01,,,,MIS,LWR,,SDL,,,,,,,,,,,,,,,,,
BD-00453,,,,UPS,UPS,Disposed,1031080002,Micro,UVS-1000VA,"4,800",2012-01-01,,,,MIS,LWR,,SDL,,,,,,,,,,,,,,,,,
BD-00454,,1,SDLD339E,Computer,Desktop,"Need to Dispose","BTGC70600HWP AA D42789-204",Intel,H81M,"12,000",2012-02-05,,,"Zohirul Islam2",HR,LWR,SDL,SDL,zoislam,,GIgabyte,"Core i3-4150",3.5,,500,4096,,,,"WIN10 Pro",,,None,,
BD-00455,,,,Display,"CRT Monitor",Disposed,WE000515010730,Philips,105G7,"5,500",2005-01-01,,,,MIS,LWR,,SDL,,,,,,,,,,,,,,,,,
BD-00456,,,"Ex. SDLD246",Computer,Desktop,Disposed,903806937,Clone,G31M,"14,000",2008-01-01,,,,MIS,LWR,,SDL,,,Gigabyte,,,,,,,,,,,,,,
BD-00457,,,,Display,"CRT Monitor",Disposed,DT15HMEN709556J,Samsung,"SynceMaster 550s","5,500",2004-01-01,,,,MIS,LWR,,SDL,,,,,,,,,,,,,,,,,
BD-00458,,,,UPS,UPS,Disposed,B03500242A6,"Rahim Afrooz",600VA,"2,800",2010-03-02,,,,MIS,LWR,,SDL,,,,,,,,,,,,,,,,,
BD-00459,,,,Printer,Printer,Disposed,LQHA144034,Canon,"Laser LBP-3300","85,000",2008-01-01,,,,MIS,LWR,,SDL,,,,,,,,,,,,,,,,,
BD-00460,,1,,Computer,Desktop,Disposed,144760064396,Clone,GA-H81M-S2PV,"14,500",2010-06-03,,,"Masum Billah",HR,LWR,SDL,SDL,mbillah,,Gigabyte,"Intel Pentium R (2 cores)-G3220",3,,500,4096,,,,"WIN10 Pro",,,None,,
BD-00461,,,,Display,Monitor,Assigned,NE5UHMDB501540Z,Samsung,"B1930N  19""","8,500",2010-03-02,,,"Saiful Islam3",IE,LWR,,SDL,saifislam,,,,,,,,,,,,,,,,
BD-00462,,,,Scanner,Scanner,Disposed,CN56NA608D,HP,SCANJET-2400,"4,800",2010-02-02,,,,MIS,LWR,,SDL,,,,,,,,,,,,,,,,,
BD-00463,,,,UPS,UPS,Assigned,27357,"Micro ",UVS-1000VA,"4,800",2011-01-01,,,"Ashraful Islam","Marketing & Merchandising",LWR,,SDL,asislam,,,,,,,,,,,,,,,,
BD-00464,,,,Computer,Desktop,Disposed,"LAAV53802601 AA C64138-403",Intel,D915GAV,"14,000",2004-01-01,,,,MIS,LWR,,SDL,,,Intel,,,,,,,,,,,,,,
BD-00465,,1,,Display,Monitor,"Need to Dispose",CNC716PPHR,HP,L1706,"5,500",2011-02-02,,,"Amzadul Islam",Finance,LWR,SDL,SDL,amzislam,,,,,,,,,,,,,,,,
BD-00466,,,,UPS,UPS,Disposed,B03K160024105A6,"Rahim Afrooz",600VA,"2,800",2010-03-02,,,,MIS,LWR,,SDL,,,,,,,,,,,,,,,,,
BD-00467,,n/a,SDLD456,Computer,Desktop,Assigned,SN165240020314,Clone,GA-H61M-DS2,"18,000",2013-09-09,,,"Abu Nayem",Finishing,LWR,SIL,SDL,anayem,,GIgabyte,"Intel Core i3",3.1,256,,4096,,,,"WIN10 Pro",2024-08-22,,None,,
BD-00468,,n/a,,Display,Monitor,"Need to Dispose",NE5UHMBB700583E,Samsung,"SynceMaster B1930","8,500",2010-03-02,,,"Saleha Khatun",Cutting,LWR,SIL,SDL,skhatun,,,,,,,,,,,,,,,,"Need to service"
BD-00469,,,Ex.SDLD256A,Computer,Desktop,Disposed,0013D3EF581B5,Clone,915GVM6F,"14,000",2003-01-01,,,,MIS,LWR,,SDL,,,MSI,"Intel Pentium 4",3,,500,1024,,,,"XP Pro",,,None,,
BD-00470,,,,Display,"CRT Monitor",Disposed,DT15HMEN709476F,Samsung,SynceMaster550S,"5,500",2004-01-01,,,,MIS,LWR,,SDL,,,,,,,,,,,,,,,,,
BD-00471,,,,UPS,UPS,Disposed,B03K160024366A6,"Rahim Afrooz",600VA,"2,800",2010-03-02,,,,MIS,LWR,,SDL,,,,,,,,,,,,,,,,,
BD-00472,,,,Computer,Desktop,Disposed,,Clone,ZX-865GVLM,"14,000",2004-01-01,,,,MIS,LWR,,SDL,,,Chaina,,,,,,,,,,,,,,
BD-00473,,,,Display,"CRT Monitor",Disposed,WE000631400555,Philips,105G7,"5,500",2005-01-01,,,,MIS,LWR,,SDL,,,,,,,,,,,,,,,,,
BD-00474,,n/a,SDLD255F,Computer,Desktop,Assigned,GEH022300YJA,Clone,DH61HO,"14,500",2013-07-08,,,"Mohidul Hasan",Store,LWR,SWL,SDL,mohasan,,Intel,"Intel Pentium R (2 cores)",2.6,,500,8192,,,,"WIN10 Pro",2021-03-23,,None,,
BD-00475,,,,Display,"CRT Monitor",Disposed,AU1A0836000435,Philips,107S9,"5,500",2004-01-01,,,,MIS,LWR,,SDL,,,,,,,,,,,,,,,,,
BD-00476,,,SDLD358,Computer,Desktop,Disposed,6125793709,MSI,945G,"14,000",2004-01-01,,,,MIS,LWR,,SDL,,,MSI,"Intel Pentium D",2.8,,160,1024,,,,"WIN7 Pro",,,None,,
BD-00477,,,,Display,"CRT Monitor",Disposed,AU1A0836000424,Philips,107S9,"5,500",2004-01-01,,,,MIS,LWR,,SDL,,,,,,,,,,,,,,,,,
BD-00478,,,,UPS,UPS,Disposed,B03K1600024088A6,"Rahim Afrooz",600VA,"2,800",2010-03-02,,,,MIS,LWR,,SDL,,,,,,,,,,,,,,,,,
BD-00479,,n/a,SDLD187F,Computer,Desktop,Assigned,SN150760089781,Clone,GA-H81M-S2PV,"14,000",2015-01-01,,,"Shamim Hossain",Operation,LWR,SIL,SDL,shamhossain,,Gigabyte,"Intel Pentium R (2 cores)",3.2,,500,8192,,,,"WIN10 Pro",2020-07-07,,None,,
BD-00480,,,,Display,Monitor,Assigned,CNN73635YN,HP,7650,"4,800",2011-02-02,,,"Akter Hossain2",Production,LWR,,SDL,akthossain,,,,,,,,,,,,,,,,
BD-00481,,,,UPS,UPS,Disposed,B03K160024299A6,"Rahim Afrooz",600VA,"2,800",2010-03-02,,,,MIS,LWR,,SDL,,,,,,,,,,,,,,,,,
BD-00482,,,,Network,Switch,Disposed,,D-Link,DES-1026G,"4,000",2009-01-01,,,,MIS,LWR,,SDL,,,,,,,,,,,,,,,,,
BD-00483,,n/a,SDLD252C,Computer,Desktop,"Need to Dispose",99PBAW000277,Clone,P5G41T-MLX3,"14,500",2010-06-03,,,"Sarwar Jahan",Sample,LWR,SWL,SDL,sjahan,,Asus,"Intel Core 2Duo",2.93,,250,4096,,,,"WIN10 Pro",,,None,,
BD-00484,,,,Display,Monitor,Disposed,96LMIZU48571,Asus,"VH192 19""","8,600",2010-02-03,,,,MIS,LWR,,SDL,,,,,,,,,,,,,,,,,
BD-00485,,,,UPS,UPS,Assigned,B04K200082905A6,"Rahim Afrooz",600VA,"2,800",2011-03-04,,,"Mahmudul Hasan2","Marketing & Merchandising",LWR,,SDL,mahamhasan,,,,,,,,,,,,,,,,
BD-00486,,,,Printer,Printer,Disposed,E67789C1F232066,Brother,"Inkjet MFC DCP-J125","28,000",2008-01-01,,,,MIS,LWR,,SDL,,,,,,,,,,,,,,,,,
BD-00487,11004000159,,SDLD251C,Computer,Desktop,Disposed,99PBAW000233,Asus,V6-P5G41H,"14,000",2010-02-03,,,,MIS,LWR,,SDL,,,Asus,"Intel Core 2Duo",2.93,,500,2048,,,,"WIN7 Pro",,,None,,
BD-00488,,,,Display,"CRT Monitor",Disposed,WE000620401423,Philips,105G7,"5,500",2005-01-01,,,,MIS,LWR,,SDL,,,,,,,,,,,,,,,,,
BD-00489,,n/a,,UPS,UPS,Disposed,B03K160024104A6,"Rahim Afrooz",600VA,"2,800",2010-03-02,,,,Oparetion,LWR,SIL,SDL,,,,,,,,,,,,,,,,,
BD-00490,,,,Computer,Desktop,Disposed,"50B509 U1577",Clone,915G,"14,000",2004-01-01,,,,MIS,LWR,,SDL,,,Gigabyte,,,,,,,,,,,,,,
BD-00491,,,,Display,"CRT Monitor",Disposed,WE000535404333,Philips,105G7,"5,500",2005-01-01,,,,MIS,LWR,,SDL,,,,,,,,,,,,,,,,,
BD-00492,,,SDLL059A,Computer,Laptop,Disposed,CNF03934QD,HP,"Probook 4420s","34,000",2010-02-04,,,,MIS,LWR,,SDL,,,,"Intel Core i3",2.4,,320,4096,,,,"WIN7 Pro",,,None,,
BD-00493,,n/a,SDLL066E,Computer,Laptop,"Need to Dispose",CNU1152PM8,HP,"Probook 4530s","51,000",2014-11-09,,,,"Marketing & Merchandising",LWR,SIL,"Shanta Denim Limited",,,,"Intel Core i3",2.1,480,,8192,,,,"WIN10 Pro",2020-12-28,B-124,"Win 7 pro",GPJQY-GHM3H-FJ736-G2MG7-9MXHK,
BD-00494,,n/a,SDLL064D,Computer,Laptop,"Need to Dispose",G43TK21,Dell,"Inspiron 1464","50,000",2010-02-04,,,"Alemul Islam",Oparetion,LWR,SIL,SDL,alislam,,,"Intel Core i3",2.13,,500,8192,,,,"WIN10 Pro",2020-07-16,Yes,None,,
BD-00495,,,,Printer,Printer,Disposed,VNC4P64497,HP,"Laser Jet  P1102","8,500",2009-01-01,,,,MIS,LWR,,SDL,,,,,,,,,,,,,,,,,
BD-00496,21004000102,,,Display,Monitor,Disposed,ZTRRHMCC600795P,Samsung,S19A100N,"8,500",2010-03-02,,,,MIS,LWR,,SDL,,,,,,,,,,,,,,,,,
BD-00497,11004000049,n/a,SDLL191A,Computer,Laptop,Disposed,CNU2012WXN,HP,"EliteBook 2560p","61,000",2011-01-01,,,"Saifuddin Ahamed",Quality,SWR,SDL,SDL,sahamed,,,"Intel Core i5",2.6,,320,4096,,,,"WIN10 Pro",,Yes,"Win 7 pro",KJR43-H2K84-3F9RQ-KRR9K-DGPD2,"Send from UK via NPS 21/7/2016"
BD-00498,,n/a,SDLL043D,Computer,Laptop,"Need to Dispose",CNU1152NYW,HP,"Probook 4530s","51,000",2014-11-09,,,"Masud Sikder","Marketing & Merchandising",LWR,SIL,SDL,msikder,,,"Intel Core i3",2.1,500,,8192,,,,"WIN10 Pro",,Yes,"Win 7 pro",YJCCX-W3HCB-V2X4H-KQHF8-2G6TG,
BD-00499,,,"Ex. SDLL068",Computer,Laptop,Disposed,CNU2041L1X,HP,"Probook 4430s","51,000",2014-11-09,,,,MIS,LWR,,SDL,,,,,,,,,,,,,,,"Windows 7 Pro OEM",,"stolen and GD done at Ramna Thana, GD no. 1278 ( date-19/11/2013)"
BD-00500,,,"Ex. SDLL070",Computer,Laptop,Disposed,CNU21310MP,HP,"Probook 4530s","51,000",2014-11-09,,,,MIS,LWR,,SDL,,,,,,,,,,,,,,,"Windows 7 Pro OEM",,
BD-00501,,,SDLD023C,Computer,Desktop,Disposed,BTGC61900AAD42789,Clone,101GGC,"14,000",2005-01-01,,,,MIS,LWR,,SDL,,,Intel,"Intel Pentium D",2.66,,80,1024,,,,"WIN7 Pro",,,"PC XP Pro",,
BD-00502,,,,Display,Monitor,Disposed,ETC6617001SL0,Benq,"Q7T4  17""","6,400",2009-01-01,,,,MIS,LWR,,SDL,,,,,,,,,,,,,,,,,
BD-00503,,1,SDLD132A,Computer,Desktop,"Need to Dispose",BTPR82000MH3AAD97573,Clone,DG-31PR,"15,000",2009-02-02,,,"Maksudur Rahman ","Store ",LWR,SIL,SDL,marahman,,Intel,"Intelï¿½ Core ï¿½ 2 Duo-E7200",2.53,,160,4096,,,,"WIN10 Pro",,,None,,"Need to take Processor Number"
BD-00504,,,,Display,"CRT Monitor",Disposed,CNC7130D69,HP,"HPMX705  17""","5,500",2005-01-01,,,,MIS,LWR,,SDL,,,,,,,,,,,,,,,,,
BD-00505,,,,Computer,Desktop,Disposed,BTPR82000M1MAA97573,Clone,DG-31PR,"14,000",2008-01-01,,,,MIS,LWR,,SDL,,,Intel,"Intel Core 2Duo",2.53,,160,1024,,,,"WIN7 Pro",,,None,,
BD-00506,,,,Display,Monitor,Disposed,BZ00051141179,Philips,"150B 15""","4,800",2009-02-04,,,,MIS,LWR,,SDL,,,,,,,,,,,,,,,,,
BD-00507,11004000187,n/a,,UPS,UPS,Assigned,E091222189,"Power Guard",PG-2000AOF,"4,800",2010-07-05,,,"Enamul Haque",Operations,LWR,SIL,SDL,moislam,,,,,,,,,,,,,,,,
BD-00508,,n/a,SDLD130C,Computer,Desktop,Assigned,M2M0KC0126843F6,Clone,"Asus  Prime H410M CS SI","15,000",2009-02-02,"Global Brand",SIL0000163,"Amirul Islam","Human Resource",LWR,SDL,SDL,amislam,,Asus,"Intel Core i3 10100",3.60,256,,8192,,,,"WIN 10 Pro",2021-05-25,,"Win 10 Pro",JGHXR-NGDWJ-JJTRV-RQDGY-WHV24,
BD-00509,,,,Display,"CRT Monitor",Disposed,AU1A0834002678,Philips,107S96,"5,500",2005-01-01,,,,MIS,LWR,,SDL,,,,,,,,,,,,,,,,,
BD-00510,,n/a,SDLD131B,Computer,Desktop,"Need to Dispose",BTPR82000ATMAAD97573,Clone,DG-31PR,"15,000",2009-02-02,,,"Mizanoor Rahman","Store ",LWR,SIL,SDL,mizrahman,,Intel,"Intelï¿½ Core ï¿½ 2 Duo-E7200",2.53,,1024,4096,,,,"WIN10 Pro",,,None,,
BD-00511,,,,Display,"CRT Monitor",Disposed,AU1A0834002704,Philips,107S96,"5,500",2005-01-01,,,,MIS,LWR,,SDL,,,,,,,,,,,,,,,,,
BD-00512,,na,SDLD192G,Computer,Desktop,Assigned,087G0131356MIBGFOA010208,Clone,H61,"18,000",2013-04-05,,,"Mirza Salekul","Industrial Engineering",LWR,SIL,SDL,msalekul,,Asus,"Intelï¿½ Coreï¿½ i3-2100",3.1,"250 GB",,8192,,,,"WIN10 Pro",2021-02-01,,None,,
BD-00513,,,,Display,Monitor,Disposed,ETC6617046SLOT,Benq,"Q7T4  17""","5,500",2010-05-03,,,,MIS,LWR,,SDL,,,,,,,,,,,,,,,,,
BD-00514,,,,Computer,Laptop,Disposed,CNF0392282,HP,"Probook 4420s","34,000",2010-06-07,,,"Wahid Seraj",PCC,LWR,,SDL,wseraj,,,"Intel Core i3",2.40,,500,"4096 ",,,,"WIN10 Pro",,Yes,None,,
BD-00515,11004000169,n/a,SDLL075G,Computer,Laptop,Disposed,CNU22115XX,HP,"Probook 4430s","61,000",2013-01-01,,,,"Qaulity Assurance",MWR,SIL,"Shanta Denim Limited",,,,"Intel Core i5 -2450M",2.5,500,,8192,,,,"WIN10 Pro",2019-11-20,B-246,"WIN 7 Pro",TGGD6-WYT66-4HMDK-VFYMX-YTD94,
BD-00516,,,SDLD200D,Computer,Desktop,Disposed,BTGC61900R1ZAAD42789,Clone,101GGC,"24,000",2003-01-01,,,,MIS,LWR,,SDL,,,Intel,"Intel Pentium D",2.66,,500,2048,,,,"WIN7 Pro",,,"WIN XP Pro",FYRH8-YHG6V-D3G4H-PR2FH-JPMQW,"Dongol serial no: 18344, VER: 8.5"
BD-00517,,,,Display,Monitor,Disposed,ETC6616997SLOT,Benq,"Q7T4  17""","5,500",2010-05-03,,,,MIS,LWR,,SDL,,,,,,,,,,,,,,,,,
BD-00518,,,"Ex. SDLD217A",Computer,Desktop,Disposed,BTGC632009PVAA42789,Clone,101GGC,"14,000",2005-01-01,,,,MIS,LWR,,SDL,,,Intel,,,,,,,,,,,,,,
BD-00519,,,,Display,Monitor,Assigned,BZ000608160613,Philips,150S6,"6,400",2009-01-01,,,"Mohammad Sohidullah",Sample,LWR,,SDL,msohidullah,,,,,,,,,,,,,,,,
BD-00520,,n/a,SDLD226D,Computer,Desktop,Assigned,K4M0KC2506519SN,Clone,EX-B365M-V,"38,910",2019-06-19,,,"Enamul Haque",Planning,LWR,SIL,SDL,enhaque,,,"Intel Core i3 -8100",3..6,,1024,8196,,,,"WIN10 Pro",,,"WIN10 Pro",2VXB9-TKNVM-96YFP-2THPY-B4G6T,
BD-00521,,,,Display,"CRT Monitor",Disposed,AQ15HMERB33966M,"Samsung ","5518S 15""","5,500",2005-01-01,,,,MIS,LWR,,SDL,,,,,,,,,,,,,,,,,
BD-00522,,n/a,SDLD224E,Computer,Desktop,Assigned,F46004EC8984,Clone,P8H61-MLX,"14,500",2013-09-09,,,"Abul Kashem",Sample,LWR,SIL,SDL,akashem,,Asus,"Intel Pentium R (2 cores)-G645",2.9,,500,4096,,,,"WIN10 Pro",2021-09-19,,"WIN XP Pro",Q4DDJ-VVY78-J2VHC-2PCHK-6BQ48,
BD-00523,,,,Display,"CRT Monitor",Disposed,AR15H9LQ302712F,"Samsung ",591S,"5,500",2005-01-01,,,,MIS,LWR,,SDL,,,,,,,,,,,,,,,,,
BD-00524,,,,UPS,UPS,Disposed,27494,Micro,UVS-1000,"4,800",2010-01-01,,,,MIS,LWR,,SDL,,,,,,,,,,,,,,,,,
BD-00525,,1,SDLD413A,Computer,Desktop,Assigned,SN150760089747,Clone,GA-H81M-S2PV,"14,500",2015-05-15,,,"Alomgir Hossain",Lasercut,LWR,SDL,SDL,alohossain,,Gigabyte,"Intel Pentium R (2 cores)",3.2,,500,4096,,,,"WIN10 Pro",2019-09-11,,None,,"Purchase date May2015 Smart Technology"
BD-00526,,,,Display,"CRT Monitor",Disposed,WE00053540437,Philips,105G7,"5,500",2005-01-01,,,,MIS,LWR,,SDL,,,,,,,,,,,,,,,,,
BD-00527,,n/a,SDLD137D,Computer,Desktop,Assigned,SN164860033676,Clone,GA-H110M-DS2V,"23,100",2016-11-07,"Smart Jamuna/27390/3 yars wrnty",1065,"Masudur Rahman",Cutting,LWR,SIL,SDL,masrahman,,Gigabyte,"Core i3-6100",3.7,500,,8196,,,,"WIN10 Pro",2021-01-24,,None,,"Smart Jamuna/27390/3 yars wrnty"
BD-00528,,,,Display,Monitor,Disposed,ETC16616994SLOT,Benq,"Q7T4  17""","5,500",2013-09-09,,,,MIS,LWR,,SDL,,,,,,,,,,,,,,,,,
BD-00529,,1,SDLD206C,Computer,Desktop,Assigned,SN172160065790,Clone,"GA-H110M- S2PH","45,264",2017-11-02,"Startech/INV-STETB-2017-071216/3 yrs wrnty",1222,"Abul Khayer",Sample,LWR,SIL,SDL,akhayer,,Gigabyte,"Intel Core i5 -7400",3,256,,8192,,,,"WIN10 Pro",2025-07-27,,"Win 10 Pro",9Y6WY-PNPJ8-6RD7C-YTCQ7-4C2KF,"StartechINVSTETB20170712163 yrs wrnty"
BD-00530,,,,Display,Monitor,Disposed,BZ000511411008,Philips,"150B6 16""","6,400",2009-01-01,,,,MIS,LWR,,SDL,,,,,,,,,,,,,,,,,
BD-00531,11004000187,,,UPS,UPS,Disposed,E110323222,"Power Guard",PG1200AOF,"4,800",2010-03-02,,,,MIS,LWR,,SDL,,,,,,,,,,,,,,,,,
BD-00532,11004000187,,,UPS,UPS,Assigned,E110323482,"Power Guard",PG1200AOF,"4,800",2010-07-05,,,"SWL CCTV",Oparetion,LWR,,SDL,dvrswl,,,,,,,,,,,,,,,,
BD-00533,,,,UPS,UPS,Disposed,27487,"Micro ",UVS-1000VA,"4,800",2012-01-01,,,,MIS,LWR,,SDL,,,,,,,,,,,,,,,,,
BD-00534,,,,Printer,Printer,Disposed,SGFBL51926,HP,"Laserjet 1010","85,000",2008-01-01,,,,MIS,LWR,,SDL,,,,,,,,,,,,,,,,,
BD-00535,,,,Printer,Printer,Disposed,TH83C33282,HP,"Deskjet D1460","3,000",2010-01-01,,,,MIS,LWR,,SDL,,,,,,,,,,,,,,,,,
BD-00536,,,"Ex. SDLD077",Computer,Desktop,Disposed,BTGC61900R4C,Clone,101GGC,"14,000",2005-01-01,,,,MIS,LWR,,SDL,,,Intel,,,,,,,,,,,,,,
BD-00537,,,,Display,Monitor,Disposed,ETC6617011SLOT,Benq,"Q7T4  17""","5,500",2013-09-09,,,,MIS,LWR,,SDL,,,,,,,,,,,,,,,,,
BD-00538,,,,UPS,UPS,Assigned,B03K160024261A6,"Rahim Afrooz",600VA,"2,800",2010-03-02,,,BEPZA,Commercial,LWR,,SDL,,,,,,,,,,,,,,,,,
BD-00539,,1,SDLD276F,Computer,Desktop,Assigned,SN150760089748,Clone,GA-H81M-S2PV,"14,500",2015-05-01,,N/A,"Sujan Chandra ",Cutting,LWR,SDL,SDL,"suchandra ",,Gigabyte,"Intel Pentium R (2 cores",3.1,,500,4096,,,,"WIN11 Pro",,,"WIN XP Pro",V2H9H-MJG9Q-CK9K4-YMJDY-7KJ2B,"Purchase date May2015 Smart TechnologyCNK4321MLR  MONITOR ASSIGNED 16102025 BD04416"
BD-00540,,,,Display,"CRT Monitor",Disposed,CNC83607LR,HP,"7540 17""","5,500",2005-01-01,,,,MIS,LWR,,SDL,,,,,,,,,,,,,,,,,
BD-00541,,,,UPS,UPS,Disposed,MA591750267,Ablerex,100L,"2,800",2009-01-01,,,,MIS,LWR,,SDL,,,,,,,,,,,,,,,,,
BD-00542,,,,Scanner,Scanner,Disposed,AAA049636,Canon,"Canoscan D646uex","4,800",2010-02-02,,,,MIS,LWR,,SDL,,,,,,,,,,,,,,,,,
BD-00543,,,,Printer,Printer,Disposed,CN57B162WF,HP,"Deskjet D3920","3,000",2010-01-01,,,,MIS,LWR,,SDL,,,,,,,,,,,,,,,,,
BD-00545,,,,Display,Monitor,Disposed,CN-0UU578-64180-89T-4YUM,Dell,"EIB09wc 16""","6,400",2009-01-01,,,,MIS,LWR,,SDL,,,,,,,,,,,,,,,,,
BD-00546,,n/a,,Scanner,Scanner,Disposed,CN658A219P,HP,"Scanjet 4370","5,000",2009-07-05,,,,MIS,LWR,SIL,"Shanta Denim Limited",,,,,,,,,,,,,,,,,
BD-00547,,,"Ex. SDLD163",Computer,Desktop,Disposed,7G422507942,Clone,945,"14,000",2002-01-01,,,,MIS,LWR,,SDL,,,Intel,"Intel Pentium 4",2.8,,40,1536,,,,"XP Pro",,,None,,
BD-00548,,,,Display,"CRT Monitor",Disposed,"CNC82610NL 17""",HP,"7650 17""","5,500",2005-01-01,,,,MIS,LWR,,SDL,,,,,,,,,,,,,,,,,
BD-00549,,,,UPS,UPS,Disposed,B03K160024309A6,"Rahim Afrooz",600VA,"2,800",2010-03-02,,,,MIS,LWR,,SDL,,,,,,,,,,,,,,,,,
BD-00550,,,SDLD248D,Computer,Desktop,Disposed,ECA86B75072C,Clone,DH61HO,"14,500",2013-07-08,,,"Waras Ali",Production,LWR,,SDL,wali,,,"Intel Pentium R (2 cores)",2.60,,500,"2048 ",,,,,,,,,
BD-00551,,,,Display,Monitor,Assigned,CNOU417N6418014P2KXS,Dell,E1910HC,"8,600",2010-02-04,,,"Babu Rashel",Lean,LWR,,SDL,brashel,,,,,,,,,,,,,,,,
BD-00552,,n/a,SDLD140H,Computer,Desktop,Assigned,SN17166080169,Clone,GA-H110M-S2PH,"32,857",2017-10-19,,,"Poranjan Chakraborti",Sample,LWR,SIL,SDL,pchakraborti,,Asus,"Intel Core i3-7100",3.9,256,,8196,,,,"WIN10 Pro",2023-05-04,,"Win 10 Pro",T6NBR-TJJJD-WC8F6-929Q8-9TPKF,
BD-00553,,,,Display,"CRT Monitor",Disposed,AU1A0841000446,Philips,"107S96 15""","5,500",2005-01-01,,,,MIS,LWR,,SDL,,,,,,,,,,,,,,,,,
BD-00554,,,,Computer,Desktop,Disposed,BTGC61900S3Y,Clone,101GGC,"14,000",2005-01-01,"Global Brand/ INV-GBPGL-2018-004468/ 3 years warranty",,,MIS,LWR,,SDL,,,Intel,,,,,,,,,,,,,,
BD-00555,,,,Display,"CRT Monitor",Disposed,WE000612400430,Philips,105S68,"5,500",2005-01-01,,,,MIS,LWR,,SDL,,,,,,,,,,,,,,,,,
BD-00556,,n/a,SDLD129B,Computer,Desktop,Assigned,J1M0AB070596,Clone,H110M-E/M.2,"33,700",2018-07-04,,SIL00036,"Rakib Rayhan",Cutting,LWR,SIL,SDL,rrayhan,,Asus,"Intel Core i3-7100",3.9,,1024,8192,,,,"WIN10 Pro",,,"Win 10 Pro",7YN4K-W4J2Q-H9GF7-YHYTX-P3722,
BD-00557,,,,Display,"CRT Monitor",Disposed,LB15HHAL240326K,"Samsung ",591S,"5,500",2005-01-01,,,,MIS,LWR,,SDL,,,,,,,,,,,,,,,,,
BD-00558,,,,Printer,Printer,Disposed,FSWY017016,Epson,LQ-590,"28,000",2005-06-27,,,,MIS,LWR,,SDL,,,,,,,,,,,,,,,,,
BD-00559,,,SDLD098A,Computer,Desktop,Disposed,BTGC81900ROSAAD2789,Clone,D102GGC2,"14,000",2005-01-01,,,,MIS,LWR,,SDL,,,Intel,"Intel Pentium D",2.66,,80,"1024 ",,,,"XP Pro",,,None,,
BD-00560,,,,Display,"CRT Monitor",Disposed,BT15HMDN535684N,"Samsung ",550V,"5,500",2005-01-01,,,,MIS,LWR,,SDL,,,,,,,,,,,,,,,,,
BD-00561,,,,UPS,UPS,Disposed,B03K16D0024306A6,"Rahim Afrooz",600VA,"2,800",2010-03-02,,,,MIS,LWR,,SDL,,,,,,,,,,,,,,,,,
BD-00562,21004000089,n/a,,Computer,Desktop,Disposed,SGH8520KTM,HP,"DX7400 MT","25,000",2011-02-02,,,,Production,LWR,SWL,SDL,,,,"Intelï¿½ Core ï¿½ 2 Duo-E7200",2.53,,160,2048,,,,"WIN10 Pro",,,None,,"Dongle serial no: 09730, VER: 8.5"
BD-00563,,,,Display,Monitor,Assigned,CNN803039H,HP,L1908W,"8,600",2011-02-02,,,"Raju Barua",CAD,LWR,,SDL,rbarua,,,,,,,,,,,,,,,,
BD-00564,,,,Printer,Printer,Assigned,VNC3T08851,HP,"Laser Jet  P1102","8,500",2009-01-01,,,"TCQC SHANTA",Quality,LWR,,SDL,tshanta,,,,,,,,,,,,,,,,
BD-00565,,n/a,SDLD071E,Computer,Desktop,Assigned,BBMOAB560139,Clone,H61,"18,000",2013-04-05,,,"Shimul Mia",Finishing,LWR,SDL,SDL,shmia,,Asus,"Intel Core i3-2100",3.1,,500,8192,,,,"WIN10 Pro",2021-01-13,,None,,
BD-00566,,,,Display,Monitor,Assigned,CNN803038Z,HP,L1908W,"8,600",2011-02-02,,,"Noni Gopal",CAD,LWR,,SDL,ngopal,,,,,,,,,,,,,,,,
BD-00567,,n/a,SDLD642,Computer,Desktop,Assigned,J2M0KC214202,Clone,H110M-E/M.2,"35,700",2018-08-06,"Global Brand/ INV-GBPGL-2018-005573/ 3 years warranty",,"Samol Ray",Prodcution,LWR,SDL,SDL,sray,,,"Intelï¿½ Core ï¿½  i3-7100",3.90,,1024,"8192 ",,,,"WIN11 Pro",2025-12-08,,"Win 11 Pro",9V8BN-H489F-43DJT-7V4TJ-9TPKC,
BD-00568,,,,Display,"CRT Monitor",Disposed,CNC838000Y,HP,"7540 17""","5,500",2005-01-01,,,,MIS,LWR,,SDL,,,,,,,,,,,,,,,,,
BD-00569,,,SDLD290,Computer,Desktop,Disposed,ABBF4491728AAC25827,Clone,845,"14,000",2002-01-01,,,,MIS,LWR,,SDL,,,Intel,"Intel Pentium 4",2.4,,80,1024,,,,"XP Pro",,,None,,
BD-00570,,,,Display,"CRT Monitor",Disposed,AR17H9LQ639347L,"Samsung ",193DF,"5,500",2005-01-01,,,,MIS,LWR,,SDL,,,,,,,,,,,,,,,,,
BD-00571,,n/a,SDLD068E,Computer,Desktop,Assigned,B6MOAB560214,Clone,H61,"18,000",2013-04-05,,,"Toufiq Ahmed","Industrial Engineering",LWR,SIL,SDL,tahmed,,Asus,"Intel Core i3 2100",3.1,,1024,8192,,,,"WIN10 Pro",2021-01-17,,None,,
BD-00572,,,,Display,Monitor,Disposed,ETC6616991SLOT,Benq,"Q7T4  17""","5,500",2010-06-03,,,,CAD,LWR,,SDL,mdidarul,,,,,,,,,,,,,,,,
BD-00573,,,SDLD420A,Computer,Desktop,Disposed,BTCR7210031SAAD78647,Clone,D945C,"14,000",2003-01-01,,,,MIS,LWR,,SDL,,,Intel,"Intel® Core ™ 2 Duo-4300",1.8,,500,3072,,,,"WIN7 Pro",,,None,,EX.SDLD069B
BD-00574,,,,Display,"CRT Monitor",Disposed,PYC081600124,"View Sonic","VS10794 21""","5,500",2005-01-01,,,,MIS,LWR,,SDL,,,,,,,,,,,,,,,,,
BD-00575,,INV-GBPGL-2020-003567,SDLD508A,Computer,Desktop,Assigned,KCM0KC484732LBJ,Asus,"Prime H310M-D R2.0",40850,2020-08-18,"Global Brand",SDL2000206,"Sayed Ali",CAD,LWR,SIL,SDL,sali,90MB0YZ0-M0UAY0,"Asus ","Intel Core i3 9100",3.6,256,,8192,,,,"WIN10 Pro",2022-08-23,,"Win 10 Pro",M9NB3-WXK2X-64T3P-DBF3B-2PQGT,
BD-00576,,,,Display,"CRT Monitor",Disposed,AU240618001582,Philips,"109B75 21""","5,500",2005-01-01,,,,MIS,LWR,,SDL,,,,,,,,,,,,,,,,,
BD-00577,,n/a,SDLD072E,Computer,Desktop,Disposed,B6MOAB560146,Clone,H61,"18,000",2013-04-05,,,"Shamim Reza",Production,LWR,SWL,SDL,sreza,,Asus,"Intelï¿½ Coreï¿½ i3-2100",3.1,,500,4096,,,,"WIN10 Pro",2020-03-04,,None,,
BD-00578,,,,Display,Monitor,Assigned,NEDGHMJZ600864F,Samsung,"B2230  21""","11,200",2010-03-02,,,"Rafiqul Islam3",CAD,LWR,,SDL,rafislam,,,,,,,,,,,,,,,,
BD-00579,,n/a,SDLD291E,Computer,Desktop,Assigned,B6MOAB560143,Clone,P8H61-MLX,"18,000",2013-09-09,,,"Beauty Akter/Jewel Rana 2",Quality,LWR,SIL,"Shanta Denim Limited",bakther/jewrana,,Asus,"Intel Core i3-2100",3.1,,1024,8192,,,,"WIN10 Pro",2020-01-02,,None,,"Dongle serial no 52079 VER 85"
BD-00580,,,,Display,Monitor,Assigned,NE5UHMAB701620T,Samsung,P8H61-MLX,"8,500",2010-05-06,,,"Arifur Rahman2",CAD,LWR,,SDL,arrahman,,,,,,,,,,,,,,,,
BD-00581,,n/a,SDLD223B,Computer,Desktop,"Need to Dispose",B6MOAB560142,Clone,H61,"18,000",2013-04-05,,,"Abdus Salam",CAD,LWR,SIL,SDL,asalam,,Asus,"Intelï¿½ Coreï¿½ i3-2100",3.1,,320,4096,,,,"WIN10 Pro",,,None,,"Dongle serial no: 52077, VER: 8.5"
BD-00582,,,,Display,Monitor,Assigned,NEDGHMJZ600855M,Samsung,"B2230  21""","11,200",2010-05-06,,,"Abdus Salam",CAD,LWR,,SDL,asalam,,,,,,,,,,,,,,,,
BD-00583,,,SDLP012,Printer,Printer,Assigned,VNC3H07829,HP,"Laser Jet 2055DN","44,000",2012-01-01,,,"HR Common",HR,LWR,,SDL,"HR Common",,,,,,,,,,,,,,,,
BD-00584,,,SDLD159A,Computer,Desktop,Disposed,AZSR41519864AAC45441,Clone,865,"14,000",2002-01-01,,,,MIS,LWR,,SDL,,,Intel,"Intel Pentium 4",2.4,,80,1024,,,,"XP Pro",,,None,,
BD-00585,,,,Display,"CRT Monitor",Disposed,WE000545400919,Philips,105S68,"5,500",2005-01-01,,,,MIS,LWR,,SDL,,,,,,,,,,,,,,,,,
BD-00586,,,,Printer,Printer,Disposed,MEKA026884,Canon,"Laser LBP-1210","85,000",2008-01-01,,,,MIS,LWR,,SDL,,,,,,,,,,,,,,,,,
BD-00587,,,SDLD151A,Computer,Desktop,Disposed,BTPR83401M6MAAD97573-301,Clone,DG-31PR,"15,000",2009-02-02,,,,MIS,LWR,,SDL,,,Intel,"Intel® Core ™ 2 Duo-E7200",2.53,,160,2048,,,,"WIN7 Pro",,,None,,
BD-00588,21004000042,,,Display,Monitor,Disposed,ZTRRHMBC503545kK,"Samsung ","S19A100N 19""","6,400",2009-01-01,,,,MIS,LWR,,SDL,,,,,,,,,,,,,,,,,
BD-00589,,,,UPS,UPS,Disposed,27491,Micro,UVS-1000,"4,800",2010-01-01,,,,MIS,LWR,,SDL,,,,,,,,,,,,,,,,,
BD-00590,,1,SDLD451,Computer,Desktop,Disposed,182260020868,Clone,P8H61-MLX3,"14,500",2013-09-09,,,"SDL sticker Printing",MIS,LWR,SDL,SDL,,,Asus,"Intel Pentium R (2 cores)",2.70,,500,"4096 ",,,,"WIN10 Pro",,,None,,
BD-00591,,,,Display,"CRT Monitor",Disposed,WE000329218232,Philips,105S5,"5,500",2005-01-01,,,,MIS,LWR,,SDL,,,,,,,,,,,,,,,,,
BD-00592,,,SDLD158A,Computer,Desktop,Disposed,BTPR908006P2AAD97573-303,Clone,D31PR,"14,000",2003-01-01,,,,MIS,LWR,,SDL,,,Intel,"Intel Duel core",2.2,,160,2048,,,,"WIN7 Pro",,,None,,
BD-00593,210011000017,,,Display,Monitor,Disposed,ZTRRHMBC503383H,"Samsung ","S19A100N 19""","8,500",2010-05-06,,,,MIS,LWR,,SDL,,,,,,,,,,,,,,,,,
BD-00594,,,,Computer,Desktop,Disposed,BTGC60342184AAD35788,Clone,915,"14,000",2002-01-01,,,,MIS,LWR,,SDL,,,Intel,,,,,,,,,,,,,,
BD-00595,210011000008,,,Display,Monitor,Disposed,ZTRRHMBC503472R,Samsung,S19A100N,"8,500",2010-05-06,,,,MIS,LWR,,SDL,,,,,,,,,,,,,,,,,"Display Problem"
BD-00596,,,SDLD149,Computer,Desktop,Disposed,6125794076,Clone,MS-3176,"14,000",2008-01-01,,,,MIS,LWR,,SDL,,,MSI,"Intel Pentium D",2.8,,40,1024,,,,"XP Pro",,,None,,
BD-00597,11004000074,,,Display,Monitor,Assigned,ZTRRHMBC502821V,"Samsung ","S19A100N 19""","8,500",2010-05-06,,,"Mohidul Hasan",Store,LWR,,SDL,mohasan,,,,,,,,,,,,,,,,
BD-00598,,,SDLD147C,Computer,Desktop,Disposed,50950701545,Clone,915,"14,000",2003-01-01,,,,MIS,LWR,,SDL,,,MSI,"Intel Pentium 4",3,,80,1024,,,,"WIN7 Pro",,,,,"Given as Temporary use instead of old SDLD125 motherboard repair/replace."
BD-00599,11004000074,n/a,,Display,Monitor,Disposed,ZTRRHMBC503175A,Samsung,"S19A100N 19","8,500",2010-05-06,,,"Rashed Ahmed",IE,LWR,SIL,SDL,rahmed,,,,,,,,,,,,,,,,
BD-00600,,,"Ex. SDLD146",Computer,Desktop,Disposed,21004098,Clone,845,"14,000",2002-01-01,,,,MIS,LWR,,SDL,,,Esonic,"Intel Pentium 4",2.8,,40,1024,,,,"XP Pro",,,None,,
BD-00601,11004000074,N/A,,Display,Monitor,Disposed,ZTRRHMBC503233R,Samsung,"S19A100N 19","8,500",2010-05-06,,,"Poranjan Chakraborti",Sample,LWR,SIL,SDL,pchakraborti,,,,,,,,,,,,,,,,
BD-00602,,,"Ex. SDLD155",Computer,Desktop,Disposed,SP2500RSWV203124644,Clone,945,"14,000",2002-01-01,,,,MIS,LWR,,SDL,,,,,,,,,,,,,,,,,
BD-00603,,,,Display,Monitor,Assigned,CNOUU578641808AD3HRM,Dell,E1609WC,"4,800",2010-02-04,,,"Zohirul Islam2",HR,LWR,,SDL,zoislam,,,,,,,,,,,,,,,,"Due to old monitor repair."
BD-00604,11004000187,,,UPS,UPS,Assigned,E0806029020,"Power Guard","PG-2000 AOF","4,800",2010-07-05,,,"zakaria Alom",Sample,LWR,,SDL,zalom,,,,,,,,,,,,,,,,
BD-00605,11004000163,,SDLL199B,Computer,Laptop,Assigned,2CE2251S9J,HP,"Probook 4440s","61,000",2013-01-01,,,"Abu Sayid",Planning,LWR,SDL,SDL,asayid,,,"Intel Core i5",2.5,,500,8192,,,,"WIN10 Pro",,Yes,"WIN 7 Pro",88PCV-KGRP8-2YMBP-7232J-7G743,
BD-00606,,,Ex.SDLD136A,Computer,Desktop,Disposed,BTGC61900ROGAAD42789,Clone,101GGC,"14,000",2005-01-01,,,,MIS,LWR,,SDL,,,Intel,"Intel Pentium D",2.66,,160,1024,,,,"WIN7 Pro",,,"PC XP Pro",,
BD-00607,,,,Display,"CRT Monitor",Disposed,"CNC82610NL ",HP,"7650 17""","5,500",2005-01-01,,,,MIS,LWR,,SDL,,,,,,,,,,,,,,,,,
BD-00608,,,,UPS,UPS,Assigned,B03K160024064A6,"Rahim Afrooz",600VA,"2,800",2010-03-02,,,"Nasir Hossain",Fabric,LWR,,SDL,nashossain,,,,,,,,,,,,,,,,
BD-00609,,,"Ex. SDLD137",Computer,Desktop,Disposed,0013D36A849C,Clone,MS-7176,"14,000",2008-01-01,,,,MIS,LWR,,SDL,,,MSI,"Intel Pentium D",2.8,,80,1024,,,,"XP Pro",,,None,,
BD-00610,,,,Display,"CRT Monitor",Disposed,WE000532403055,Philips,105S69,"5,500",2005-01-01,,,,MIS,LWR,,SDL,,,,,,,,,,,,,,,,,
BD-00611,,,,UPS,UPS,Disposed,B03J430006101A6,Micro,UVS-1000VA,"4,800",2011-08-04,,,,MIS,LWR,,SDL,,,,,,,,,,,,,,,,,
BD-00612,11004000195,,SDLL063B,Computer,Laptop,Disposed,4G8SWL1,Dell,"Latitude E5420","70,000",2011-06-02,,,,MIS,LWR,,SDL,,,,"Intel® Core ™  i3-2310M",2.1,,500,4096,,,,"WIN7 Pro",,,None,,
BD-00613,,,SDLD144,Computer,Desktop,Disposed,BTRL41805115AAC27848,Clone,915,"14,000",2002-01-01,,,,MIS,LWR,,SDL,,,Intel,"Intel Pentium 4",2.8,,80,1024,,,,"XP Pro",,,None,,
BD-00614,,,,Display,Monitor,Disposed,ETC6617012SLOT,Benq,"Q7T4  17""","5,500",2010-06-03,,,,MIS,LWR,,SDL,,,,,,,,,,,,,,,,,"Square Monitor"
BD-00615,,,,UPS,UPS,Assigned,BO3K160024120A6,"Rahim Afrooz",600VA,"2,800",2010-03-02,,,"Rahul Islam",MNT,LWR,,SDL,rahislam,,,,,,,,,,,,,,,,
BD-00616,,,,Scanner,Scanner,Assigned,CN071T20VCL2694A301,HP,"Scanjet 2410","5,200",2008-07-05,,,,MIS,LWR,,SDL,,,,,,,,,,,,,,,,,
BD-00617,,,"Ex. SDLD216",Computer,Desktop,Disposed,SGH8520KTB,HP,"DX7400 MT","22,000",2010-01-01,,,,MIS,LWR,,SDL,,,,,,,,,,,,,,,,,
BD-00618,,1,,Display,Monitor,"Need to Dispose",CNN803038J,HP,L1908W,"8,600",2011-02-02,,,"Salim Raza",Finishing,LWR,SIL,SDL,sraza,,,,,,,,,,,,,,,,
BD-00619,,n/a,SDLD201B,Computer,Desktop,Assigned,92MOAD225896,Clone,H81,"14,500",2003-01-01,,,"Swatch 3(Saddam)",Store,LWR,SIL,SDL,,,Asus,"Intel Pentium R G3240",3.1,,500,4096,,,,"WIN10 Pro",,,,,"Local Admin Access"
BD-00620,,,,Display,Monitor,Disposed,HA17HMDL946497W,Samsung,740N,"4,800",2010-05-06,,,,MIS,LWR,,SDL,,,,,,,,,,,,,,,,,
BD-00621,11004000187,,,UPS,UPS,Disposed,E110328289,"Power Guard","PG-2000 AOF","4,800",2010-07-05,,,,MIS,LWR,,SDL,,,,,,,,,,,,,,,,,
BD-00622,,,SDLD219G,Computer,Desktop,Assigned,J6M0CS037716,Asus,H310M-K,"28,110",2019-03-27,"Global Brand/ INV-GBPGL-2019-001934/ 3 yr wrenty",SIL0000075,"Zahidul Islam",Oparetion,LWR,,SDL,zahislam,,,"Core i3-8100",3.6,,1024,8196,,,,"WIN10 Pro",,,"WIN10 Pro",JGG8X-NM9Y9-RTD3B-3BPTP-DDBP2,
BD-00623,,,,Display,"CRT Monitor",Disposed,AU1A0834002721,Philips,107S96,"5,500",2005-01-01,,,,MIS,LWR,,SDL,,,,,,,,,,,,,,,,,
BD-00624,,n/a,SDLD203E,Computer,Desktop,"Need to Dispose",016018107914M1BETOB030402,Clone,P5G41T-MLX3,"14,500",2010-06-03,,,"Enayet Hossain",HR,LWR,SIL,SDL,enhossain,,Asus,"Intelï¿½ Core ï¿½ 2 Duo-E7500",2.93,,500,4096,,,,"WIN10 Pro",,,None,,
BD-00625,,,,Display,"CRT Monitor",Disposed,WE000545401870,Philips,105S68,"5,500",2005-01-01,,,,MIS,LWR,,SDL,,,,,,,,,,,,,,,,,
BD-00626,,,,UPS,UPS,Disposed,10826,Micro,UVS-650,"2,800",2011-01-01,,,,MIS,LWR,,SDL,,,,,,,,,,,,,,,,,
BD-00627,,,SDLD179,Computer,Desktop,Disposed,BTPR82000MOLAAD97573,Clone,G31,"14,000",2008-01-01,,,,MIS,LWR,,SDL,,,Intel,"Intel Core 2Duo",2.53,,160,1024,,,,"WIN7 Pro",,,None,,
BD-00628,,,,Display,"CRT Monitor",Disposed,CNC83607LS,HP,"7540 17""","5,500",2005-01-01,,,,MIS,LWR,,SDL,,,,,,,,,,,,,,,,,
BD-00629,,,,UPS,UPS,Disposed,,"Rahim Afrooz",600VA,"2,800",2010-03-02,,,,,LWR,,SDL,,,,,,,,,,,,,,,,,
BD-00630,,N/A,,Printer,Printer,Disposed,02C05501682,Zebra,"Bar-Code Z4MPLUS TM","200,000",2010-07-03,,,,MIS,LWR,"SIL Server room",SDL,,,,,,,,,,,,,,,,,
BD-00631,,1,SDLP046,Printer,Printer,Stock,02C05310646,Zebra,"Bar-Code Z4MPLUS TM","200,000",2010-07-03,,,"Cutting table common",Cutting,LWR,SIL,SDL,"Cutting table common",,,,,,,,,,,,,,,,
BD-00632,,,SDLP006,Printer,Printer,Assigned,CNHXJ42340,HP,"Laserjet 4250n","30,000",2011-01-01,,,"Commarcial Common",Commercial,LWR,,SDL,"Commercial Common",,,,,,,,,,,,,,,,
BD-00633,,,SDLP014,Printer,Printer,Assigned,VNC3T10071,HP,"Laser Jet 2055DN","44,000",2011-01-01,,,"Packing Common",Finishing,LWR,,SDL,"Packing Common",,,,,,,,,,,,,,,,
BD-00634,,,,Printer,Printer,Assigned,91866113,Datamax,"Bar-Code DMX-M-4206","200,000",2009-02-02,,,"Store loading area2",store,LWR,,SDL,"Store loading area2",,,,,,,,,,,,,,,,
BD-00635,,n/a,SDLD142C,Computer,Desktop,"Need to Dispose",BTPR82000MDEAAD7573,Clone,G31-M7TE,"14,000",2008-01-01,,,"Kamrul Ahasan",Production,LWR,SIL,SDL,kahasan,,Intel,"Intel Core 2Duo",2.53,,500,4096,,,,"WIN10 Pro",2020-07-26,,None,,
BD-00636,,,,Display,"CRT Monitor",Disposed,WE000504013931,Philips,105S,"5,500",2005-01-01,,,,MIS,LWR,,SDL,,,,,,,,,,,,,,,,,
BD-00637,,,,Printer,Printer,Assigned,VNC4P70218,HP,"Laser Jet  P1102","8,500",2009-01-01,,,"Shamim Hossain",Finishing,LWR,Portlink,Portlink,shamhossain,,,,,,,,,,,,,,,,
BD-00638,,1,,Printer,Printer,Assigned,VNC4P70122,HP,"Laser Jet  P1102","8,500",2009-01-01,,,"Shahin Akter",HR,LWR,SDL,SDL,sakter,,,,,,,,,,,,,,,,
BD-00639,,,,UPS,UPS,Assigned,BO4K20084133A6,"Rahim Afrooz",600VA,"2,800",2010-03-02,,,"Bashir Ahmed",BMT,LWR,,SDL,bahmed,,,,,,,,,,,,,,,,
BD-00640,,,,Display,"CRT Monitor",Disposed,CX000522426736,Philips,"109B6 17""","5,500",2005-01-01,,,,MIS,LWR,,SDL,,,,,,,,,,,,,,,,,
BD-00641,,n/a,SDLD157F,Computer,Desktop,Assigned,L1M0KC078681GJP,Clone,"Prime H310M-R2.0",40000,2020-09-12,"Global Brand",N/A,"Abdul Alim",Finishing,LWR,SDL,SDL,aabdul,,Asus,"Intel Core i3 9100",3.6,256,,8192,,,,"WIN 11 Pro",2025-07-15,,"Win 10 Pro",NYWP7-7BP77-FP88M-274WD-9D726,
BD-00642,,,SDLL072C,Computer,Laptop,stolen,CNU21310K6,HP,"ProBook 4530s","51,000",2011-09-14,,,,Fabric,LWR,,SDL,,,,"Intel® Core ™ i5 -2450M",2.5,,500,4096,,,,"WIN10 Pro",,B-107,None,,
BD-00643,,,,Printer,Printer,Disposed,VNF5Y01261,HP,"Laserjet P1005","8,500",2009-01-01,,,,MIS,LWR,,SDL,,,,,,,,,,,,,,,,,
BD-00644,,,SDLD259C,Computer,Desktop,Disposed,BBM0BX454022,Clone,P5G41T-MLX3,"14,500",2010-06-03,,,,MIS,LWR,,SDL,,,Asus,"Intel® Core ™ 2 Duo-E7200",2.53,,500,2048,,,,"WIN7 Pro",,,None,,
BD-00645,,,,Display,Monitor,Disposed,ETC6616998SLOT,Benq,"Q7T4  17""","5,500",2010-06-03,,,,MIS,LWR,,SDL,,,,,,,,,,,,,,,,,
BD-00646,,,,Printer,Printer,Disposed,CN6891Q2R7,HP,"Deskjet D1360","3,000",2010-01-01,,,,MIS,LWR,,SDL,,,,,,,,,,,,,,,,,
BD-00647,,n/a,SDLD293B,Computer,Desktop,"Need to Dispose",SN124790024904,Clone,H61M-S2PV,"15,000",2013-04-05,,,"Mehedi Hasan 2",Cutting,LWR,SIL,SDL,mehhasan,,Gigabyte,"Intel Pentium R (2 cores)-G645",2.9,,500,2048,,,,"WIN10 Pro",,,None,,
BD-00648,,,,Display,"CRT Monitor",Disposed,ANI5HHAX205612X,"Samsung ",551S,"5,500",2005-01-01,,,,MIS,LWR,,SDL,,,,,,,,,,,,,,,,,
BD-00649,,,"Ex. SDLD257",Computer,Desktop,Disposed,BQNT6180039AAC96315,Clone,865,"14,000",2002-01-01,,,,MIS,LWR,,SDL,,,Intel,"Intel Pentium 4",3,,80,1024,,,,"XP Pro",,,None,,
BD-00650,,,,Display,Monitor,Assigned,DS000544156203,Philips,1650S6F,"4,800",2009-02-04,,,"Common (SIL up stair All)","Marketing & Merchandising",LWR,,SDL,sscan,,,,,,,,,,,,,,,,
BD-00651,,,,UPS,UPS,Assigned,11410,"Micro ",UVS-650,"2,800",2012-01-01,,,"Kalam Azad",Finishing,LWR,,SDL,kazad,,,,,,,,,,,,,,,,
BD-00652,,,,Printer,Printer,Disposed,NSW23097,Canon,"Deskjet IP1980","3,000",2010-01-01,,,,MIS,LWR,,SDL,,,,,,,,,,,,,,,,,
BD-00653,,,"Ex. SDLD209A",Computer,Desktop,Disposed,0013D3DB6019,MSI,MS-7101,"14,000",2008-01-01,,,,MIS,LWR,,SDL,,,MSI,,,,,,,,,,,,,,
BD-00654,,n/a,,Display,Monitor,"Need to Dispose",BZ000511411090,Philips,"150B6 16","4,800",2009-02-04,,,"Sayed Rahman",Quality,LWR,SIL,SDL,sayrahman,,,,,,,,,,,,,,,,
BD-00655,,,,UPS,UPS,Disposed,880716015396,Prolink,PC-600,"2,800",2009-01-01,,,,MIS,LWR,,SDL,,,,,,,,,,,,,,,,,
BD-00656,,n/a,SDLD418B,Computer,Desktop,"Need to Dispose",SN170350223915,Clone,H110M-S2PH,"34,449",2017-07-08,"StarTech/INV-STETB-2017-001696/ 3 yars wrnty",1171,"Sabbir Rahman","Human Resource",LWR,SIL,SDL,sabrahman,,Gigabyte,"Core i3-6100",3.7,256,,8192,,,,"WIN10 Pro",2021-11-06,,"Win 10 Pro",YNCD9-H9JV2-3RDP7-3XYTF-844C4,"StarTechINVSTETB2017001696 3 yrs wrnty"
BD-00657,,,,Display,"CRT Monitor",Disposed,AU1A07,Philips,"107S7 17""","5,500",2005-01-01,,,,MIS,LWR,,SDL,,,,,,,,,,,,,,,,,
BD-00658,,N/A,,UPS,UPS,"Need to Dispose",B03K160024119A6,"Rahim Afrooz",600VA,"2,800",2011-03-04,,,"Habeebur Rahman",Commercial,LWR,SIL,SDL,hrahman,,,,,,,,,,,,,,,,
BD-00659,,,"Ex. SDLD258",Computer,Desktop,Disposed,0008A1798591,Clone,815,"14,000",2002-01-01,,,,MIS,LWR,,SDL,,,Esonic,,,,,,,,,,,,,,
BD-00660,,,,Display,"CRT Monitor",Disposed,WE000545401515,Philips,105G7,"5,500",2005-01-01,,,,MIS,LWR,,SDL,,,,,,,,,,,,,,,,,
BD-00661,,,"Ex. SDLD340",Computer,Desktop,Disposed,BTGC62101LE6AAD42789,Clone,945,"14,000",2002-01-01,,,,MIS,LWR,,SDL,,,Intel,"Intel Pentium 4",3.00,,80,"1024 ",,,,"XP Pro",,,None,,
BD-00662,,,,Display,"CRT Monitor",Disposed,DO5Y404IL000057BD,LG,500G,"5,500",2005-01-01,,,,MIS,LWR,,SDL,,,,,,,,,,,,,,,,,
BD-00663,,n/a,SDLD301C,Computer,Desktop,"Need to Dispose",C8M0CS051438,Clone,"P8H61-MLX3 R2.0","14,500",2013-09-09,,,"Fazlur Rahman",Quality,LWR,SWL,SDL,frahman,,Asus,"Intel Pentium R (2 cores)",2.93,,500,4096,,,,"WIN10 Pro",,,None,,
BD-00664,,,,Display,"CRT Monitor",Disposed,WE000620402789,Philips,105G7,"5,500",2005-01-01,,,,MIS,LWR,,SDL,,,,,,,,,,,,,,,,,
BD-00665,,n/a,SDLD289D,Computer,Desktop,"Need to Dispose",B6MOAB560138,Clone,H61,"18,000",2013-04-05,,,"Monsur Alam",Store,LWR,SDL,SDL,moalam,,Asus,"Intel Core i3",3.1,,1024,4096,,,,"WIN10 Pro",2020-11-02,,None,,
BD-00666,,1,,Display,Monitor,Disposed,CN-OUU578-64180-8A6-8FHM,Dell,"E1609WC 16","4,800",2010-02-04,,,"Mahabur Rahaman",Quality,LWR,SIL,SDL,mrahaman,,,,,,,,,,,,,,,,
BD-00667,,,,Computer,Desktop,Disposed,"BTGC61900QXG AA D42789-201",Clone,D102GGC,"14,000",2003-01-01,,,,MIS,LWR,,SDL,,,Intel,"Intel Pentium D",2.66,,500,1024,,,,"WIN7 Pro",,,None,,
BD-00668,,,,Display,"CRT Monitor",Disposed,DTI5HMDN535851N,"Samsung ",550V,"5,500",2005-01-01,,,,MIS,LWR,,SDL,,,,,,,,,,,,,,,,,
BD-00669,,,SDLD244B,Computer,Desktop,Disposed,AAMOAB287860,Clone,P7H55-MLX,"18,000",2010-06-03,,,,MIS,LWR,SIL,SDL,,,,"Intel® Core ™  i3-540",3.7,,500,4096,,,,"WIN10 Pro",,,None,,
BD-00670,,n/a,,Display,Monitor,"Need to Dispose",NE5UHMDB501727E,Samsung,"B1930N  19","8,500",2010-05-06,,,"Rafiqul Islam4","Industrial Engineering",LWR,SIL,SDL,rafiqislam,,,,,,,,,,,,,,,,
BD-00671,11004000119,n/a,,UPS,UPS,Disposed,E110328317,"Power Guard","PG-2000 AOF","4,800",2010-07-05,,,"Mohiuddin Ahmed",Commercial,LWR,SIL,SDL,mahmed,,,,,,,,,,,,,,,,
BD-00672,,,SGCD099,Computer,Desktop,Disposed,ARRU40119272AAA97674,Clone,845,"14,000",2002-01-01,,,,MIS,LWR,,SDL,,,Intel,,,,,,,,,,,,,,
BD-00673,,,,Display,"CRT Monitor",Disposed,DT15HMDN535566B,"Samsung ",550V,"5,500",2005-01-01,,,,MIS,LWR,,SDL,,,,,,,,,,,,,,,,,
BD-00674,,,"Ex. SDLL065A",Computer,Laptop,Disposed,38398738969,Dell,"Inspiron 1464","34,000",2010-02-04,,,,MIS,LWR,,SDL,,,,,,,,,,,,,,,,,"Paltan Model Thana, GD No. 262, Date-03/10/2013"
BD-00675,,,SDLD110C,Computer,Desktop,Disposed,HVRVY1S,Dell,"Vostro 220","22,000",2010-02-04,,,,MIS,LWR,,SDL,,,,"Intel® Core ™ 2 Duo",2.66,,500,2048,,,,"WIN10 Pro",,,None,,
BD-00676,11004000119,,,UPS,UPS,Disposed,E110328316,"Power Guard","PG-2000 AOF","4,800",2010-07-05,,,,MIS,LWR,,SDL,,,,,,,,,,,,,,,,,
BD-00677,,1,,Display,Monitor,Disposed,CNN8030380D,HP,"HP1908W 19","8,600",2011-02-02,,,,MIS,LWR,SDL,SDL,,,,,,,,,,,,,,,,,
BD-00678,21004000035,,,Computer,Desktop,Disposed,SGH8470KHT,HP,"DX7400 MT","25,000",2011-02-02,,,,MIS,LWR,,SDL,,,,"Intel Core 2Duo",2.53,,500,3072,,,,"WIN10 Pro",,,,,
BD-00679,,,,UPS,UPS,Disposed,27492,"Micro ",UVS-1000VA,"4,800",2012-01-01,,,,MIS,LWR,,SDL,,,,,,,,,,,,,,,,,
BD-00680,,,,Display,Monitor,Disposed,ETFS604501SLOT,Benq,"Q7T4  17""","6,400",2009-01-01,,,,MIS,LWR,,SDL,,,,,,,,,,,,,,,,,
BD-00681,,,,Computer,Desktop,Disposed,0016171FD103,MSI,MS-7176,"14,000",2008-01-01,,,,MIS,LWR,,SDL,,,MSI,,,,,,,,,,,,,,
BD-00682,,,,Display,Monitor,Disposed,DL1A0811497501T,Philips,"170S8 19""","6,400",2009-01-01,,,,MIS,LWR,,SDL,,,,,,,,,,,,,,,,,
BD-00683,,,,UPS,UPS,Disposed,BO3K160024367A6,"Rahim Afrooz",600VA,"2,800",2011-03-04,,,,MIS,LWR,,SDL,,,,,,,,,,,,,,,,,
BD-00684,,,"Ex. SDLD096A",Computer,Desktop,Disposed,A241N03910916BS8,Clone,KM400-8235,"14,000",2008-01-01,,,,MIS,LWR,,SDL,,,Foxcon,AMD,1.66,,40,1024,,,,"XP Pro",,,None,,
BD-00685,,,,Display,"CRT Monitor",Disposed,WE000614400977,Philips,105G7,"5,500",2005-01-01,,,,MIS,LWR,,SDL,,,,,,,,,,,,,,,,,
BD-00686,,,,UPS,UPS,Disposed,BO3J28000163A6,"Rahim Afrooz",600VA,"2,800",2011-03-04,,,,MIS,LWR,,SDL,,,,,,,,,,,,,,,,,"Asset no N\A"
BD-00687,,n/a,SDLD399B,Computer,Desktop,Assigned,SN152560055177,Clone,GA-H81M-S2PV,"14,500",2013-09-09,,,"Amzad Hossain",Sample,LWR,SWL,SDL,amzhossain,,"Gigabyte ","Intel Pentium R (2 cores)-G3250",3.2,,500,4096,,,,"WIN10 Pro",,,None,,
BD-00688,,,,Display,Monitor,Disposed,CN-0UU578-64180-8A6-676M,Dell,E1609Wc,"4,800",2010-02-04,,,,MIS,LWR,,SDL,,,,,,,,,,,,,,,,,
BD-00689,,,,UPS,UPS,Disposed,,Ablerex,,"2,800",2009-01-01,,,,MIS,LWR,,SDL,,,,,,,,,,,,,,,,,
BD-00690,,n/a,SDLD117F,Computer,Desktop,Assigned,L3M0CS00H602LUK,Clone,"Asus  Prime H310M-E R2.0",40850,2020-09-16,,,"Mizanoor Rahman",Store,LWR,SIL,SDL,mizrahman,90MB0Z20-M0UAY0,Asus,"Intel Core i3 9100",3.20,"512 GB",,8192,,,,"WIN10 Pro",2023-05-15,,"Win 10 Pro",89XND-39K9V-6BX83-8GP6H-8HV26,
BD-00691,,,,Display,Monitor,Disposed,CNOUU578641808A660QM,Dell,"E1609WC 16""","4,800",2010-02-04,,,,MIS,LWR,,SDL,,,,,,,,,,,,,,,,,
BD-00692,,,,UPS,UPS,Disposed,412451,Vanstab,600VA,"2,800",2009-01-01,,,,MIS,LWR,,SDL,,,,,,,,,,,,,,,,,
BD-00693,,,SDLL200A,Computer,Laptop,Disposed,D9Z94N1,Dell,"Inspiron N4030","34,000",2010-02-04,,,,MIS,LWR,,SDL,,,,"Intel Core i3",2.27,,320,4096,,,,"WIN7 Pro",,,None,,
BD-00694,,1,SDLD174E,Computer,Desktop,Assigned,J1M0KC032563,Clone,H110M-CS,"27,500",2019-02-18,"Global Brand/ INV-GBPGL-2019-001112/ 3yr wrnty",SIL0000066,"Jonayed Siddiki",IE,LWR,SIL,SDL,jsiddiki,,,"Intel Core i3 7100",3.9,,1024,8192,,,,"WIN10 Pro",,,"WIN 7 Pro",TKKMH-QYTRX-PRVCG-BMY29-M84X2,
BD-00695,,,,Display,Monitor,Disposed,CNOUU578641808AD0YKM,Dell,"E1609WC 16""","4,800",2010-02-04,,,,MIS,LWR,,SDL,,,,,,,,,,,,,,,,,
BD-00696,,n/a,SDLD106F,Computer,Desktop,"Need to Dispose",FXRVY1S,Dell,"Vostro 220","22,000",2010-02-04,,,"Beauty Akther",Quality,LWR,SIL,SDL,bakther,,,"Intelï¿½ Core ï¿½ 2 Duo",2.66,,500,4096,,,,"WIN10 Pro",,,None,,
BD-00697,11004000074,N/A,,Display,Monitor,"Need to Dispose",ZTRRHMBC503385M,Samsung,S19A100N,"8,500",2010-05-06,,,"Robiul Dewan",Cutting,LWR,SDL,SDL,rdewan,,,,,,,,,,,,,,,,
BD-00698,,,,UPS,UPS,Assigned,B03K160024368A6,"Rahim Afrooz",600VA,"2,800",2011-03-04,,,"Shadid Sarker",Sample,LWR,,SDL,shsarker,,,,,,,,,,,,,,,,
BD-00699,21004000036,na,,Computer,Desktop,Disposed,SGH9380T3Z,HP,"DX2390 MT","25,000",2011-02-02,,,"Anwar Hossain 2",Maintenance,LWR,SWL,SDL,anwhossain,,,"Intel Core 2Duo",2.8,,250,2048,,,,"WIN10 Pro",,,None,,
BD-00700,11004000074,n/a,,Display,Monitor,Disposed,ZTRRHMBC502912L,Samsung,S19A100N,"8,500",2010-05-06,,,"Lutfor Rahman",IE,LWR,SIL,SDL,lrahman,,,,,,,,,,,,,,,,
BD-00701,,,"Ex. SDLD198C",Computer,Desktop,Disposed,77MOX2YR01XE,Clone,915,"14,000",2002-01-01,,,,MIS,LWR,,SDL,,,Asrock,"Intel Pentium 4",2.6,,160,2048,,,,"WIN7 Pro",,,None,,
BD-00702,,n/a,,Display,Monitor,"Need to Dispose",CN03672H641809AU3KBL,Dell,"E1609WC 16","4,800",2010-02-04,,,"Enayet Hossain",HR,LWR,SIL,SDL,enhossain,,,,,,,,,,,,,,,,
BD-00703,,,,UPS,UPS,Disposed,BO3K160024087A6,"Rahim Afrooz",600VA,"2,800",2011-03-04,,,,MIS,LWR,,SDL,,,,,,,,,,,,,,,,,
BD-00704,,,,Printer,Printer,Disposed,CNCID29068,HP,"Laserjet 1160","85,000",2008-01-01,,,,MIS,LWR,,SDL,,,,,,,,,,,,,,,,,
BD-00705,,n/a,SDLD107C,Computer,Desktop,Assigned,J6M0CS037477,Clone,"Prime H310M-K","28,110",2019-03-27,"Global Brand/ INV-GBPGL-2019-001934/ 3 yr wrenty",SIL0000075,"Siddikur Rahman",Sample,LWR,SIL,SDL,sirahman,,,"Intelï¿½ Core ï¿½ i3 8100",3.6,,1024,8196,,,,"WIN10 Pro",2021-05-09,,"WIN 7 Pro",BRK4Q-K9DVF-98BG8-PGQ6Q-DB7QF,
BD-00706,,,,Display,Monitor,Disposed,ETC6617028SLOT,Benq,"Q7T4  17""","6,400",2009-01-01,,,,MIS,LWR,,SDL,,,,,,,,,,,,,,,,,
BD-00707,,,,UPS,UPS,Disposed,BO3K160024062A6,"Rahim Afrooz",600VA,"2,800",2010-03-02,,,,MIS,LWR,,SDL,,,,,,,,,,,,,,,,,
BD-00708,,,,Display,"CRT Monitor",Disposed,OP14HMEKB29173L,"Samsung ",Syma450b,"5,500",2005-01-01,,,,MIS,LWR,,SDL,,,,,,,,,,,,,,,,,
BD-00709,,,"Ex. SDLD213",Computer,Desktop,Disposed,00055D4A731E,Clone,845,"14,000",2002-01-01,,,,MIS,LWR,,SDL,,,,,,,,,,,,,,,,,
BD-00710,,,,UPS,UPS,Disposed,BO4K200082906A6,"Rahim Afrooz",600VA,"2,800",2011-03-04,,,,MIS,LWR,,SDL,,,,,,,,,,,,,,,,,
BD-00711,,,,Scanner,Scanner,Disposed,J7SW013248,Epson,EPSONV10,"52,000",2008-07-05,,,"Ex.Romis Uddin",MIS,LWR,SDL,SDL,,,,,,,,,,,,,,,,,
BD-00712,,,,Computer,Desktop,Disposed,BOBF32902453AAC25827,Clone,845,"14,000",2002-01-01,,,,MIS,LWR,,SDL,,,Intel,,,,,,,,,,,,,,
BD-00713,,,,Display,"CRT Monitor",Disposed,ER90900033,"View Sonic","E653 15""","5,500",2005-01-01,,,,MIS,LWR,,SDL,,,,,,,,,,,,,,,,,
BD-00714,,,,UPS,UPS,Disposed,27496,Micro,UVS-1000,"4,800",2010-01-01,,,,MIS,LWR,,SDL,,,,,,,,,,,,,,,,,
BD-00715,11004000118,n/a,,Scanner,Scanner,Disposed,CN12WVH1TW,HP,"HPSJET 5590","36,800",2010-02-04,,,"Mahfuzur Rahman2",HR,LWR,SDL,SDL,mahrahman2,,,,,,,,,,,,,,,,
BD-00716,,,,Printer,Printer,Disposed,CNC1F11150,HP,"Laserjet 1160","85,000",2008-01-01,,,,MIS,LWR,,SDL,,,,,,,,,,,,,,,,,
BD-00717,,n/a,SDLD119B,Computer,Desktop,"Need to Dispose",6CF049C2784A9,Clone,P5G41T-MLX3,"14,500",2010-06-03,,,"Sazzadur Rahman",Commercial,LWR,SIL,SDL,sarahman,,Asus,"Intelï¿½ Core ï¿½ 2 Duo",2.93,,500,4096,,,,"WIN10 Pro",,,None,,
BD-00718,,,,Display,Monitor,Assigned,NE5UHMJB100605H,Samsung,"B1930N  19""","8,500",2010-05-06,,,"Sazzadur Rahman",Commercial,LWR,,SDL,sarahman,,,,,,,,,,,,,,,,
BD-00719,,0,SDLD118A,Computer,Desktop,"Need to Dispose",A8MOAB134135,Clone,P5G41C-MLX,"14,500",2010-06-03,,,,MIS,LWR,SIL,SDL,,,Asus,"Intel ï¿½ Dual Core ",3,,1024,4096,,,,"WIN10 Pro",,,None,,
BD-00720,,,,Display,"CRT Monitor",Disposed,CX000548281237,Philips,"107S6 16""","5,500",2005-01-01,,,,MIS,LWR,,SDL,,,,,,,,,,,,,,,,,
BD-00721,,,SDLD126A,Computer,Desktop,Disposed,8XRVY1S,Dell,"Vostro 220","22,000",2010-02-04,,,,MIS,LWR,,SDL,,,,"Intel® Core ™ 2 Duo-E7300",2.66,,160,2048,,,,"WIN7 Pro",,,None,,
BD-00722,,,,Display,"CRT Monitor",Disposed,WE000620403345,Philips,105G7,"5,500",2005-01-01,,,,MIS,LWR,,SDL,,,,,,,,,,,,,,,,,
BD-00723,,,SDLD240A,Computer,Desktop,Disposed,LAAV60100168,Clone,865,"14,000",2003-01-01,,,,MIS,LWR,,SDL,,,Intel,"Intel Pentium4",3,,80,3072,,,,"WIN7 Pro",,,None,,
BD-00724,,,,Display,Monitor,Disposed,BZ000607163428,Philips,"150S6 16""","6,400",2009-01-01,,,,MIS,LWR,,SDL,,,,,,,,,,,,,,,,,
BD-00725,,n/a,SDLD104D,Computer,Desktop,Assigned,SN165350130637,Clone,GA-H110M-DS2V,"25,386",2017-05-07,"StarTech/INV-STETB-2017-000755/3 yars wrnty",1150,"Imtiaz Ahmed","Marketing & Merchandising",LWR,SIL,SDL,iahmed,,Gigabyte,"Core i3-6100",3.7,,500,8196,,,,"WIN10 Pro",,,None,,"StarTech/INV-STETB-2017-000755/3 yars wrnty"
BD-00726,,,,Display,Monitor,Assigned,NE5UHMCB403638X,"Samsung ","B1930N  19""","8,500",2010-05-06,,,"Safiqur Rahman","Marketing & Merchandising",LWR,,SDL,srahman,,,,,,,,,,,,,,,,
BD-00727,,,,UPS,UPS,Assigned,BO3K160024064A6,"Rahim Afrooz",600VA,"2,800",2011-03-04,,,"Safiqur Rahman","Marketing & Merchandising",LWR,,SDL,srahman,,,,,,,,,,,,,,,,
BD-00728,,,SDLD228G,Computer,Desktop,Disposed,SGH8040856,HP,"Compaq DC5750 MT ","25,000",2011-02-02,,,"Ex.Romis Uddin",MIS,LWR,,SDL,,,,"AMD Dualcore",2.49,,500,2048,,,,"XP Pro",,,"WIN XP Pro",MY34B-8J9CV-M28FK-CQG4R-KWX36,
BD-00729,,n/a,SDLD228G,Display,Monitor,Disposed,CNOUU578641808AD3KAM,Dell,"E1609WC 16","4,800",2010-02-04,,,"Nasir Hossain",Fabric,LWR,SIL,SDL,nashossain,,,,,,,,,,,,,,,,
BD-00730,,,,UPS,UPS,Disposed,B03K160024369A6,"Rahim Afrooz",600VA,"2,800",2011-03-04,,,,MIS,LWR,,SDL,,,,,,,,,,,,,,,,,
BD-00731,,A001INV19014539,SDLD095G,Computer,Desktop,Assigned," 601-7C09-050B1908008915",Clone,"H310M Pro-VDH plus",40000,2019-02-04,,SDL2000177,"Jahurul ISlam ","Human Resource",LWR,SIL,SDL,jahislam,,"MSI H310M Pro-VDH plus","Intel Core i3 9100",3.6,240,,"8192 ",,,,"WIN10 Pro",2019-12-21,,"Win 10 Pro",X6N8J-B9243-RFQ2C-74PG3-GF4C6,
BD-00732,,,,Display,Monitor,Assigned,NY22HMBQC01628R,Samsung,2243LNX,"11,200",2010-05-06,,,swlgate,HR,LWR,,SDL,swlgate,,,,,,,,,,,,,,,,
BD-00733,,,,UPS,UPS,Disposed,141161,Vanstab,N/A,"2,800",2009-01-01,,,,MIS,LWR,,SDL,,,,,,,,,,,,,,,,,
BD-00734,,,,Printer,Printer,Disposed,TH86A343NX,HP,"Deskjet D1560","3,000",2010-01-01,,,,MIS,LWR,,SDL,,,,,,,,,,,,,,,,,
BD-00735,,,"Ex. SDLD093B",Computer,Desktop,Disposed,000D8845D62E,Clone,945,"14,000",2002-01-01,,,,MIS,LWR,,SDL,,,,"Intel Pentium 4",3,,250,1024,,,,"WIN7 Pro",,,None,,
BD-00736,,,,Display,"CRT Monitor",Disposed,AU1A0834002902,Philips,"107S6 16""","5,500",2005-01-01,,,,MIS,LWR,,SDL,,,,,,,,,,,,,,,,,
BD-00737,,n/a,,UPS,UPS,Disposed,BO3K160024121A6,"Rahim Afrooz",600VA,"2,800",2011-03-04,,,,Quality,LWR,SWL,SDL,,,,,,,,,,,,,,,,,
BD-00738,11004000163,n/a,SDLL084E,Computer,Laptop,Assigned,2CE2251S7B,HP,"Probook 4440s","61,000",2013-01-01,,,"Rakibul Hasan","Industrial Engineering",LWR,SDL,SDL,rhasan,,,"Intel Core i5",2.5,500,,8192,,,,"WIN10 Pro",2022-12-20,no,"WIN 7 Pro",TVM2W-49JH8-X7WRK-Q2BGM-HQHï¿½,
BD-00739,,,SDLL169A,Computer,Laptop,Disposed,OTT347-78783-876-00WN,Dell,"Vostro 1400","22,000",2008-06-02,,,,MIS,LWR,SIL,SDL,,,,"Intel® Core ™ 2 Duo",2,,500,2048,,,,"WIN7 Pro",,,"WIN Vista Buiness",22X8P-MB4QX-CQF2H-2JH7K-CXC7W,
BD-00740,,n/a,SDLD115D,Computer,Desktop,Disposed,71SVY1S,Dell,"Vostro 220","22,000",2010-02-04,,,"Mominul Islam",IE,LWR,SIL,SDL,momislam,,,"Intelï¿½ Core ï¿½ 2 Duo",2.66,,500,2048,,,,"Win10 Pro",,,None,,
BD-00741,,,,Display,Monitor,Assigned,ZTRRHMBC503287B,Samsung,S19A100N,"8,500",2010-05-06,,,"Zahidul Islam",Oparetion,LWR,,SDL,zahislam,,,,,,,,,,,,,,,,
BD-00742,,,,UPS,UPS,Assigned,BO3K160024307A6,"Rahim Afrooz",600VA,"2,800",2011-03-04,,,"Osman Goni",Finishing,LWR,,SDL,ogoni,,,,,,,,,,,,,,,,
BD-00743,,,,Computer,Desktop,Disposed,6XRVY1S,Dell,"Vostro 220","22,000",2010-02-04,,,,MIS,LWR,,SDL,,,,"Intel® Core ™ 2 Duo-E7300",2.66,,160,2048,,,,"WIN7 Pro",,,None,,
BD-00744,,1,,Display,Monitor,Assigned,96LMIZ0195,Asus,"VH192 19","8,600",2010-02-03,,,"Rahad Hossain",Sample,LWR,SIL,SDL,rahossain,,,,,,,,,,,,,,,,
BD-00745,,,,UPS,UPS,Disposed,635A00843,Vanstab,"Blazer 1000VA","4,800",2011-03-04,,,,MIS,LWR,,SDL,,,,,,,,,,,,,,,,,
BD-00746,21004000056,n/a,SDLD121B,Computer,Desktop,Disposed,SGH9380T3M,HP,"Compaq Dx2390 MT","25,000",2011-02-02,,,"Sayed Akram",Planning,LWR,SIL,SDL,sakram,,,"Intelï¿½ Coreï¿½ 2 Duo",2.8,,250,3072,,,,"WIN10 Pro",,,None,,
BD-00747,,N/A,,Display,Monitor,Assigned,NE5UHCB403465K,Samsung,"B1930N  19","8,500",2010-05-06,,,"Fakrul Hassan",Finishing,LWR,SDL,SDL,fhassan,,,,,,,,,,,,,,,,
BD-00748,,,,UPS,UPS,Disposed,27488,Micro,UVS-1000VA,"4,800",2012-01-01,,,,MIS,LWR,,SDL,,,,,,,,,,,,,,,,,
BD-00749,21004000037,n/a,,Computer,Desktop,Disposed,SGH9380SYT,HP,"Dx2390 MT","25,000",2011-02-02,,,"Momin Mia",Production,LWR,SDL,SDL,mommia,,,"Intelï¿½ Core ï¿½ 2 Duo-E7400",2.8,,250,2048,,,,"WIN10 Pro",,,None,,
BD-00750,,n/a,,Display,Monitor,Disposed,96LMI7049497,Asus,"VH192 19","8,600",2010-02-03,,,,MIS,LWR,SIL,"Shanta Denim Limited",,,,,,,,,,,,,,,,,
BD-00751,11004000159,n/a,SDLD175C,Computer,Desktop,Disposed,99PBAW000322,Asus,V6-P5G41H,"14,000",2010-02-03,,,"Shawkat Ali",Quality,LWR,SIL,SDL,shaali,,,"Intel Core 2 Duo-E7500",2.93,,1024,3072,,,,"WIN10 Pro",2019-12-03,,None,,
BD-00752,,,,Display,Monitor,Disposed,CNOUU578641808AD3KHM,Dell,"E1609WC 16""","4,800",2010-02-04,,,,MIS,LWR,,SDL,,,,,,,,,,,,,,,,,
BD-00753,11004000119,n/a,,UPS,UPS,Disposed,E100523027,"Power Guard",PG-2000AOF,"4,800",2010-07-05,,,"Shahin Sikder",PCC,LWR,SDL,SDL,ssikder,,,,,,,,,,,,,,,,
BD-00754,,,SDLD125A,Computer,Desktop,Disposed,CVRVY1S,Dell,"Vostro 220","14,500",2010-02-04,,,,MIS,LWR,,SDL,,,,"Intel Core 2Duo",2.66,,160,1024,,,,"WIN7 Pro",,,None,,
BD-00755,,,,Display,Monitor,Disposed,4718235075118,Acer,AL502,"4,800",2010-02-03,,,,MIS,LWR,,SDL,,,,,,,,,,,,,,,,,
BD-00756,11004000119,,,UPS,UPS,Disposed,E110323223,"Power Guard",PG-2000AOF,"4,800",2010-07-05,,,,Production,LWR,,SDL,,,,,,,,,,,,,,,,,
BD-00757,,n/a,SDLD133B,Computer,Desktop,"Need to Dispose",BTPR82000M11AAD97573,Clone,G41,"14,500",2010-05-03,,,"Asif Raihan",Store,LWR,SWL,SDL,araihan,,Intel,"Intel Core 2Duo",2.53,,500,"2048 ",,,,"WIN10 Pro",,,None,,
BD-00758,,,,Display,"CRT Monitor",Disposed,AU1A0836000460,Philips,"107S96 17""","5,500",2005-01-01,,,,MIS,LWR,,SDL,,,,,,,,,,,,,,,,,
BD-00759,,,,UPS,UPS,Assigned,2682,Micro,UVS-650,"2,800",2012-01-01,,,"Lal Chand",Production,LWR,,SDL,lchand,,,,,,,,,,,,,,,,
BD-00760,,n/a,SDLD102D,Computer,Desktop,Disposed,GWRVY1S,Dell,"Vostro 220","22,000",2010-02-04,,,"Mostafizur Rahman2",Finishing,LWR,SDL,SDL,mrahman,,,"Intelï¿½ Core ï¿½ 2 Duo",2.66,,500,2048,,,,"WIN10 Pro",,,None,,
BD-00761,,,,Display,Monitor,Assigned,CNOUU578541808AD3L9M,Dell,"E1609WC 16""","4,800",2010-02-04,,,"Kalam Azad",Finishing,LWR,,SDL,kazad,,,,,,,,,,,,,,,,
BD-00762,,,SDLD101A,Computer,Desktop,Disposed,CXARVY1S,Dell,"Vostro 220","22,000",2010-02-04,,,,MIS,LWR,,SDL,,,,"Intel® Core ™ 2 Duo-E7300",2.66,,160,2048,,,,"WIN7 Pro",,,None,,
BD-00763,,,,Display,Monitor,Stock,NE5UHMDB501745K,Samsung,"B1930N  19""","8,500",2010-05-06,,,,CAD,LWR,,SDL,,,,,,,,,,,,,,,,,
BD-00764,,,,UPS,UPS,Disposed,MA551430140,Ablerex,625L,"2,800",2009-01-01,,,,MIS,LWR,,SDL,,,,,,,,,,,,,,,,,
BD-00765,41004000032,n/a,SDLL045E,Computer,Laptop,Disposed,CNU12203XN,HP,"Probook 4530s","51,000",2011-10-16,,,"Ex user Jannatul Barik",Oparetion,LWR,SWL,SDL,jbarik,,,"Intel Core i3",2.2,480,,8192,,,,"WIN10 Pro",2020-07-23,Yes,"Win 7 pro",8YRVD-TH69R-DKBKB-G474X-6FXXQ,
BD-00766,,,"Ex. SDLD230",Computer,Desktop,Disposed,ABBF44409502AAC25B27,Clone,915,"14,000",2002-01-01,,,,MIS,LWR,,SDL,,,Intel,"Intel Pentium 4",2.8,,80,2048,,,,"XP Pro",,,None,,
BD-00767,,,,Display,"CRT Monitor",Disposed,DT15HMEN709445T,"Samsung ","550S 15""","5,500",2005-01-01,,,,MIS,LWR,,SDL,,,,,,,,,,,,,,,,,
BD-00768,11004000119,,,UPS,UPS,Assigned,E100829960,"Power Guard",PG-2000AOF,"4,800",2010-03-02,,,"Saiful Islam",Commercial,LWR,,SDL,saislam,,,,,,,,,,,,,,,,
BD-00769,,,,Printer,Printer,Disposed,BE9Y110325,Epson,LQ-2180,"65,000",2009-01-01,,,,MIS,LWR,,SDL,,,,,,,,,,,,,,,,,
BD-00770,,,,Printer,Printer,Disposed,FSWY021606,Epson,LQ-590,"28,000",2005-06-27,,,,MIS,LWR,,SDL,,,,,,,,,,,,,,,,,
BD-00771,,,,Printer,Printer,Disposed,FSWY021623,Epson,LQ-590,"28,000",2005-06-27,,,,MIS,LWR,,SDL,,,,,,,,,,,,,,,,,
BD-00772,,,,Printer,Printer,Disposed,1YTY078262,Epson,"Dot-Matrix  LX-300","28,000",2005-06-27,,,,MIS,LWR,,SDL,,,,,,,,,,,,,,,,,
BD-00773,,,,UPS,UPS,Disposed,93601045,UPS,EA930RS,"2,800",2009-01-01,,,,MIS,LWR,,SDL,,,,,,,,,,,,,,,,,
BD-00774,,,,"Power Supply","Battery Pack",Stock,20064446,,,"12,000",2008-05-02,,,,MIS,LWR,,SDL,,,,,,,,,,,,,,,,,
BD-00775,,,,UPS,UPS,Disposed,2789,Amecon,2000VA,"17,550",2011-01-01,,,,"Video Conference",LWR,,SDL,vcshanta,,,,,,,,,,,,,,,,
BD-00776,,,,Scanner,Scanner,Disposed,UZQ387170,Canon,"Canoscan 4200P","5,200",2008-07-05,,,,MIS,LWR,,SDL,,,,,,,,,,,,,,,,,
BD-00777,,n/a,SDLL089I,Computer,Laptop,"Need to Dispose",2CE2252DBZ,HP,"Probook 4440s","61,000",2013-01-01,,,"Ex. user Fahim",MIS,LWR,SIL,SDL,,,,"Intel Core i5",2.5,500,,8192,,,,"WIN10 Pro",,Yes,"WIN 7 Pro",MKCYD-28WYD-KXï¿½-ï¿½..-ï¿½..,"OEM cant read"
BD-00778,,,,Display,Monitor,Disposed,CM17H9FS933256D,Samsung,733NW,"4,800",2010-05-06,,,,MIS,LWR,,SDL,,,,,,,,,,,,,,,,,
BD-00779,,1,,Display,Monitor,Disposed,CN-OUU578-64180-8AD-3JPM,Dell,"E1609Wc 16","4,800",2010-02-04,,,"Shawkat Ali",Quality,LWR,SIL,SDL,shaali,,,,,,,,,,,,,,,,
BD-00780,,,,Network,"Access Point",Stock,1M316B7L00067,Netgear,WPN802V2,"6,000",2009-01-01,,,"SIL Server room",MIS,LWR,,SDL,,,,,,,,,,,,,,,,,
BD-00781,,,,Network,Switch,Stock,1DV1853X012D9,Netgear,JFS516,"1,500",2005-02-02,,,,MIS,LWR,,SDL,,,,,,,,,,,,,,,,,
BD-00782,,,,Network,Switch,Disposed,1DV11853U012D6,Netgear,JFS516,"1,500",2005-02-02,,,,MIS,LWR,,SDL,,,,,,,,,,,,,,,,,
BD-00783,,,,Network,"Access Point",Disposed,MDG30EB22283,Linksys,WAP4G,"7,300",2010-01-01,,,,MIS,LWR,,SDL,,,,,,,,,,,,,,,,,
BD-00784,,,,Network,Switch,Disposed,F30H473004680,D-Link,DES-1024D,"4,000",2009-01-01,,,,MIS,LWR,,SDL,,,,,,,,,,,,,,,,,
BD-00785,,,,UPS,UPS,Disposed,2N08801333,Socomec,600VA,"2,800",2009-01-01,,,,MIS,LWR,,SDL,,,,,,,,,,,,,,,,,
BD-00786,11004000119,n/a,,UPS,UPS,"Need to Dispose",E100829958,"Power Guard",PG-2000AOF,"4,800",2010-07-05,,,,MIS,LWR,SDL,SDL,,,,,,,,,,,,,,,,,
BD-00787,,,,UPS,UPS,Disposed,2N08801263,Socomec,600VA,"2,800",2009-01-01,,,,MIS,LWR,,SDL,,,,,,,,,,,,,,,,,
BD-00788,,,,UPS,UPS,Disposed,250021,Micro,UVS-1000,"4,800",2010-01-01,,,,Sample,LWR,,SDL,,,,,,,,,,,,,,,,,
BD-00789,,,,UPS,UPS,Assigned,B03J430005711A6,"Rahim Afrooz",1000VA,"4,800",2011-03-04,,,"Md. Amanullah",Fabric,LWR,,SDL,mamanullah,,,,,,,,,,,,,,,,
BD-00790,,,,UPS,UPS,Disposed,BO3J430006155A6,"Rahim Afrooz",1000VA,"4,800",2011-03-04,,,,MIS,LWR,,SDL,,,,,,,,,,,,,,,,,
BD-00791,,,,UPS,UPS,Disposed,BO3J280001629A6,"Rahim Afrooz",600VA,"2,800",2010-03-02,,,,MIS,LWR,,SDL,,,,,,,,,,,,,,,,,
BD-00792,11004000119,,,UPS,UPS,Assigned,E100335529,"Power Guard",PG-650AOF,"2,900",2010-07-05,,,"Arifur Rahman3",IE,LWR,,SDL,arirahman,,,,,,,,,,,,,,,,
BD-00793,,,,UPS,UPS,Disposed,BO3J430005710A6,"Rahim Afrooz",1000VA,"4,800",2010-01-01,,,,MIS,LWR,,SDL,,,,,,,,,,,,,,,,,
BD-00794,11004000119,,,UPS,UPS,Disposed,E100829959,"Power Guard",PG-2000AOF,"4,800",2010-03-02,,,,MIS,LWR,,SDL,,,,,,,,,,,,,,,,,
BD-00795,,,,UPS,UPS,Disposed,271571,MIcro,UVS-1000,"4,800",2010-01-01,,,,MIS,LWR,,SDL,,,,,,,,,,,,,,,,,
BD-00796,,,,Network,Switch,Disposed,B29A155000283,D-Link,DWL200AP,"4,000",2009-01-01,,,,MIS,LWR,,SDL,,,,,,,,,,,,,,,,,
BD-00797,,,"Ex. SDLL098",Computer,Laptop,Disposed,85N0AS300170228,Asus,Z99E,"22,000",2008-06-02,,,,MIS,LWR,,SDL,,,,,,,,,,,,,,,,,
BD-00798,,,,Computer,Laptop,Disposed,Y530901K,Toshiba,"Tecra A5","34,000",2008-06-02,,,,MIS,LWR,,SDL,,,,,,,,,,,,,,,"Windows XP Professional OEM",,
BD-00799,,1,,Projector,Projector,"Need to Dispose",CNOCM788S008197H0134,Dell,1409X,"25,000",2009-02-04,,,"SIL Server room",MIS,LWR,SIL,SDL,MIS,,,,,,,,,,,,,,,,
BD-00800,,,"Ex. SDLL078",Computer,Laptop,Disposed,85N0AS30017722D,Asus,Z99E,"22,000",2008-06-02,,,,MIS,LWR,,SDL,,,,,,,,,,,,,,,,,
BD-00801,,,,Network,"Wave Device",Assigned,MXZ12000C9,Cisco,Wave-574,"182,000",2010-01-01,,,"SDL Server room Rack1",MIS,LWR,,SDL,System,,,,,,,,,,,,,,,,
BD-00802,11004000172,,SDLDC5,Server,Server,Assigned,SGH104XCV6,HP,"DL 120 Gen6","200,000",2010-01-01,,,"SDL Server rack",MIS,LWR,,SDL,MIS,9,,"Intel  Xeon CPU X3430",,,,,,,,,,,,,
BD-00803,11004000052,,,Computer,Laptop,Disposed,CZC12221X2,HP,"EliteBook 2540p","61,000",2013-01-01,,,"Shahinur Rahman",PCC,SWR,SDL,SDL,shahrahman,,,"Intel Core i7",2.13,,160,4096,,,,"WIN10 Pro",,Yes,"Win 7 pro",74Q7K-23HR6-CVWW4-97QBD-C8XDT,"Send from UK via NPS 21/7/2016"
BD-00804,,,,Backup,"Tape Auto Loader",Disposed,435243-001,HP,1/8G2,"180,000",2010-01-01,,,,MIS,LWR,,SDL,MIS,,,,,,,,,,,,,,,,
BD-00805,,,SDLMED1,Server,Server,Disposed,KDRVF94,IBM,X-346,"150,000",2009-01-01,,,,MIS,LWR,,SDL,,,,,,,,,,,,,,,,,
BD-00806,11004000050,,,Computer,Laptop,Disposed,CNU1312SGP,HP,"EliteBook 2560p","61,000",2011-01-01,,,"Abu Hasnat",PCC,SWR,,SDL,ahasnat,,,"Intel Core i5",2.6,,320,8192,,,,"WIN10 Pro",,Yes,"Win 7 pro",GB224-9CVHC-B9FTV-M8JK7-KTG7C,"Send from UK via NPS 21/7/2016"
BD-00807,11004000173,N/A,SDLDC8,Server,Server,Assigned,SGH115XLSY,HP,"DL 120 G6","150,000",2009-01-01,,,"SIL Server Rack",MIS,LWR,SIL,SDL,MIS,9,,,,,,,,,,,,,,,10.140.3.8
BD-00808,,,SDLMED4,Server,Server,Assigned,SGH741AENJ,HP,"DL 380 Gen5","200,000",2010-01-01,,,"SDL Server rack",MIS,LWR,,SDL,System,9,,"Intel  Xeon CPU E5-2609",,,,,,,,,,,,,
BD-00809,,,SDLAP13,Server,Server,Assigned,SGH743B8FA,HP,"DL180 Gen5","200,000",2010-01-01,,,"SDL Server rack",MIS,LWR,,SDL,System,9,,"Intel  Xeon CPU E5310",,,,,,,,,,,,,
BD-00810,,,,UPS,UPS,Assigned,JSD720010623,Apc,3000XL,"100,000",2009-06-02,,,,MIS,LWR,,SDL,System,,,,,,,,,,,,,,,,
BD-00811,,,,"Power Supply","Battery Pack",Assigned,,Apc,SUA48RMXLBP3U,"12,000",2008-05-02,,,"SIL Server room",MIS,LWR,,SDL,MIS,,,,,,,,,,,,,,,,
BD-00812,,,,Display,"KVM Monitor",Disposed,3000460204996,IBM,KVM,"25,000",2006-01-01,,,,MIS,LWR,,SDL,,,,,,,,,,,,,,,,,
BD-00813,,,,UPS,UPS,Disposed,27466/12,Micro,UVS1000,"4,800",2010-01-01,,,,MIS,LWR,,SDL,,,,,,,,,,,,,,,,,
BD-00814,,,,UPS,UPS,Disposed,27469/12,Micro,"UVS 1000 VA","4,800",2012-01-01,,,,MIS,LWR,,SDL,,,,,,,,,,,,,,,,,
BD-00815,,,,UPS,UPS,Disposed,2429/99,Micro,UVS1000,"4,800",2010-01-01,,,,MIS,LWR,,SDL,,,,,,,,,,,,,,,,,
BD-00816,,,,UPS,UPS,Disposed,100089,Micro,UVS1000,"4,800",2010-01-01,,,,MIS,LWR,,SDL,,,,,,,,,,,,,,,,,
BD-00817,,,,Display,Monitor,Disposed,BEJW2246SW,LG,W2246SW,"11,200",2011-06-03,,,,MIS,LWR,,SDL,,,,,,,,,,,,,,,,,
BD-00818,,1,,Display,Monitor,"Need to Dispose",CNN70319YN,HP,L1706,"5,500",2011-02-02,,,"Asish Kumar",Store,LWR,SDL,SDL,askumar,,,,,,,,,,,,,,,,
BD-00819,11004000073,n/a,,Display,Monitor,Disposed,ZTRRHMBC503415J,Samsung,SA100,"4,800",2011-06-03,,,,MIS,LWR,SDL,SDL,,,,,,,,,,,,,,,,,
BD-00820,,n/a,,UPS,UPS,Stock,15008,Micro,UVS-600VA,"2,800",2012-01-01,,,"Taslima Akter","Industrial Engineering",LWR,SIL,SDL,takter,,,,,,,,,,,,,,,,
BD-00821,,,SDLD400,Computer,Desktop,Disposed,USFB828000ER,Clone,DG33FB,"15,000",2009-02-02,,,,MIS,LWR,,SDL,,,,"Intel Core 2Duo",2.53,,250,4096,,,,"WIN7 Pro",,,None,,
BD-00822,,,,Display,Monitor,Assigned,CNN8030389,HP,L1908W,"8,600",2011-02-02,,,"Anwar Hossain/Shapna Pervin",Quality,LWR,,SDL,anhossain/anhossain,,,,,,,,,,,,,,,,
BD-00823,,,,Printer,Printer,Disposed,CNMXD04582,HP,"Laser LJ-4100n","85,000",2008-01-01,,,,MIS,LWR,,SDL,,,,,,,,,,,,,,,,,
BD-00824,,n/a,,Printer,Printer,"Need to Dispose",001D92A44A3C,Epson,LQ-590,"28,000",2005-06-27,,,"SIL Picklist issue",Production,LWR,SIL,SDL,,,,,,,,,,,,,,,,,
BD-00825,,,,Printer,Printer,Disposed,TH86B341NX,HP,"DeskJet  D1560","3,000",2010-01-01,,,,MIS,LWR,,SDL,,,,,,,,,,,,,,,,,
BD-00826,,,,Printer,Printer,Disposed,LQHA147908,Canon,"Laser LBP-3300","85,000",2008-01-01,,,,MIS,LWR,,SDL,,,,,,,,,,,,,,,,,
BD-00827,,,,Printer,Printer,Disposed,3JTBUH91342,Panasonic,"KX P1121","60,000",2007-01-01,,,,MIS,LWR,,SDL,,,,,,,,,,,,,,,,,
BD-00828,,,,Printer,Printer,Disposed,0A9000B134,Epson,"Dot-Matrix  LX-850","28,000",2005-06-27,,,,MIS,LWR,,SDL,,,,,,,,,,,,,,,,,
BD-00829,,,,Printer,Printer,Disposed,T0904005,Sato,"Bar-Code XL410","60,000",2005-01-02,,,,MIS,LWR,,SDL,,,,,,,,,,,,,,,,,
BD-00830,,,,Printer,Printer,Disposed,E249229,Eltron,P310,"60,000",2007-01-01,,,,MIS,LWR,,SDL,,,,,,,,,,,,,,,,,
BD-00831,,,,Printer,Printer,Stock,11V6633,IBM,200-240,"60,000",2007-01-01,,,,MIS,LWR,"SIL Server room",SDL,,,,,,,,,,,,,,,,,
BD-00832,,,,Network,Switch,Disposed,JS24154CB304236,Netgear,JFS524,"1,500",2005-02-02,,,,MIS,LWR,,SDL,,,,,,,,,,,,,,,,,
BD-00833,,,,Network,Switch,Disposed,JS24154CB304239,Netgear,JFS524,"1,500",2005-02-02,,,,MIS,LWR,,SDL,,,,,,,,,,,,,,,,,
BD-00834,,,,Printer,"Barcode Printer",Stock,RX004410,Citizen,"Bar-Code JE38-M01","20,000",2010-01-01,,,,MIS,LWR,,SDL,,,,,,,,,,,,,,,,,
BD-00835,,,,CCTV,"CCTV DVR",Disposed,STE8ABB07B1480HK,,KE8000MK,"15,000",2007-01-01,,,,MIS,LWR,,SDL,,,,,,,,,,,,,,,,,
BD-00836,,,,Network,Switch,Disposed,W23J280061302,D-Link,DES-1016D,"4,000",2009-01-01,,,,MIS,LWR,,SDL,,,,,,,,,,,,,,,,,
BD-00837,,,,Network,Switch,Disposed,04102420705,D-Link,DES-1016K,"4,000",2009-01-01,,,,MIS,LWR,,SDL,,,,,,,,,,,,,,,,,
BD-00838,,,,Network,Switch,Disposed,L6DV5LEOC8AC0,3Com,"4400 SE 24 PT ","11,000",2014-06-26,,,,MIS,LWR,,SDL,,,,,,,,,,,,,,,,,
BD-00839,,,,Printer,Printer,Disposed,01K0013,Astromed,"Bar-Code Cu-30","60,000",2005-01-02,,,,MIS,LWR,,SDL,,,,,,,,,,,,,,,,,
BD-00840,,,,UPS,UPS,Disposed,B03K160024258A6,"Rahim Afrooz",600VA,"2,800",2010-03-02,,,,MIS,LWR,,SDL,,,,,,,,,,,,,,,,,
BD-00841,,,,Scanner,Scanner,Disposed,C1302AV000817,Umax,Astra-4700,"3,200",2008-02-02,,,,MIS,LWR,,SDL,,,,,,,,,,,,,,,,,
BD-00842,,,,Scanner,Scanner,Disposed,CN071T2153,HP,Scanjet-G2410,"4,800",2010-02-02,,,,MIS,LWR,,SDL,,,,,,,,,,,,,,,,,
BD-00843,,,,Scanner,Scanner,Disposed,C113043M001283,Umax,Astra-5600,"3,200",2008-02-02,,,,MIS,LWR,,SDL,,,,,,,,,,,,,,,,,
BD-00844,,,,Scanner,Scanner,Disposed,C13036V000546,Umax,Astra-4700,"3,200",2008-02-02,,,,MIS,LWR,,SDL,,,,,,,,,,,,,,,,,
BD-00845,,,,Network,Switch,Disposed,3047EV2-5-03-0011,Ovis-link,,"1,500",2005-02-02,,,,MIS,LWR,,SDL,,,,,,,,,,,,,,,,,
BD-00846,,,,Printer,Printer,Disposed,CN04RCC215,HP,Deskjet-D1660,"3,000",2010-01-01,,,,MIS,LWR,,SDL,,,,,,,,,,,,,,,,,
BD-00847,,,,Backup,"Tape Drive",Disposed,HU1841224,HP,Ultrium-920,"42,000",2011-01-01,,,,MIS,LWR,,SDL,,,,,,,,,,,,,,,,,
BD-00848,,,,Network,"Print Server",Disposed,F4P416A005831,D-Link,"DP-300 U","5,000",2010-01-01,,,,MIS,LWR,,SDL,,,,,,,,,,,,,,,,,
BD-00849,,,,Network,Switch,Disposed,S326F3001018,ZTE,ZXDSL732,"1,500",2005-02-02,,,,MIS,LWR,,SDL,,,,,,,,,,,,,,,,,
BD-00850,,,"Ex. SDLL019",Computer,Laptop,Disposed,CND7511K96,HP,"HP 520","22,000",2008-06-02,,,,MIS,SWR,,SDL,,,,,,,,,,,,,,,"Windows XP Professional OEM",,
BD-00851,,,,Computer,Laptop,Disposed,CND8370Y2Q,HP,"HP 520","22,000",2008-06-02,,,,MIS,LWR,,SDL,,,,"Intel Core 2Duo",2.00,,80,"4096 ",,,,"WIN7 Pro",,,"WIN XP Pro",F7936-P2HWM-6GM6F-97WCR-P62WD,
BD-00852,,,,Computer,Laptop,Disposed,48030382H,Toshiba,PTS52E-OE402PFR,"34,000",2008-06-02,,,,MIS,LWR,,SDL,,,,,,,,,,,,,,,"Windows Vista Business OEM",,
BD-00853,,,,Computer,Laptop,Disposed,CNU614001X,HP,"Compaq NC6120","37,000",2010-01-01,,,,MIS,LWR,,SDL,,,,,,,,,,,,,,,"Windows XP Professional OEM",,
BD-00854,,,10.140.40.13,Phone,CIPT,Stock,INM08271J24,Cisco,7940,"3,500",2009-03-02,,,,MIS,LWR,,SDL,,,,,,,,,,10.140.40.13,,,,,,,
BD-00855,,,,Phone,CIPT,Assigned,FCH110590ZK,Cisco,7940,"3,500",2009-03-02,,,"Hossain Tanvir",MIS,LWR,,SDL,htanvir,,,,,,,,,,,,,,,,
BD-00856,,,,Backup,"Tape drive",Stock,JK01ET5,Quantum,Ultrium-2,"24,500",2011-01-01,,,,MIS,LWR,,SDL,,,,,,,,,,,,,,,,,
BD-00857,,,,"Barcode Reader","Barcode Reader",Stock,Y5V751,Symbol,11742,"5,000",2013-01-01,,,,MIS,LWR,,SDL,,,,,,,,,,,,,,,,,
BD-00858,,,,Network,"Access Point",Stock,6322520901993,Symbol,AP-5131,"20,000",2009-01-01,,,,MIS,LWR,,SDL,,,,,,,,,,,,,,,,,
BD-00859,,,SDLL154,Computer,Laptop,Disposed,CNU6260XWN,HP,"Compaq NX6315","37,000",2010-02-01,,,,MIS,LWR,,SDL,,,,AMD,,,160,2048,,,,,,,"WIN XP Pro",KDY6P-M37VH-RGX4Y-2D9M7-CVB6G,
BD-00860,,,,"Barcode Reader","Barcode Reader",Stock,Y5VELK,Symbol,11742,"5,000",2013-01-01,,,,MIS,LWR,,SDL,,,,,,,,,,,,,,,,,
BD-00861,,,,"Barcode Reader","Barcode Reader",Stock,Y5VELN,Symbol,11742,"5,000",2013-01-01,,,,MIS,LWR,,SDL,,,,,,,,,,,,,,,,,
BD-00862,,,,"Barcode Reader","Barcode Reader",Stock,Y5VEL7,Symbol,11742,"5,000",2013-01-01,,,,MIS,LWR,,SDL,,,,,,,,,,,,,,,,,
BD-00863,,,,"Barcode Reader","Barcode Reader",Assigned,Y5VELD,Symbol,11742,"5,000",2013-01-01,,,"Rubel Farazi",Finishing,LWR,,SDL,rfarazi,,,,,,,,,,,,,,,,
BD-00864,,,,"Barcode Reader","Barcode reader",Stock,Y5VEM2,Symbol,11742,"5,000",2013-01-01,,,,MIS,LWR,,SDL,,,,,,,,,,,,,,,,,
BD-00865,,1,,"Barcode Reader","Barcode Reader",Assigned,Y5V745,Symbol,11742,"5,000",2013-01-01,,,"Sakhoath Mithu","Qaulity Assurance",SWR,SDL,SDL,smithu,,,,,,,,,,,,,,,,"Assigned to Quality Dept of SDL 2 Responsible Person Mr Sakhoath Mithu ManagerQuality Assurance"
BD-00866,,,,"Barcode Reader","Barcode Reader",Stock,Y5VELP,Symbol,11742,"5,000",2013-01-01,,,,MIS,LWR,,SDL,,,,,,,,,,,,,,,,,
BD-00867,,,,"Barcode Reader","Barcode reader",Stock,Y5VELV,Symbol,11742,"5,000",2013-01-01,,,,MIS,LWR,,SDL,,,,,,,,,,,,,,,,,
BD-00868,,,,"Barcode Reader","Barcode Reader",Stock,Y5V757,Symbol,11742,"5,000",2013-01-01,,,,MIS,LWR,,SDL,,,,,,,,,,,,,,,,,
BD-00869,,,,Network,"Access Point",Assigned,6322520902303,Symbol,AP-5131,"20,000",2009-01-01,,,"Cutting Table 5",Cutting,LWR,SDL,SDL,"Cutting Table 5",,,,,,,,10.140.4.204,,,,,,,,
BD-00870,,n/a,,Network,"Access Point",Transferred,6322520902701,Symbol,AP-5131,"20,000",2009-01-01,,,,MIS,LWR,SIL,SDL,,,,,,,,,,,,,,,,,"Andy Hand Carried to DCC Dated : 17/12/2022"
BD-00871,,,,Network,"Access Point",Disposed,6322520903182,Symbol,AP-5131,"20,000",2009-01-01,,,,MIS,LWR,,SDL,,,,,,,,,,,,,,,,,
BD-00872,,n/a,,Network,"Access Point",Transferred," 6322520902295",Symbol,AP-5131,"20,000",2009-01-01,,,,MIS,LWR,SIL,SDL,,,,,,,,,,,,,,,,,"Andy Hand Carried to DCC Dated : 17/12/2022"
BD-00873,,,,"Power Supply","Battery Charger",Disposed,8099520805696,Symbol,4000C,"5,000",2008-01-01,,,,MIS,LWR,,SDL,,,,,,,,,,,,,,,,,
BD-00874,,,,"Barcode Reader","Barcode reader",Stock,,Motorola,MC-3090,"34,000",2010-01-01,,,,MIS,LWR,,SDL,,,,,,,,,,,,,,,,,
BD-00875,,,,"Barcode Reader","Barcode reader",Stock,,Motorola,MC-3090,"34,000",2010-01-01,,,,MIS,LWR,,SDL,,,,,,,,,,,,,,,,,
BD-00876,,n/a,,"Barcode Reader","Barcode Reader",Transferred,,Motorola,MC-3090,"34,000",2010-01-01,,,,MIS,LWR,SIL,SDL,,,,,,,,,,,,,,,,,"Andy Hand Carried to DCC Dated : 17/12/2022"
BD-00877,,n/a,,"Barcode Reader","Barcode reader",Transferred,,Motorola,MC-3090,"34,000",2010-01-01,,,,MIS,LWR,SIL,SDL,,,,,,,,,,,,,,,,,"Andy Hand Carried to DCC Dated : 17/12/2022"
BD-00878,,n/a,,"Barcode Reader","Barcode reader",Transferred,,Motorola,MC-3090,"34,000",2010-01-01,,,,MIS,LWR,SIL,SDL,,,,,,,,,,,,,,,,,"Andy Hand Carried to DCC Dated : 17/12/2022"
BD-00879,11004000188,,,UPS,UPS,Disposed,E1207036646,NPS,EA2120,"4,800",2012-01-01,,,,MIS,LWR,,SDL,,,,,,,,,,,,,,,,,
BD-00880,,,,Printer,Printer,Assigned,MHCA105287,Canon,"Laser LBP-6000","9,000",2010-09-12,,,"Amzadaul Islam",Finance,LWR,,SDL,amzislam,,,,,,,,,,,,,,,,
BD-00881,,,,Display,Monitor,Disposed,CNC751PPLP,HP,L1910,"6,400",2009-01-01,,,,MIS,LWR,,SDL,,,,,,,,,,,,,,,,,
BD-00882,,NA,SDLD032H,Computer,Desktop,Assigned,SN151360048787,Clone,GA-H81M-S2PV,"14,500",2015-05-01,,,"Mahmud Rasel/ Sanjida Akter","Qaulity Assurance",LWR,SDL,SDL,rmahmud/sanakter,,Gigabyte,"Intel Pentium R (2 cores)",3.10,250,,"4096 ",,,,"WIN10 Pro",2019-10-02,,"WIN XP Pro",GG284-JNCFY-CY2QM-V63JT-VG4C3,"Purchase date May2015 Smart Technology"
BD-00883,,,,UPS,UPS,Disposed,B04K200082908A6,"Rahim Afrooz",600VA,"2,800",2010-03-02,,,,MIS,LWR,,SDL,,,,,,,,,,,,,,,,,
BD-00884,,,,Display,Monitor,Stock,CN0W5781808AD02EM,Dell,E1609WC,"4,800",2010-02-04,,,"Ex.Rozina Akter",Finishing,LWR,SDL,SDL,,,,,,,,,,,,,,,,,
BD-00885,,N/A,,UPS,UPS,"Need to Dispose",E110831660,"Power Guard",PG-650AOF,"2,900",2010-07-05,,,"Shamim/Dulal Chandra",Store,LWR,SWL,SDL,dchandro,,,,,,,,,,,,,,,,
BD-00886,,,,Printer,Printer,Disposed,CN75R2J02H,HP,"Deskjet 1360","3,000",2010-01-01,,,,MIS,LWR,,SDL,,,,,,,,,,,,,,,,,
BD-00887,,,,Display,Monitor,Disposed,AU1A0714005916,Philips,107S1,"6,400",2009-01-01,,,,MIS,LWR,,SDL,,,,,,,,,,,,,,,,,
BD-00888,,,"Ex. SDLD204B",Computer,Desktop,Disposed,PTIT635009EXAAC96315,Clone,D945GNT,"14,000",2004-01-01,,,,MIS,LWR,,SDL,,,,"Intel Pentium D",2.80,,160,"512 ",,,,"WIN7 Pro",,,None,,
BD-00889,,,,UPS,UPS,Disposed,20560,Micro,UVS-1000VA,"4,800",2012-01-01,,,,MIS,LWR,,SDL,,,,,,,,,,,,,,,,,
BD-00890,,,,Display,Monitor,Disposed,ETY8803924026,BENQ,ET0005NA,"6,400",2009-01-01,,,,MIS,LWR,,SDL,,,,,,,,,,,,,,,,,
BD-00891,,,SDLD040A,Computer,Desktop,Disposed,YKLW099599,Fujitsu,M13W-D2740,"45,000",2008-01-01,,,,MIS,SWR,,SDL,,,,"Intel Core 2Duo",2.93,,320,"4096 ",,,,"WIN7 Pro",,,"WIN Vista Buiness",CV7D4-J2X7P-WCP27-BHDA7-RFFWW,
BD-00892,,,,Display,Monitor,Stock,904NDNU2D975,LG,L19425,"8,600",2010-03-02,,,"Ex.Lasercut SDL4",MIS,SWR,,SDL,,,,,,,,,,,,,,,,,"Need to service or dispose."
BD-00893,,,,"Network Accessories","Patch Panel",Disposed,609-1076-00-00,Quintum,"24 port patch panel","7,500",2008-01-01,,,,MIS,LWR,,SDL,,,,,,,,,,,,,,,,,
BD-00894,,,,Computer,Desktop,Transferred,YKQB030610,Fujitsu,H110M-E/M.2,"37,750",2018-02-28,,1255,,,SWR,,CAM,,,,"Intel® Core™ i3-7100",3.90,,1024,"8192 ",,,,"WIN10 Pro",,,"Win 10 Pro",BCF9K-BN9MW-8QWW2-QG4HV-JQKTP,
BD-00895,,,,Display,Monitor,Disposed,611INUBB6590,LG,L19525,"8,600",2010-03-02,,,,MIS,SWR,,SDL,,,,,,,,,,,,,,,,,"Ex. User LSDL1/ No Display, Motherboard problem."
BD-00896,,,SDLD039,Computer,Desktop,Disposed,YL4Q077370,Fujitsu,M14W-D2840,"45,000",2010-01-01,,,,MIS,SWR,,SDL,,,,"Intel Core 2Duo",2.93,,250,"2048 ",,,,"WIN7 Pro",,,"WIN 7 Pro",J3YXD-6RRBY-W6CY7-RCJCX-466BP,
BD-00897,,,,Display,Monitor,Disposed,ETF9806538026,BENQ,ET0005NA,"4,800",2010-06-03,,,,MIS,LWR,,SDL,,,,,,,,,,,,,,,,,
BD-00898,11004000159,,,Computer,Desktop,Disposed,99PBAW000531,Asus,V6-P5G41H,"14,000",2010-02-03,,,,MIS,LWR,,SDL,,,Asus,"Intel Core 2Duo",2.93,,250,"2048 ",,,,"WIN10 Pro",,,None,,
BD-00899,,,,Display,"CRT Monitor",Disposed,LB1511MBY502861A,Samsung,5195,"5,500",2004-01-01,,,,MIS,LWR,,SDL,,,,,,,,,,,,,,,,,
BD-00900,11004000163,n/a,SDLL082E,Computer,Laptop,"Need to Dispose",2CE2251SC8,HP,"Probook 4440s","61,000",2013-01-01,,,"Ikhtekharul Islam",BMT,LWR,SIL,SDL,IkIslam,,,"Intel Core i5",2.5,,640,8192,,,,"WIN10 Pro",2020-03-21,B-123,"WIN 7 Pro","OEM serial number got ereased",
BD-00901,,,,Printer,Printer,Disposed,DCAY087315,Epson,LQ-300,"28,000",2005-06-27,,,,MIS,LWR,,SDL,,,,,,,,,,,,,,,,,
BD-00902,,,,Printer,"Barcode Printer",Assigned,4312X01877,Citoh,S4,"16,000",2010-01-01,,,"Abdul Baten",MIS,LWR,,SDL,abaten,,,,,,,,,,,,,,,,
BD-00903,,,,Display,"CRT Monitor",Disposed,AO5481A00015MONTH,,770JH,"5,500",2005-01-01,,,,MIS,LWR,,SDL,,,,,,,,,,,,,,,,,
BD-00904,,,,Display,"CRT Monitor",Disposed,DT15HMEN709377M,"Samsung ","550S 15""","5,500",2005-01-01,,,,MIS,LWR,,SDL,,,,,,,,,,,,,,,,,
BD-00905,,,,Network,Switch,Disposed,B2A4255009703,D-Link,DES-1008D,"1,500",2005-02-02,,,,MIS,LWR,,SDL,,,,,,,,,,,,,,,,,
BD-00906,,n/a,SDLP022,Printer,"Printer ",Assigned,VNC3T04114,HP,"Laser Jet 2055DN","44,000",2011-08-17,,,"HR all",HR,LWR,SDL,SDL,"HR all",,,,,,,,,,,,,,,,
BD-00907,11004000159,n/a,SDLD108A,Computer,Desktop,Disposed,99PBAW000483,Asus,V6-P5G41H,"14,000",2010-02-03,,,"Prokash Saha",IE,LWR,SWL,SDL,psaha,,,"Intel Core 2Duo",2.93,,250,4096,,,,"WIN10 Pro",,,None,,
BD-00908,11004000073,1,,Display,Monitor,Disposed,NE5UHMDZB01098R,Samsung,"B1930N  19","8,500",2011-06-03,,,"Ex Kaniz Fatema",Compliance,LWR,SIL,SDL,kfatema,,,,,,,,,,,,,,,,
BD-00909,,N/A,SDLD100D,Computer,Desktop,Assigned,J7M0FM190298,Asus,H310M-K,"38,910",2019-05-07,,SIL0000082,"Shahidul Islam2","Store ",LWR,SIL,SDL,sislam2,,,"Intelï¿½ Coreï¿½ i3-8100",3.6,"250 GB",,8196,,,,"WIN10 Pro",,,"WIN10 Pro",VYYN9-P364W-KHKYD-TKTX2-VFR9C,
BD-00910,,,,Display,Monitor,Assigned,CN-OUU578-64180-8A6-7X6M,Dell,"E1609Wc 16""","4,800",2010-02-04,,,BEPZA,Commercial,LWR,,SDL,,,,,,,,,,,,,,,,,
BD-00911,,,,UPS,UPS,Disposed,8763BL634600959,Blazer,1000VA,"4,800",2009-01-01,,,,MIS,LWR,,SDL,,,,,,,,,,,,,,,,,
BD-00912,,,SDLD097A,Computer,Desktop,Disposed,LAAV538000637AAC64138-403,Clone,915,"14,000",2003-01-01,,,,MIS,LWR,,SDL,,,Intel,"Intel Pentium 4",3,,80,2048,,,,"WIN7 Pro",,,None,,
BD-00913,,,,Display,Monitor,Disposed,DS000544156047,Philips,150S6,"4,800",2009-02-04,,,,MIS,LWR,,SDL,,,,,,,,,,,,,,,,,
BD-00914,,,,UPS,UPS,Disposed,434220348,Blazer,600VA,"2,800",2009-01-01,,,,MIS,LWR,,SDL,,,,,,,,,,,,,,,,,
BD-00915,,,,Network,Switch,Disposed,A062205F41,,,"1,500",2005-02-02,,,,MIS,LWR,,SDL,,,,,,,,,,,,,,,,,
BD-00916,,,SDLD103,Computer,Desktop,Disposed,A8M0AB134137,Clone,P5G41T-MLX3,"14,500",2010-06-03,,,,MIS,LWR,,SDL,,,Asus,"Intel Core 2Duo",2.93,,160,2048,,,,"WIN7 Pro",,,None,,
BD-00917,,,,Display,Monitor,Disposed,CNOUU578641808AD3HVM,Dell,"E1609WC 16""","4,800",2010-02-04,,,,MIS,LWR,,SDL,,,,,,,,,,,,,,,,,
BD-00918,,,,UPS,UPS,Disposed,E100829157,"Power Guard",PG-2000AOF,"4,800",2010-03-02,,,,MIS,LWR,,SDL,,,,,,,,,,,,,,,,,
BD-00919,,,,Printer,Printer,Assigned,MANA203017,Canon,"Laser LBP-3150","14,000",2010-09-12,,,"TCQC Milon",Quality,LWR,SDL,SDL,tmilon,,,,,,,,,,,,,,,,"Ex. Assigned to CQA now stock."
BD-00920,,n/a,SDLD143G,Computer,Desktop,Assigned,L3M0CS00H6095S5,Clone,"Asus  Prime H310M-E R2.0",40850,2020-09-20,"Global Brand",,"Mohammad Sohidullah",Sample,LWR,SIL,SDL,msohidullah,,Asus,"Intel Core i3 9100",3.20,256,,8192,,,,"WIN10 Pro",2025-07-27,,"Win 10 Pro",PNVGH-X2D9H-7D2QV-BBP7Q-M7V26,
BD-00921,,,,Display,"CRT Monitor",Disposed,AU1A0834002725,Philips,"107S9 17""","5,500",2005-01-01,,,,MIS,LWR,,SDL,,,,,,,,,,,,,,,,,
BD-00922,,1,,Printer,Printer,"Need to Dispose",FSWY022850,Epson,LQ-590,"28,500",2011-12-07,"Flora Limited",PR-00046,"Nishan Ali",Production,LWR,SDL,SDL,nali,,,,,,,,,,,,,,,,
BD-00923,,1,SDLD322C,Computer,Desktop,Assigned,FCAA14AC86DF,Clone,GA-H61M-S2PV,"14,500",2013-07-08,,,"Lutful Haider ",Commercial,LWR,SIL,SDL,lhaider,,Gigabyte,"Intel Pentium R",3.1,256,,8196,,,,"WIN10 Pro",2025-07-27,,None,,
BD-00924,,n/a,,Display,Monitor,Disposed,ETC6617002SLOT,Benq,"Q7T4  17","5,500",2013-06-03,,,,MIS,LWR,SIL,SDL,,,,,,,,,,,,,,,,,
BD-00925,,,,UPS,UPS,Disposed,27490,Micro,"UVS-1000VA ","4,800",2012-01-01,,,,MIS,LWR,,SDL,,,,,,,,,,,,,,,,,
BD-00926,11004000158,n/a,SDLD269D,Computer,Desktop,"Need to Dispose",SGH217QF18,HP,"Pro 3330 MT","57,000",2012-06-05,,,"Samol Ray",Store,SWR,SDL,SDL,sray,,,"Intel  Core i3-2120",3.3,,500,4096,,,,"WIN 10 Pro",2021-02-18,,"WIN 7 Pro",H9BVC-GY26M-H8RXC-VGGQW-DTVYR,
BD-00927,11004000158,1,SDLD320A,Computer,Desktop,"Need to Dispose",SGH217Q50L,HP,"Pro 3330 MT","57,000",2012-06-05,,,"CTex Machine1",Sample,LWR,SWL,SDL,,,,"Intel Core  i3 -2120",3.3,,500,8192,,,,"WIN10 Pro",,,"WIN 7 Pro",TVJMR-FMPT9-JFQQ9-MHRCQ-94G7M,
BD-00928,11004000158,n/a,SDLD267E,Computer,Desktop,Assigned,SGH217QF0J,HP,"Pro 3330 MT","57,000",2012-06-05,,,"Bosir Uddin",Store,LWR,SWL,SDL,buddin,,,"Intelï¿½ Core ï¿½  i3",3.30,,500,4096,,,,"WIN10 Pro",2020-10-25,,"WIN 7 Pro",267J4-TVRXM-9FMF4-TDJYB-4V44V,
BD-00929,,,SDLD268A,Computer,Desktop,Disposed,BTGC61900R26,Clone,D102GGC,"14,000",2005-01-01,,,,MIS,LWR,,SDL,,,Intel,"Intel Pentium D",2.66,,500,1024,,,,"WIN7 Pro",,,"PC XP Pro",,
BD-00930,,,,Display,Monitor,Assigned,6CM2180TOQ,HP,"LV1911 19""","8,600",2012-06-05,,,"Shajahan Siraj ",Sample,LWR,,SDL,"ssiraj ",,,,,,,,,,,,,,,,
BD-00931,,,,Display,Monitor,Assigned,6CM2190PMN,HP,"LV1911 19""","8,600",2012-06-05,,,"Shadid Sarker",Oparetion,LWR,,SDL,shsarker,,,,,,,,,,,,,,,,
BD-00932,,,,Display,Monitor,Disposed,6CM2190DRJ,HP,"LV1911 19""","8,600",2012-06-05,,,"Ex.Rabiul Alam",,LWR,,SDL,,,,,,,,,,,,,,,,,
BD-00933,,n/a,SDLD457B,Computer,Desktop,Assigned,SN170350226297,Clone,GA-H110M-S2PH,"22,700",2018-02-08,,1100,"Farid Mia 2",Store,LWR,SDL,SDL,farmia,,Gigabyte,"Intel Core i3 6100",3.7,512,,8192,,,,"WIN11 Pro",2025-06-16,,None,,
BD-00934,11004000073,1,,Display,Monitor,Disposed,NE5UHMAB4003484,Samsung,"B1930N  19","8,500",2011-06-03,,,"Shajib Ahmed",IE,LWR,SDL,SDL,ashajib,,,,,,,,,,,,,,,,
BD-00935,,,,UPS,UPS,Disposed,E110328313,"Power Guard",PG-2000AOF,"4,800",2010-07-05,,,,MIS,LWR,,SDL,,,,,,,,,,,,,,,,,
BD-00936,,,,UPS,UPS,Assigned,163229,Digilog,UPS-1200va,"4,800",2016-06-20,"DIgilog System ",981,"Tareq Siddiqui",HR,SWR,SDL,SDL,tsiddiqui,,,,,,,,,,,,,,,,
BD-00937,,,,Printer,Printer,Disposed,2HHY029565,Epson,LQ-300,"35,000",2005-03-03,,,,MIS,LWR,,SDL,,,,,,,,,,,,,,,,,
BD-00938,,,,Display,Monitor,Disposed,CNC751PPQ3,HP,"L1910 19""","6,400",2009-01-01,,,,MIS,LWR,,SDL,,,,,,,,,,,,,,,,,
BD-00939,,,,Phone,CIPT,Stock,FCH100181Q0,Cisco,7940,"3,500",2009-03-02,,,,MIS,LWR,,SDL,,,,,,,,,,,,,,,,,
BD-00940,,,SDLL088C,Computer,Laptop,Disposed,2CE2251S78,HP,"Probook 4440s","61,000",2013-01-01,,,,MIS,LWR,,SDL,,,,"Intel Core i5",2.5,,640,4096,,,,"WIN7 Pro",,,"PC 7 pro",MCK3M-QGFV2-T2DWF-6Y978-KCTFY,
BD-00941,,,,Printer,Printer,"Need to dispose",G82Y194207,Epson,LQ-300,"35,000",2005-03-03,,,,MIS,LWR,,SDL,,,,,,,,,,,,,,,,,
BD-00942,,,,Network,"VOIP Switch",Assigned,1012-106A74,Anatel,ASERIES,"200,000",2010-01-01,,,"Saravanan Jayaraman",MIS,LWR,,SDL,sjayaraman,,,,,,,,,,,,,,,,
BD-00943,,,,Computer,Laptop,Disposed,CNU9332FGJ,HP,"Probook 4416s","34,000",2010-01-01,,,,MIS,LWR,,SDL,,,,,,,,,,,,,,,"Windows Vista Business OEM",,
BD-00944,,,SDLL011A,Computer,Laptop,Disposed,CNU801323Z,HP,"Compaq 8510w","37,000",2010-01-01,,,,MIS,SWR,,SDL,,,,"Intel Core 2Duo",2.40,,120,"4096 ",,,,"WIN7 Pro",,,"WIN 7 Pro",,
BD-00945,,,,Computer,Laptop,Disposed,CNF8156HKD,HP,"Compaq 2510p","34,000",2008-06-02,,,,MIS,LWR,,SDL,,,,,,,,,,,,,,,"Windows XP Professional OEM",,
BD-00946,,,SDLL159,Computer,Laptop,Disposed,CND024086J,HP,"Elitebook 2530p","22,000",2008-06-02,,,,MIS,LWR,,SDL,,,,"Intel Core 2Duo",1.86,,160,2048,,,,"WIN7 Pro",,,"WIN Vista Buiness",V46RC-KWFG6-YXHVT-9B33P-9RT34,
BD-00947,,1,,Display,Monitor,Disposed,ETLEX04011838017064310,Acer,"X203H ","4,800",2010-02-03,,,,MIS,LWR,SIL,SDL,,,,,,,,,,,,,,,,,"Ex User Farjana Akter, Executive HR"
BD-00948,,n/a,SDLD299B,Computer,Desktop,Assigned,C8M0CS051436,Clone,"P8H61-MLX3 R2.0","14,500",2013-09-09,,,"Foysal Hossain",Cutting,LWR,SDL,SDL,fohossain,,Asus,"Intel Pentium R (2 cores)",2.9,,500,4096,,,,"WIN10 Pro",,,None,,
BD-00949,,n/a,SDLD288D,Computer,Desktop,Assigned,K6M0KC255536MRA,Asus,H310M-ER2.0,40000,2019-11-10,,,"Sazzad Hossain",Production,LWR,SIL,SDL,shossain,,Asus,"Intel Core i3 9100",3.60,256,,8192,,,,"WIN11 Pro",2025-07-27,,None,,
BD-00950,,1,SDLD185E,Computer,Desktop,Assigned,B6M0AB560137,Clone,H61B3,"18,000",2013-04-05,,,"Roni Mia",IE,LWR,SIL,SDL,rmia,,Asus,"Intel Core i3",3.1,,1000,8192,,,,"WIN10 Pro",2024-11-28,,,,
BD-00951,11004000073,1,,Display,Monitor,Disposed,S/N:NE5UHMBB7580D,Samsung,"SYNCMASTER B1930","8,500",2010-01-01,,," Ex.Rejaul Islam",Operations,LWR,SIL,SDL,rislam,,,,,,,,,,,,,,,,
BD-00952,,,,UPS,UPS,Assigned,E110328290,"Power Guard","PG-2000 AOF","4,800",2010-07-05,,,"Sajibul Islam",Fabric,LWR,,SDL,sajislam,,,,,,,,,,,,,,,,
BD-00953,,n/a,SDLL055C,Computer,Laptop,"Need to Dispose",15300659737,Dell,"Inspiron 1464","34,000",2010-02-04,,,"Nayeem Bhuyan",Fabric,LWR,SIL,SDL,nbhuyan,,,"Intel Core i3",2.13,,320,"4096 ",,,,"WIN10 Pro",,B-083,None,,"Temporary assign due to old laptop sent to service centre."
BD-00954,,,,Printer,Printer,Assigned,SGFB53N11J,HP,"Laser Jet  1010","8,500",2009-01-01,,,"Abdul Baten",MIS,LWR,,SDL,abaten,,,,,,,,,,,,,,,,
BD-00955,,n/a,SDLD186B,Computer,Desktop,Assigned,B6MOAB560144,Clone,H61B3,"18,000",2013-04-05,,,"Asish Gain",Fabric,SWR,SIL,SDL,again,,Asus,"Intel Core i3",3.1,,500,8192,,,,"WIN10 Pro",,,None,,
BD-00956,11004000073,n/a,,Display,Monitor,Disposed,NE5UHMAB701678R,SAMSUNG,B1930,"8,500",2010-01-01,,,"Sayed Rahman","Qaulity Assurance",LWR,SIL,SDL,sayrahman,,,,,,,,,,,,,,,,
BD-00957,11004000188,,,UPS,UPS,Disposed,E1207036340,NPS,EA2120,"4,800",2012-03-02,,,,MIS,LWR,SIL,SDL,,,,,,,,,,,,,,,,,
BD-00958,11004000188,,,UPS,UPS,Disposed,E1207036312,NPS,EA2120,"4,800",2012-03-02,,,,MIS,LWR,,SDL,,,,,,,,,,,,,,,,,
BD-00959,11004000188,1,,UPS,UPS,Assigned,E1207036645,NPS,EA2120,"4,800",2012-03-02,,,"Nishan Ali",Production,LWR,SDL,SDL,nali,,,,,,,,,,,,,,,,
BD-00960,11004000188,1,,UPS,UPS,"Need to Dispose",E1207036311,NPS,EA2120,"4,800",2012-03-02,,,"Hachibur Rahaman",Commercial,LWR,SIL,SDL,hrahaman,,,,,,,,,,,,,,,,
BD-00961,11004000188,n/a,,UPS,UPS,Assigned,E1207036674,NPS,EA2120,"4,800",2012-03-02,,,"Hasan Nabid","Marketing & Merchandising",LWR,SIL,"Shanta Denim Limited",hnabid,,,,,,,,,,,,,,,,
BD-00962,11004000188,,,UPS,UPS,Assigned,E1207037937,NPS,EA2120,"4,800",2012-03-02,,,"SIL CCTV",HR,LWR,SIL,SDL,silcctv,,,,,,,,,,,,,,,,
BD-00963,11004000188,,,UPS,UPS,Assigned,E1207036341,NPS,EA2120,"4,800",2012-03-02,,,"Mukter Hossain",Quality,LWR,,SDL,muhossain,,,,,,,,,,,,,,,,
BD-00964,11004000188,,,UPS,UPS,Disposed,E1207037936,NPS,EA2120,"4,800",2012-03-02,,,,MIS,LWR,,SDL,,,,,,,,,,,,,,,,,
BD-00965,11004000188,n/a,,UPS,UPS,Assigned,E1207037920,NPS,EA2120,"4,800",2012-03-02,,,"Masudur Rahman",Production,LWR,SIL,"Shanta Denim Limited",masrahman,,,,,,,,,,,,,,,,
BD-00966,11004000188,n/a,,UPS,UPS,"Need to Dispose",E1207036675,NPS,EA2120,"4,800",2012-03-02,,,"Mahabur Rahaman","Quality Assurance",LWR,SIL,SDL,mshofiqul,,,,,,,,,,,,,,,,
BD-00967,11004000188,n/a,,UPS,UPS,Assigned,E1207037921,NPS,EA2120,"4,800",2012-03-02,,,"Elias Mondol",Cutting,LWR,SIL,SDL,emondol,,,,,,,,,,,,,,,,
BD-00968,,n/a,SDLD448,Computer,Desktop,Assigned,SN163550317831,Clone,GA-H110M-DS2V,"23,544",2017-03-12,"Star Tech/ INV-STETB-2017-015211/ 1 Year warnty",1115,"Syed Nazrul","Quality Assurance",SWR,SIL,SDL,snazrul,,Gigabyte,"Core i3-6100",3.7,,500,8196,,,,"WIN10 Pro",,,None,,
BD-00969,41004000034,na,SDLL097D,Computer,Laptop,Assigned,2CE2252DBC,HP,"Probook 4440s","61,000",2013-01-01,,,"Shahjahan Siraj",MIS,LWR,SIL,SDL,ssiraj,,,"Intelï¿½ Core ï¿½ i5 -3210M",2.5,480,,8192,,,,"WIN10 Pro",2020-06-25,BD-404,"WIN 7 Pro",JYW7W-QCGT7-PQ448-3GF43-7Y6K4,
BD-00970,,,,Printer,Printer,Assigned,LMCA100838,Canon,"Laser LBP-3000","14,000",2010-09-12,,,"Jahidul Islam",Finance,LWR,,SDL,jislam,,,,,,,,,,,,,,,,
BD-00971,,,,CCTV,"CCTV Camera",Stock,SDLCC0010,Gerhad,GH-2335,"3,000",2013-02-02,,,"SIL Server room",MIS,LWR,,SDL,Security,,,,,,,,,,,,,,,,
BD-00972,,,,CCTV,"CCTV Camera",Disposed,SDLCC0018,Gerhad,GH-2335,"5,000",2006-01-01,,,,MIS,LWR,,SDL,,,,,,,,,,,,,,,,,
BD-00973,,,,CCTV,"CCTV Camera",Disposed,SDLCC0020,Gerhad,GH-2335,"5,000",2006-01-01,,,,MIS,LWR,,SDL,,,,,,,,,,,,,,,,,
BD-00974,,,,CCTV,"CCTV Camera",Disposed,0004051169,"Vision Tech",VS-3380,"5,000",2006-01-01,,,,MIS,LWR,,SDL,,,,,,,,,,,,,,,,,
BD-00975,,,,CCTV,"CCTV Camera",Disposed,0004051150,"Vision Tech",VS-3380,"5,000",2006-01-01,,,,MIS,LWR,,SDL,,,,,,,,,,,,,,,,,
BD-00976,,n/a,,UPS,UPS,Disposed,271371,Micro,UVS-1000VA,"4,800",2012-01-01,,,Spare,MIS,LWR,SDL,SDL,,,,,,,,,,,,,,,,,
BD-00977,21004000148,1,,Display,Monitor,Disposed,ZTRRHMCC600826P,Samsung,"S19A100N 19","8,500",2011-06-03,,,"ex user Tauhidul Islam","Marketing & Merchandising",SWR,SDL,SDL,tauislam,,,,,,,,,,,,,,,,
BD-00978,,,"Ex. SDLD279C",Computer,Desktop,Disposed,211RAAES4511203,Intel,DG-41Rq,"15,000",2010-01-01,,,,MIS,LWR,,SDL,,,,,,,,,,,,,,,,,
BD-00979,,,SDLD338D,Computer,Desktop,Assigned,C5M0AB226781,Clone,P8H61-MLX3,"14,500",2013-09-09,,,"Salim Reza",IE,LWR,SDL,SDL,sareza,,Asus,"Intel Pentium R (2 cores)",2.60,,500,"4096 ",,,,"WIN10 Pro",27-Jun-19,,"WIN XP Pro",P8VB4-KBJ47-24YXX-GGG6F-XXFQW,
BD-00980,,,"Ex. SDLD022",Computer,Desktop,Disposed,0013D3E755D2,MSI,MS-7176,"14,000",2008-01-01,,,,MIS,LWR,,SDL,,,,"Intel Pentium 4",2.66,,80,"2048 ",,,,"XP Pro",,,None,,
BD-00981,,,,"Network Accessories","Media Converter",Disposed," 0709WDM0621",Nextwave,100-FX,"1,200",2009-01-01,,,,MIS,LWR,,SDL,,,,,,,,,,,,,,,,,
BD-00982,,,,Computer,Desktop,Disposed,9989139,Intel,945,"14,000",2002-01-01,,,,MIS,LWR,,SDL,,,,,,,,,,,,,,,,,"from Malaysia"
BD-00983,,,,Server,Server,Disposed,99R6261,IBM,X-225,"150,000",2009-01-01,,,,MIS,LWR,,SDL,,,,,,,,,,,,,,,,,
BD-00984,,,SDLD395,Computer,Desktop,Disposed,FRK062J,Dell,Optiplex-770L,"27,000",2008-02-02,,,,MIS,LWR,,SDL,,,,"Intel Pentium 4",3.00,,500,"1536 ",,,,"XP Pro",,,"Windows XP Professional OEM",BMKWG-XPG6M-Q2PQ3-F9RJ9-HWYQB,
BD-00985,,,,UPS,UPS,Disposed,14584,Micro,"650 VA","2,800",2011-01-01,,,,MIS,LWR,,SDL,,,,,,,,,,,,,,,,,
BD-00986,,,,UPS,UPS,Assigned,27230,Micro,UVS-1000,"4,800",2012-01-01,,,"Siddiqur Rahman",PCC,LWR,,SDL,sidrahman,,,,,,,,,,,,,,,,
BD-00987,,,,UPS,UPS,Disposed,27493,Micro,UVS-1000,"4,800",2010-01-01,,,,MIS,LWR,,SDL,,,,,,,,,,,,,,,,,
BD-00988,,,,UPS,UPS,"Need to Dispose",14998,Micro,"650 VA","2,800",2011-01-01,,,"Al Amin",LAB,LWR,SDL,SDL,aamin,,,,,,,,,,,,,,,,
BD-00989,,,,UPS,UPS,Disposed,635300391,"Right Power",1000VA,"4,800",2009-01-01,,,,MIS,LWR,,SDL,,,,,,,,,,,,,,,,,
BD-00990,,,,UPS,UPS,Disposed,635200010,Blazer,1000VA,"4,800",2009-01-01,,,,MIS,LWR,,SDL,,,,,,,,,,,,,,,,,
BD-00991,,,,Printer,Printer,Disposed,CN57I162CX,HP,Deskjet-3920,"3,000",2010-01-01,,,,MIS,LWR,,SDL,,,,,,,,,,,,,,,,,
BD-00992,,,,Printer,Printer,Disposed,BE9Y042185,Epson,LQ-2180,"65,000",2009-01-01,,,,MIS,LWR,,SDL,,,,,,,,,,,,,,,,,
BD-00993,,,,CCTV,"CCTV Camera",Disposed,SDLCC0002,Gerhad,GH-2335,"5,000",2006-01-01,,,,MIS,LWR,,SDL,,,,,,,,,,,,,,,,,
BD-00994,,,,CCTV,"CCTV Camera",Disposed,SDLCC0012,Gerhad,GH-2335,"3,000",2013-02-02,,,,MIS,LWR,,SDL,,,,,,,,,,,,,,,,,
BD-00995,,,,CCTV,"CCTV Camera",Disposed,SDLCC0009,Gerhad,GH-2335,"3,000",2013-02-02,,,,MIS,LWR,,SDL,,,,,,,,,,,,,,,,,
BD-00996,,,,CCTV,"CCTV Camera",Disposed,SDLCC0014,Gerhad,GH-2335,"5,000",2006-01-01,,,,MIS,LWR,,SDL,,,,,,,,,,,,,,,,,
BD-00997,21004000092,,,Display,Monitor,Assigned,ZTRRHMCC600796P,Samsung,"S19A100N 19""","8,500",2011-06-03,,,"Naznin Akhi",IE,LWR,,SDL,nakhi,,,,,,,,,,,,,,,,
BD-00998,21004000088,N/A,,Display,Monitor,"Need to Dispose",ZTRRHMCC600492R,Samsung,"S19A100N 19","8,500",2011-06-03,,,"ex. user Ashish Gain",Fabric,LWR,SIL,SDL,again,,,,,,,,,,,,,,,,
BD-00999,21004000149,,,Display,Monitor,Disposed,ZTRRHMCC600444E,Samsung,"S19A100N 19""","8,500",2011-06-03,,,,MIS,LWR,,SDL,,,,,,,,,,,,,,,,,
BD-01000,11004000015,n/a,,Display,Monitor,Disposed,ZTRRHMCC6001220M,Samsung,"S19A100N 19","8,500",2011-06-03,,,,MIS,LWR,SIL,SDL,,,,,,,,,,,,,,,,,
BD-01001,,,"Ex. SDLL040D",Computer,Laptop,Disposed,282818727000791,Sony,VGN-Z26GN,"22,000",2008-06-02,,,,MIS,LWR,,SDL,,,,"Intel Core 2Duo",2.4,,320,3072,,,,,,,"WIN Vista Buiness",PX724-4Q42C-VRYR9-RXX3V-4K4BB,"Temporary assign due to old laptop send to servicing center."
BD-01002,,,,Printer,Printer,Assigned,VNF5G06708,HP,"Laserjet P1005","8,500",2009-01-01,,,"Justin Howell",MIS,LWR,,SDL,jhowell,,,,,,,,,,,,,,,,
BD-01003,,,,Network,Switch,Assigned,270952S5401963,Belkin,F5D51-31-8-V4,"1,100",2013-01-02,,,"Hossain Tanvir",MIS,LWR,,SDL,htanvir,,,,,,,,,,,,,,,,
BD-01004,,,,Network,Switch,Disposed,BA5Z161502392,D-Link,DP-300U,"1,500",2005-02-02,,,,MIS,LWR,,SDL,,,,,,,,,,,,,,,,,
BD-01005,,,,Phone,CIPT,Stock,FCH10468K3E,Cisco,7940,"3,500",2009-03-02,,,,MIS,LWR,,SDL,jfowler,,,,,,,,,,,,,,,,
BD-01006,,,,Network,Switch,Disposed,1GN1893C00FOD,Netgear,"FS608 V2","1,500",2005-02-02,,,,MIS,LWR,,SDL,,,,,,,,,,,,,,,,,
BD-01007,,,,UPS,UPS,Disposed,B03K16001007,"Rahim Afrooz",600VA,"2,800",2011-03-04,,,,MIS,LWR,,SDL,,,,,,,,,,,,,,,,,
BD-01008,,,,UPS,UPS,Assigned,B03K160024306A6,"Rahim Afrooz",600VA,"2,800",2011-03-04,,,"Liton Mia",Finishing,LWR,SIL,SDL,lmia,,,,,,,,,,,,,,,,
BD-01009,,,,Display,"CRT Monitor",Disposed,DT15HMDN535649D,Samsung,550V,"5,500",2004-01-01,,,,MIS,LWR,,SDL,,,,,,,,,,,,,,,,,
BD-01010,21004000038,n/a,SDLD265A,Computer,Desktop,Disposed,SGH9380SZK,HP,"Compaq Dx2390 MT","25,000",2011-02-02,,,"Saiful Islam",Commercial,LWR,SIL,SDL,saislam,,,"Intelï¿½ Core ï¿½ 2 Duo",2.8,,250,2048,,,,"WIN10 Pro",,,None,,
BD-01011,,n/a,SDLD357B,Computer,Desktop,Assigned,D6M0CS230732,Clone,H61M-E,"15,000",2013-04-05,,,"Sultana  Tanjina",HR,LWR,SDL,"Shanta Denim Limited",tsultana,,Asus,"Intel Pentium R (2 cores)-G620",2.6,,500,4096,,,,"WIN10 Pro",,,None,,
BD-01012,,,"Ex. SDLL016",Computer,Laptop,Disposed,CNU61000KD,HP,"Compaq NX6120","37,000",2010-01-01,,,,MIS,LWR,,SDL,,,,,,,,,,,,,,,"Windows XP Professional OEM",,
BD-01013,,,,UPS,UPS,Disposed,2508110,"Micro ",UVS-1000VA,"4,800",2012-01-01,,,,MIS,LWR,,SDL,,,,,,,,,,,,,,,,,
BD-01014,,,,UPS,UPS,Assigned,2N08801336,Socomec,NET0600-PE-1,"2,800",2011-03-04,,,"Waras Ali",Production,LWR,,SDL,wali,,,,,,,,,,,,,,,,
BD-01015,,,,Computer,Desktop,Disposed,SGH622032P,HP,DX-2100MT,"25,000",2011-02-02,,,,Sample,LWR,,SDL,"Data Colour",,,,,,,,,,,,,,,,
BD-01016,,n/a,SDLD236C,Computer,Desktop,Assigned,CG516800073,Clone,GH-H61M-S2PV,"15,000",2013-04-05,,,"Jowel Rana",Cutting,LWR,SIL,SDL,jrana,,,"Intel Pentium R (2 cores)-G620",2.6,,500,4096,,,,"WIN10 Pro",,,None,,
BD-01017,,,,UPS,UPS,Assigned,27486,Micro,UVS-1000,"4,800",2010-01-01,,,"Hossain Tanvir",MIS,LWR,,SDL,htanvir,,,,,,,,,,,,,,,,
BD-01018,,,,UPS,UPS,Disposed,27489,Micro,UVS-1000VA,"4,800",2012-01-01,,,,MIS,LWR,,SDL,,,,,,,,,,,,,,,,,
BD-01019,21004000168,1,,Display,Monitor,Disposed,HA17HMDL948510F,"Samsung ",740N,"4,800",2011-06-03,Rayans,N/A,"Siddiqur Rahman",Sample,LWR,SIL,SDL,"sirahman ",,,,,,,,,,,,,,,,"Need to chk Monitor Model"
BD-01020,,,,Printer,Printer,Disposed,LQHA136592,Canon,"Laser LBP-3300","85,000",2008-01-01,,,,MIS,LWR,,SDL,,,,,,,,,,,,,,,,,
BD-01021,,,,Printer,Printer,Disposed,3882A584,Canon,"Laser BJC1000sp","85,000",2008-01-01,,,,MIS,LWR,,SDL,,,,,,,,,,,,,,,,,
BD-01022,,,,Computer,Laptop,Disposed,B81M8M1,Dell,"Inspiron 1464","50,000",2010-02-04,,,"Rayhan Hossain","Marketing & Merchandising",LWR,,SDL,hrayhan,,,"Intel Core i3",2.13,,320,"4096 ",,,,"WIN10 Pro",,Yes,None,,
BD-01023,41004000035,n/a,SDLL093C,Computer,Laptop,Assigned,2CE22922QC,HP,"Probook 4440s","61,000",2013-01-01,,,"Amran Hossain","Marketing & Merchandising",LWR,SIL,SDL,amhossain,,,"Intelï¿½ Core ï¿½ i5 -3210M",2.5,500,,8192,,,,"WIN10 Pro",,B-483,"WIN 7 Pro",TDXGC-VDW24-VDJW6-QFWRJ-7KGHW,"Bag delivery date26122024"
BD-01024,,,,UPS,UPS,Assigned,27495,Micro,UVS-1000VA,"4,800",2012-01-01,,,"Suraj Mia",Cutting,LWR,,SDL,smia,,,,,,,,,,,,,,,,
BD-01025,,,,Computer,Laptop,Disposed,CNU73105XZ,HP,"Compaq 6715s","25,000",2010-04-04,,,,MIS,SWR,,SDL,,,,,,,,,,,,,,,,,
BD-01026,21004000121,1,,Projector,Projector,Assigned,PAEF160602L,Epson,H387C,"33,500",2013-03-06,,,DEWBDSDLP02,MIS,LWR,SIL,SDL,MIS,,,,,,,,,,,,,,,,"Last serviced on 15th Jan 2023 from Dynamic Tech BD"
BD-01027,,n/a,SDLD273B,Computer,Desktop,"Need to Dispose",0C5G019-50096MBOAEO-A230501,Clone,"P8H61 MLX R2.0","14,500",2013-07-08,,,"Omar Faruque",Cutting,LWR,SDL,SDL,ofaruque,,,"Intel Pentium R (2 cores)",2.60,,500,"2048 ",,,,"WIN10 Pro",,,None,,07981
BD-01028,,,,Phone,CIPT,Stock,FCH1525AU01,Cisco,CP-6911,"18,000",2009-03-02,,,,MIS,LWR,,SDL,,,,,,,,,,,,,,,,,
BD-01029,,,,Phone,CIPT,Stock,FCH1525AU6U,Cisco,CP-6911,"18,000",2009-03-02,,,,MIS,LWR,,SDL,,,,,,,,,,,,,,,,,
BD-01030,,,,Phone,CIPT,Stock,FCH1525AUUY,Cisco,CP-6911,"18,000",2009-03-02,,,,MIS,LWR,,SDL,,,,,,,,,,,,,,,,,
BD-01031,,,,Phone,CIPT,Stock,FCH1525AUWR,Cisco,CP-6911,"18,000",2009-03-02,,,,MIS,LWR,,SDL,,,,,,,,,,,,,,,,,
BD-01032,,,,Phone,CIPT,Stock,FCH1525AUV2,Cisco,CP-6911,"18,000",2009-03-02,,,,MIS,LWR,,SDL,,,,,,,,,,,,,,,,,
BD-01033,11004000188,,,UPS,UPS,Disposed,E1207037935,NPS,EA2120,"4,800",2012-01-01,,,,MIS,LWR,,SDL,,,,,,,,,,,,,,,,,
BD-01034,11004000188,,,UPS,UPS,Disposed,E1207037934,NPS,EA2120,"4,800",2012-03-02,,,,MIS,LWR,,SDL,,,,,,,,,,,,,,,,,
BD-01035,,,,Display,Monitor,Disposed,ZTRRHMBC600553,Samsung,"S19A100N 19""","8,500",2011-06-03,,,,MIS,LWR,,SDL,,,,,,,,,,,,,,,,,
BD-01036,21004000051,,,Display,Monitor,Disposed,ZTRRHMBC600579Z,Samsung,"S19A100N 19""","8,500",2011-06-03,,,,MIS,LWR,,SDL,,,,,,,,,,,,,,,,,
BD-01037,,,,Display,Monitor,Disposed,ZTRRHMBC600580E,"Samsung ","S19A100N 19""","8,500",2011-06-03,,,,MIS,LWR,,SDL,,,,,,,,,,,,,,,,,
BD-01038,210011000018,,,Display,Monitor,Disposed,ZTRRHMBC600584,Samsung,"S19A100N 19""","8,500",2013-01-01,,,,MIS,LWR,,SDL,,,,,,,,,,,,,,,,,
BD-01039,11004000077,n/a,,Display,Monitor,Disposed,ZTRRHMBC600634D,Samsung,"S19A100N 19","8,500",2012-02-05,,,"Badrul Hassan",Technical,LWR,SIL,SDL,bhassan,,,,,,,,,,,,,,,,
BD-01040,11004000078,,,Display,Monitor,Disposed,ZTRRHMBC600639,Samsung,"S19A100N 19""","8,500",2013-01-01,,,,MIS,LWR,,SDL,,,,,,,,,,,,,,,,,
BD-01041,11004000079,1,,Display,Monitor,Disposed,ZTRRHMBC600736P,Samsung,S19A100N,"8,500",2012-02-05,,,"Rasanga Ranasinghe (CCTV Monitoring)",Production,LWR,SIL,SDL,"rranasinghe ",,,,,,,,,,,,,,,,
BD-01042,21004000027,,,Display,Monitor,Disposed,ZTRRHMBC600777,Samsung,"S19A100N 19""","8,500",2012-02-05,,,,MIS,LWR,,SDL,,,,,,,,,,,,,,,,,
BD-01043,21004000026,1,,Display,Monitor,Disposed,ZTRRHMBC601088,Samsung,"S19A100N 19","8,500",2012-02-05,,,"Ikram Hossain",Finishing,LWR,SIL,SDL,ihosen,,,,,,,,,,,,,,,,
BD-01044,21004000007,,,Display,Monitor,Assigned,ZTRRHMBC601371,Samsung,"S19A100N 19""","8,500",2013-01-01,,,"Alamin Hossian",Commercial,LWR,,SHO,alahossain,,,,,,,,,,,,,,,,
BD-01045,21004000157,,,Display,Monitor,Disposed,ZTRRHMBC600949T,Samsung,"S19A100N 19""","8,500",2012-02-05,,,,MIS,LWR,,SDL,,,,,,,,,,,,,,,,,
BD-01046,21004000158,,,Display,Monitor,Disposed,ZTRRHMBC600735A,Samsung,"S19A100N 19""","8,500",2012-02-05,,,,MIS,LWR,,SDL,,,,,,,,,,,,,,,,,
BD-01047,11004000158,n/a,SDLD287C,Computer,Desktop,Assigned,SGH216PXX0,HP,"Pro 3330 MT","57,000",2012-06-05,,,"Eunus Ali",Cutting,LWR,SDL,SDL,eali,,,"Intel Core i3-3220",3.3,"480 GB",,"8192 ",,,,"WIN10 Pro",2021-09-25,,"WIN 7 Pro",P8D6R-QRXGQ-3G623-Q6MDF-96Q69,"Dongol s/n no: 52072, VER: 8.5 (Need to Rechk Processor Number)"
BD-01048,,,,Display,Monitor,Assigned,6CM2200G83,HP,"LV1911 19""","8,600",2012-06-05,,,"Mizanoor Rahman","Store ",LWR,,SDL,mizrahman,,,,,,,,,,,,,,,,
BD-01049,11004000158,n/a,SDLD353D,Computer,Desktop,Assigned,SGH216PXX3,HP,"Pro 3330 MT","45,000",2012-06-05,,,"Sushen Kumar (Loc-30)",Cutting,LWR,SIL,SDL,skumar,,,"Intel Core i3",3.30,,500,8192,,,,"Win 11 Pro",2025-06-29,,"WIN 7 Pro",MJDH7-PW4W4-YVKCM-JRF7J-XY9MP,"Ex Ctex machine"
BD-01050,,,,Display,Monitor,Disposed,6CM2200HPZ,HP,"LV1911 19""","8,600",2012-06-05,,,"Ex. Sahida Akter",MIS,LWR,,SDL,,,,,,,,,,,,,,,,,"Need to service(Monitor Dislplay goto sleep automatically) this Monitor."
BD-01051,,,,Computer,Laptop,Disposed,BV9G6BX,Dell,"Inspiron 6400","22,000",2008-06-02,,,,MIS,LWR,,SDL,,,,"Intel Core 2Duo",1.90,,320,"2048 ",,,,"WIN7 Pro",,,"WIN XP Pro",JBX4G-D88KP-33PT7-B48WT-TPT8W,
BD-01052,,n/a,SDLD275B,Computer,Desktop,Assigned,C5MOAB225870,Clone,P8H61-MLX,"14,500",2013-09-09,,,"Delower Hossain",Cutting,LWR,SIL,SDL,delhossain,,,"Intel Pentium R (2 cores)",2.6,256,,4096,,,,"WIN10 Pro",2025-07-27,,None,,
BD-01053,,n/a,SDLD278D,Computer,Desktop,Assigned,74D02BC90ECB,Clone,H61M-E,"15,000",2013-04-05,,,"Mahfuzul Alom",Cutting,LWR,SIL,SDL,malom,,Asus,"Intel Pentium R (2 cores)-G620",2.6,,500,8192,,,,"WIN10 Pro",,,None,,
BD-01054,,,SDLD152A,Computer,Desktop,Disposed,C6M0CS1036533,Clone,"P8H61-MLX ","14,000",2013-01-01,,,,MIS,LWR,,SDL,,,Asus,"Intel Pentium R (2 cores)",2.6,,500,2048,,,,"WIN7 Pro",,,None,,
BD-01055,,n/a,SDLD613,Computer,Desktop,Assigned,SN171160068796,Clone,GA-H61M-DS2,"14,500",2013-09-09,"StarTech/ INV-STETB-2017-066998/ 9 yrs wrnty",,"Rajia Sultana","Human Resource",LWR,SDL,SDL,rasultana,,Gigabyte,"Intel Pentium R (2 cores)-G630",2.7,,500,2048,,,,"WIN10 Pro",,,None,,
BD-01056,,,SDLL057D,Computer,Laptop,Disposed,CNU8363WT3,HP,"Compaq 2230s","22,000",2008-06-02,,,,MIS,LWR,,SDL,,,,"Intel Core 2Duo",1.80,,320,"4096 ",,,,"WIN7 Pro",,,"WIN Vista Buiness",2XG8H-M8HJ3-2M62Y-F7Q7B-YVTCD,
BD-01057,,n/a,,Scanner,Scanner,Disposed,MM6W039109,Epson,V33,"7,000",2013-06-03,,,,MIS,LWR,SIL,SDL,,,,,,,,,,,,,,,,,
BD-01058,21004000082,,,Display,Monitor,Assigned,ZTRRHMAC900609R,Samsung,S19A100N,"8,500",2012-02-05,,,"Lutful Haider ",Commercial,LWR,,SDL,lhaider,,,,,,,,,,,,,,,,
BD-01059,,,,Network,Switch,Disposed,FCZ1002Y0DL,Cisco,"Catalyst 2950 series","90,000",2010-01-01,,,,MIS,LWR,,SDL,,,,,,,,,,,,,,,,,
BD-01060,,,"Video conference room",Display,"VC Monitor",Assigned,(S)27101713NB,NEC,"Multi Sync V462","90,000",2013-09-01,,,"VC room",MIS,LWR,,SDL,MIS,,,,,,,,,,,,,,,,
BD-01061,,,"Video conference room",Display,"VC Monitor",Assigned,(S)27101714NB,NEC,"Multi Sync V462","90,000",2013-09-01,,,"VC room",MIS,LWR,,SDL,MIS,,,,,,,,,,,,,,,,
BD-01062,,,"Video conference room","VC Accessories","VC Camera",Assigned,8212100F08B9CN,Polycom,"HDX 7000","84,000",2013-09-01,,,"VC room",MIS,LWR,,SDL,MIS,,,,,,,,,,,,,,,,
BD-01063,,,"Video conference room","Remote Control","Remote control",Assigned,20110825,Polycom,,"1,550",2013-09-01,,,"VC room",MIS,LWR,,SDL,MIS,,,,,,,,,,,,,,,,
BD-01064,,,"Video conference room","Remote Control","Remote control",Assigned,J8200111,NEC,RU-M117,500,2013-09-01,,,"VC room",MIS,LWR,,SDL,MIS,,,,,,,,,,,,,,,,
BD-01065,,,"Video conference room","Remote Control","Remote control",Assigned,,NEC,RU-M117,500,2013-09-01,,,"In Sara's room",MIS,LWR,,SDL,MIS,,,,,,,,,,,,,,,,
BD-01066,,,"Video conference room","VC Accessories","VC Microphone",Assigned,82121404513EC5,Polycom,,"5,000",2013-09-01,,,"VC room",MIS,LWR,,SDL,MIS,,,,,,,,,,,,,,,,
BD-01067,,,,Network,Router,Transferred,FGL164327T5,Cisco,1801,"6,000",2010-01-01,,,,MIS,LWR,,SDL,,,,,,,,,,,,,,,,,"Trade-In with Di-data"
BD-01068,,INV-GBPGL-2021-001309,SDLD227G,Computer,Desktop,Assigned,LCM0KC102389N72,Clone,"Asus  Prime H410M CS SI",40000,2021-03-02,,SDL2000234,"Shafiqul Islam",CAD,LWR,SIL,SDL,shafislam,,Asus,"Intel Core i3 10100",3.60,256,,8192,,,40000,"WIN 10 Pro",2021-11-28,,"Win 10 Pro",F28NH-WQVG3-TDYKV-RJ468-TQ726,
BD-01069,,,,Display,"CRT Monitor",Disposed,WE000532402479,Samsung,105G7,"5,500",2004-01-01,,,,MIS,LWR,,SDL,,,,,,,,,,,,,,,,,
BD-01070,,,,UPS,UPS,Disposed,433834395,Vanstab,"BLAZER 600","2,800",2009-01-01,,,,MIS,LWR,,SDL,,,,,,,,,,,,,,,,,
BD-01071,,,SDLD055A,Computer,Desktop,Assigned,50E5491D90CA,,GA-H61M-S2PV,"14,500",2011-03-02,,,"Didarul Islam","Store ",LWR,,SDL,dislam,,Gigabyte,"Intel Duel core-G620",2.6,,500,4096,,,,"WIN10 Pro",,,None,,
BD-01072,,n/a,,UPS,UPS,Disposed,163258,ATA,1200VA,"5,040",2016-07-20,"DIgilog System ",PR-996,,MIS,LWR,SDL,SDL,,,,,,,,,,,,,,,,,
BD-01073,,,,Phone,CIPT,Stock,FCH09488UZ4,Cisco,7940,"3,500",2009-03-02,,,,MIS,LWR,,SDL,,,,,,,,,,,,,,,,,
BD-01074,,,,Phone,CIPT,Stock,FCH152489R4,Cisco,CP-6911,"18,000",2009-03-02,,,,MIS,LWR,,SDL,,,,,,,,,,,,,,,,,
BD-01075,,,,Phone,CIPT,Stock,FCH1525AUSM,Cisco,CP-6911,"18,000",2009-03-02,,,,MIS,LWR,,SDL,,,,,,,,,,,,,,,,,
BD-01076,,,,Phone,CIPT,Stock,FCH1525AV1T,Cisco,CP-6911,"18,000",2009-03-02,,,,MIS,LWR,,SDL,,,,,,,,,,,,,,,,,
BD-01077,,,,Phone,CIPT,Stock,FCH1525ATYJ,Cisco,CP-6911,"18,000",2009-03-02,,,,MIS,LWR,,SDL,,,,,,,,,,,,,,,,,
BD-01078,,,,Phone,CIPT,Stock,FCH1525ATUS,Cisco,CP-6911,"18,000",2009-03-02,,,,MIS,LWR,,SDL,,,,,,,,,,,,,,,,,
BD-01079,,,,Phone,CIPT,Stock,FCH1525AUDQ,Cisco,CP-6911,"18,000",2009-03-02,,,,MIS,LWR,,SDL,,,,,,,,,,,,,,,,,
BD-01080,,,,Phone,CIPT,Stock,FCH1525ATVU,Cisco,CP-6911,"18,000",2009-03-02,,,,MIS,LWR,,SDL,,,,,,,,,,,,,,,,,
BD-01081,,,,Phone,CIPT,Stock,FCH1525AU36,Cisco,CP-6911,"18,000",2009-03-02,,,,MIS,LWR,,SDL,,,,,,,,,,,,,,,,,
BD-01082,,,,Phone,CIPT,Stock,FCH1525ATUL,Cisco,CP-6911,"18,000",2009-03-02,,,,MIS,LWR,,SDL,,,,,,,,,,,,,,,,,
BD-01083,,,,Phone,CIPT,Stock,FCH14509XRL,Cisco,CP-6911,"18,000",2009-03-02,,,,MIS,LWR,,SDL,,,,,,,,,,,,,,,,,
BD-01084,,,,Phone,CIPT,Stock,FCH1525AU6Y,Cisco,CP-6911,"18,000",2009-03-02,,,,MIS,LWR,,SDL,,,,,,,,,,,,,,,,,
BD-01085,,,,Printer,Printer,Disposed,CN57H162V7,HP,"Deskjet D3920","3,000",2010-01-01,,,,MIS,LWR,,SDL,,,,,,,,,,,,,,,,,
BD-01086,,,10.140.40.31,Phone,CIPT,Assigned,INM081324VG,Cisco,7940,"3,500",2009-03-02,,,"Manzurul Haque",Lean,LWR,,SDL,mhaque,,,,,,,,,10.140.40.31,,,,,,,
BD-01087,,,,"Barcode Reader","Barcode reader",Stock,Y5V746,Symbol,11742,"5,000",2010-01-01,,,"SIL MIS room",MIS,LWR,,SDL,,,,,,,,,,,,,,,,,
BD-01088,11004000082,1,,Scanner,Scanner,Assigned,MM6W041118,Epson,V33,"7,000",2013-06-03,,,"Hachibur Rahaman",Commercial,LWR,SIL,SDL,hrahaman,,,,,,,,,,,,,,,,
BD-01089,21004000025,n/a,,Scanner,Scanner,Assigned,MM6W041124,Epson,V33,"7,000",2013-06-03,,,"Romis Uddin",Design,LWR,SDL,SDL,ruddin,,,,,,,,,,,,,,,,
BD-01090,,,,Phone,CIPT,Stock,FCH10068Y3L,Cisco,7940,"3,500",2009-03-02,,,,MIS,LWR,,SDL,rheath,,,,,,,,,,,,,,,,
BD-01091,,,,CCTV,"CCTV DVR",Disposed,ALX100908,Avtech,"RoHS Conform","36,000",2005-01-01,,,,MIS,LWR,,SDL,,,,,,,,,,,,,,,,,
BD-01092,11004000188,,,UPS,UPS,Assigned,E1207026749,NPS,EA265,"2,800",2012-03-02,,,"Ariful Islam",Finishing,LWR,,SDL,aislam,,,,,,,,,,,,,,,,
BD-01093,21004000052,,,UPS,UPS,Assigned,E1207036564,NPS,EA2120,"4,800",2012-09-06,,,"Sahin Mahmud",Finishing,LWR,,SDL,smahmud,,,,,,,,,,,,,,,,
BD-01094,21004000052,,,UPS,UPS,Disposed,E1207036565,NPS,EA2120,"4,800",2012-09-06,,,"EX.Shefat Jahan",MIS,LWR,,SDL,,,,,,,,,,,,,,,,,
BD-01095,21004000052,n/a,,UPS,UPS,Assigned,E1207026696,NPS,EA265,"2,800",2012-09-06,,,"Badrul Hassan",Technical,LWR,SIL,"Shanta Denim Limited",bhassan,,,,,,,,,,,,,,,,
BD-01096,21004000052,,,UPS,UPS,Assigned,E1207026698,NPS,EA265,"2,800",2012-09-06,,,"Selina Shelley",Compliance,LWR,,SDL,sshelley,,,,,,,,,,,,,,,,
BD-01097,11004000214,1,,UPS,UPS,Assigned,E1207026697,NPS,EA265,"2,800",2012-09-06,,,"Enus Ali",Cutting,LWR,SDL,SDL,eali,,,,,,,,,,,,,,,,
BD-01098,21004000016,,,Display,Monitor,Disposed,ZTRRHMCC603918L,Samsung,S19A100N,"8,500",2012-02-05,,,,MIS,LWR,,SDL,,,,,,,,,,,,,,,,,
BD-01099,,,,Display,Monitor,Disposed,ZTRRHMBC703840,Samsung,S19A100N,"8,500",2012-02-05,,,,MIS,LWR,,SDL,,,,,,,,,,,,,,,,,
BD-01100,21004000160,,,Display,Monitor,Disposed,ZTRRHMBC703936D,Samsung,S19A100N,"8,500",2012-02-05,,,,MIS,LWR,,SDL,,,,,,,,,,,,,,,,,
BD-01101,,,SDLD281A,Computer,Desktop,Assigned,C6M0CS103803,Clone,P8H61-MLX,"14,500",2013-09-09,,,"Mahabur Rahaman",Quality,LWR,,SDL,mrahaman,,Gigabyte,"Intel Pentium R (2 cores)-G630",2.7,,500,4096,,,,"WIN10 Pro",,,None,,
BD-01102,,n/a,SDLD280C,Computer,Desktop,Assigned,245MC040000344,Clone,P8H61-MLX,"14,500",2013-05-03,,,"Laila Sharmin",Fabric,LWR,SIL,SDL,lsharmin,,Gigabyte,"Intel Pentium R (2 cores)",2.7,256,,8196,,,,"WIN10 Pro",2025-07-27,,None,,
BD-01103,11004000214,,,UPS,UPS,Assigned,E1208001618,NPS,EA2120,"4,800",2012-09-06,,,"Rakibul Islam/Dulal Chandro",Store,LWR,SDL,SDL,rislam/dchandro,,,,,,,,,,,,,,,,
BD-01104,21004000189,n/a,,UPS,UPS,Assigned,E1208001619,NPS,EA2120,"4,800",2012-01-01,,,,Operations,LWR,SIL,SDL,,,,,,,,,,,,,,,,,
BD-01105,21004000189,,,UPS,UPS,Assigned,E1208001500,NPS,EA2120,"4,800",2012-09-06,,,"Sazzadur Rahman",Commercial,LWR,,SDL,sarahman,,,,,,,,,,,,,,,,
BD-01106,21004000124,n/a,,UPS,UPS,Assigned,E1208001501,NPS,EA2120,"4,800",2012-09-06,,,"Rashed Ahmed","Industrial Engineering",LWR,SIL,SDL,rahmed,,,,,,,,,,,,,,,,
BD-01107,,,DEWBDSDLA04,Network,"Access Point",Assigned,FCZ1642Q181,Cisco,AIR-AP1131G,"35,000",2011-01-01,,,"SDL Server room Rack2",MIS,SWR,,SDL,System,,,,,,,,,10.140.25.4,,,,,,,
BD-01108,,,"Ex. SDLL012",Computer,Laptop,Disposed,CND8141VWG,HP,"HP 520","22,000",2008-06-02,,,,MIS,LWR,,SDL,,,,,,,,,,,,,,,"Windows XP Professional OEM",,
BD-01109,,,DEWBDSDLA06,Network,"Access Point",Assigned,FCZ1642Q172,Cisco,AIR-AP1131G,"35,000",2011-01-01,,,,MIS,LWR,"PD's area",SDL,System,,,,,,,,,10.140.25.6,,,,,,,
BD-01110,,1,DEWBDSDLA07,Network,"Access Point",Disposed,FCZ1642Q180,Cisco,AIR-AP1131G,"35,000",2011-01-01,,,,MIS,LWR,"Qainspection4 room",SDL,System,,,,,,,,,10.140.25.7,,,,,,,
BD-01111,,,DEWBDSDLS12,Network,Switch,Assigned,DNI145201N2,Linksys,SF300-48,"27,000",2011-01-01,,,,MIS,LWR,SDL,SDL,,,,,,,,,,10.140.2.12,,,,,,,
BD-01112,,n/a,SDLD459A,Computer,Desktop,Assigned,H2M0AB130829,Clone,H61M-K,"14,500",2013-09-09,"Mainboard Purchese from Global Brand",SIL00014,"Saiful Islam3","Industrial Engineering",LWR,SCRLN,SDL,saifislam,,Asus,"Intel Pentium R (2 cores)-G630",2.7,250,,8192,,,,"WIN10 Pro",2024-06-26,,None,,
BD-01113,,,,UPS,UPS,Assigned,163253,Digilog,UPS-1200VA,"4,800",2016-07-20,"DIgilog System ",999,"Ramzan Ali",Cutting,SWR,,SDL,ramali,,,,,,,,,,,,,,,,
BD-01114,21004000125,,,UPS,UPS,Disposed,E1208001848,NPS,EA2120,"4,800",2012-01-01,"Digilog System/1609/1 yars wrnty ",,,MIS,LWR,,SDL,,,,,,,,,,,,,,,,,
BD-01115,21004000126,,,UPS,UPS,Assigned,E1208001844,NPS,EA2120,"4,800",2012-09-06,,,"Siddiqur Rahman",Sample,LWR,,SDL,"sirahman ",,,,,,,,,,,,,,,,
BD-01116,21004000127,n/a,,UPS,UPS,Assigned,E1208001843,NPS,EA2120,"4,800",2012-09-06,,,"Jamal Uddin",Cutting,LWR,SIL,SDL,jauddin,,,,,,,,,,,,,,,,
BD-01117,,n/a,SDLD099D,Computer,Desktop,Assigned,245MC040000873,Clone,2ZE1RHO,"14,500",2013-05-03,,,"Nasir Hossain",Fabric,LWR,SIL,SDL,nhossain,,Gigabyte,"Intel Pentium R (2 cores)",2.7,"500 GB",,8192,,,,"WIN10 Pro",2024-09-04,,None,,
BD-01118,,n/a,,Computer,Desktop,"Need to Dispose",245MC040000884,Clone,"P8H61-MLX3 ","14,500",2013-09-09,,,,MIS,LWR,HO,"Dhaka Buying Office",,,Asus,"Intel Pentium R (2 cores)-G620",2.6,,500,2048,,,,"WIN7 Pro",,,None,,
BD-01119,,n/a,SDLD292C,Computer,Desktop,"Need to Dispose",245MC040000826,Clone,2ZE1RHO,"14,500",2013-05-03,,,"Mir Hossin Pk",Oparetion,LWR,SWL,SDL,mhossinpk,,Gigabyte,"Intel Pentium R (2 cores)",2.7,,1024,8192,,,,"WIN10 Pro",2022-02-09,,None,,
BD-01120,21004000161,,,Display,Monitor,Disposed,ZTRRHMAC902485,Samsung,S19A100N,"8,500",2012-02-05,,,,MIS,LWR,,SDL,,,,,,,,,,,,,,,,,
BD-01121,21004000162,1,,Display,Monitor,Disposed,ZTRRHMAC902534,Samsung,S19A100N,"8,500",2012-02-05,,,"Ripon Ali ",Cutting,LWR,SDL,SDL,rali,,,,,,,,,,,,,,,,
BD-01122,21004000163,n/a,,Display,Monitor,Disposed,ZTRRHMBC704627,Samsung,S19A100N,"8,500",2012-02-05,,,"Faisal Ahmed",Operations,LWR,SIL,SDL,faahmed,,,,,,,,,,,,,,,,
BD-01123,21004000164,,,Display,Monitor,Assigned,ZTRRHMBC704998D,Samsung,S19A100N,"8,500",2013-06-03,,,"Shamim Reza/Delowar Hossain2",Production,LWR,,SDL,sreza/delhossain,,,,,,,,,,,,,,,,
BD-01124,,,,Display,Monitor,Disposed,ZTRRHMBC704922Z,Samsung,S19A100N,"8,500",2013-06-03,,,,MIS,LWR,,SDL,,,,,,,,,,,,,,,,,
BD-01125,,n/a,SDLD183D,Computer,Desktop,Disposed,BAM0AB269578,Clone,P8H61-MLX,"14,500",2013-09-09,,,"Afzal Hossain2",Production,LWR,SIL,SDL,afzhossain,,Asus,"Intel Pentium R (2 cores)-G620",2.6,,500,8192,,,,"WIN10 Pro",2020-11-11,,None,,
BD-01126,,na,SDLAP15,Server,"Desktop (Server)",Assigned,,Clone,"G1 Sniper M3","28,000",2013-04-05,,,"SDL Server room Rack2",MIS,LWR,SDL,SDL,System,,Gigabyte,"Intel Core i3",3.3,,2TB,32000,,,,"Hyper V 2019",,,None,,
BD-01127,,,SDLD381A,Computer,Desktop,Disposed,SGH81001ZV,HP,"Compaq DC5750 MT ","25,000",2013-04-05,,,,MIS,LWR,,SDL,,,,"AMD Athlon ",2.6,,500,4096,,,,"WIN7 Pro",,,"WIN XP Pro",FGK8V-2RH38-KCCY8-D9GKY-RR42W,
BD-01128,,,,UPS,UPS,Disposed,E110335412,"Power Guard",PG-650AOF,"2,900",2010-03-02,,,,MIS,LWR,,SDL,,,,,,,,,,,,,,,,,
BD-01129,,,,Display,"Led Displayboard",Assigned,,,,"3,500",2009-01-01,,,"Saravanan Jayaraman ",MIS,LWR,,SDL,sjayaraman,,,,,,,,,,,,,,,,
BD-01130,,,,Display,"Led Displayboard",Assigned,,,,"3,500",2009-01-01,,,"Saravanan Jayaraman ",MIS,LWR,,SDL,sjayaraman,,,,,,,,,,,,,,,,
BD-01131,,,,Network,"Access Point",Disposed,MDG30EB22287,Linksys,WAP54G,"7,300",2010-01-01,,,,MIS,LWR,,SDL,,,,,,,,,,,,,,,,,
BD-01132,11004000169,n/a,SDLL067E,Computer,Laptop,Disposed,CNU2041KTK,HP,"Probook 4430s","61,000",2013-01-01,,,"Quazi Akhtaruzzaman",Commercial,LWR,SIL,SDL,qahktaruzzaman,,,"Intelï¿½ Core ï¿½ i5 -2450M",2.5,480,,8192,,,,"WIN10 Pro",,B-143,"Win 7 pro",Dmaged,
BD-01133,,,,UPS,UPS,"Need to dispose",880716015424,Prolink,PC-600,"2,800",2010-03-02,,,,MIS,LWR,,SDL,,,,,,,,,,,,,,,,,
BD-01134,,,SDLL017B,Computer,Laptop,Disposed,CNU02960N7,HP,"Probook 6450b","44,000",2011-01-01,,,,PCC,SWR,,SDL,,,,"Intel Core i3",1.70,,500,"4096 ",,,,"WIN7 Pro",,,"WIN 7 Pro","OEM serial number got ereased","Ex. User Mark Matthews."
BD-01135,,,"Ex. SDLL047B",Computer,Laptop,Disposed,CNU6260XVV,HP,"Compaq NX6315","37,000",2010-01-01,,,,MIS,LWR,,SDL,,,,"Monile AMD Sempron ™ Processor",1.60,,160,"1024 ",,,,"WIN7 Pro",,,"Windows XP Professional OEM","PC XP Pro","Display Problem"
BD-01136,21004000140,n/a,SDLL087,Computer,Laptop,Assigned,2CE2251SBX,HP,"Probook 4440s","61,000",2013-01-01,,,"Monirul Islam",Cutting,LWR,SDL,SDL,moislam,,,"Intel Core i5",2.50,500,,"8192 ",,,,"WIN10 Pro",2024-12-02,Yes,"WIN 7 Pro",VXJ99-WT2TG-WBW37-QCVYB-WWDRV,
BD-01137,,,"Ex. SDLL024",Computer,Laptop,Disposed,CNU00318S3,HP,"Probook 4410s","61,000",2013-01-01,,,,MIS,SWR,,SDL,,,,,,,,,,,,,,,,,
BD-01138,21004000141,N/A,DBOL119D,Computer,Laptop,Assigned,2CE2251S4D,HP,"Probook 4440s","61,000",2013-01-01,,,"Mehedi Hasan 3",Finance,LWR,SHO,SHO,mehhasan,,,"Intel Core i5",2.10,500,,"4096 ",,,,"WIN10 Pro",,B-120,MV,,
BD-01139,,,"Ex. SDLL171A",Computer,Laptop,Disposed,CNU91449DG,HP,"Compaq 2230s","22,000",2008-06-02,,,,MIS,LWR,,SDL,,,,"Intel® Core ™ 2 Duo-T5870",2,,500,4096,,,,"WIN7 Pro",,,"WIN Vista Buiness",TTCR6-BQG2K-GBH98-PFHK3-G9PG6,"Oem ???"
BD-01140,11004000166,,SDLL036,Computer,Laptop,Disposed,"27533471 7000352",Sony,"VAIO - VPCZ137GG","48,000",2012-07-03,,,,MIS,LWR,,SDL,,,,"Intel Core i5",2.67,,128,6144,,,,"WIN7 Pro",,,"PC 7 Pro",,
BD-01141,,,SDLL100B,Computer,Laptop,Disposed,CNU5281QD7,HP,Compaq-NC6120,"37,000",2010-01-01,,,,MIS,SWR,,SDL,,,,"Intel Pentium 4",2.50,,80,"1024 ",,,,"WIN7 Pro",,,"PC XP Pro",,
BD-01142,21004000013,n/a,SDLD164C,Computer,Desktop,Assigned,17408534356,Dell,"Optiplex 390 MT","45,000",2012-06-05,,,"Hasan3, Mahmudul",Lab,LWR,SDL,SDL,mahasan,,,"Intel Core i3",3.10,,1024,8192,,,,"WIN10 Pro",2020-11-10,,"Win 10 Pro",J3RV8-CHJWM-GDMBB-MHV8V-JCT49,
BD-01143,11004000048,1,,Display,Monitor,"Need to Dispose",ZUMUHMCC800832R,Samsung,S19B300B,"8,500",2013-06-03,,,"Syed Nazrul",Sample,LWR,"SIL ",SDL,snazrul,,,,,,,,,,,,,,,,
BD-01144,41004000010,n/a,,Display,Monitor,Disposed,ZUMUHMBC600183P,Samsung,S19B100B,"8,500",2013-06-03,,,"Rafiqul Islam2",Production,LWR,SDL,SDL,rafiislam,,,,,,,,,,,,,,,,
BD-01145,,,,UPS,UPS,Assigned,E110323389,"Power Guard",PG1200AOF,"4,800",2010-07-05,,,"Saleha Khatun",Cutting,LWR,SIL,SDL,skhatun,,,,,,,,,,,,,,,,
BD-01146,,N/A,,UPS,UPS,"Need to Dispose",E110335413,"Power Guard",PG-650AOF,"2,900",2010-07-05,,,"Chakraborti, Poranjan",Sample,LWR,SIL,SDL,pchakraborti,,,,,,,,,,,,,,,,
BD-01147,,n/a,,UPS,UPS,"Need to Dispose",163254,Digilog,UPS-1200VA,"4,800",2016-07-20,"DIgilog System ",999,"Chakraborti, Poranjan",Design,LWR,SIL,SDL,pchakraborti,,,,,,,,,,,,,,,,
BD-01148,,,SDLD010B,Computer,Desktop,Disposed,SGH9380T0Z,HP,"DX2390 MT","25,000",2011-02-02,,,"Ex. Murad Hossain",MIS,LWR,,SDL,hmurad,,,"Intel Core 2Duo",2.80,,250,"2048 ",,,,"WIN7 Pro",,,None,,
BD-01149,,,,UPS,UPS,Disposed,434A08867,Vanstab,"BLAZER 600","2,800",2009-01-01,,,,MIS,LWR,,SDL,,,,,,,,,,,,,,,,,
BD-01150,,,,UPS,UPS,Assigned,E110323483,"Power Guard","PG-1200 AOF","4,800",2010-07-05,,,"Shahjahan Siraj",Sample,LWR,,SDL,ssiraj,,,,,,,,,,,,,,,,
BD-01151,,,"Ex. SDLL103",Computer,Laptop,Disposed,CNU60902LX,HP,"Compaq NC6120","37,000",2010-01-01,,,,MIS,LWR,,SDL,,,,,,,,,,,,,,,"Windows XP Professional OEM",,
BD-01152,,,"Ex. SDLL101",Computer,Laptop,Disposed,CNU53720J1,HP,"Compaq NX6110","37,000",2010-01-01,,,,MIS,LWR,,SDL,,,,,,,,,,,,,,,"Windows XP Professional OEM",,
BD-01153,,,"EX. SDLL112",Computer,Laptop,Disposed,CND3400GS0,HP,"Compaq NX7010","37,000",2010-01-01,,,,MIS,LWR,,SDL,,,,"Intel Pentium  M (4) ",1.60,,80,"1536 ",,,,"WIN7 Pro",,,"Windows XP Professional OEM","PC XP Pro",
BD-01154,,,"Ex. SDLL102",Computer,Laptop,Disposed,CND43002G6,HP,"Compaq NX7010","37,000",2010-01-01,,,,MIS,LWR,,SDL,,,,,,,,,,,,,,,"Windows XP Professional OEM",,
BD-01155,,,,Phone,CIPT,Stock,INM08131WSJ,Cisco,7960,"3,500",2009-03-02,,,,MIS,LWR,,SDL,,,,,,,,,,,,,,,,,
BD-01156,,,,Phone,CIPT,Stock,INM08041FN8,Cisco,7940,"3,500",2009-03-02,,,,MIS,LWR,,SDL,,,,,,,,,,,,,,,,,
BD-01157,,,,Phone,CIPT,Stock,INM091414XP,Cisco,7940,"3,500",2009-03-02,,,,MIS,LWR,,SDL,,,,,,,,,,,,,,,,,
BD-01158,,,,Phone,CIPT,Stock,FCH10068PHE,Cisco,7940,"3,500",2009-03-02,,,,MIS,LWR,,SDL,,,,,,,,,,,,,,,,,
BD-01159,,,,Phone,CIPT,Assigned,FCH10459FL2,Cisco,7940,"3,500",2009-03-02,,,"Mr. Zakir",Finance,LWR,,DBO,zkhan,,,,,,,,,,,,,,,,
BD-01160,,,,Phone,CIPT,Stock,INM08271K2T,Cisco,7940,"3,500",2009-03-02,,,,MIS,LWR,,SDL,,,,,,,,,,10.140.40.43,,,,,,,
BD-01161,,,,Phone,CIPT,Stock,FCH100780F2,Cisco,7940,"3,500",2009-03-02,,,,MIS,LWR,,SDL,,,,,,,,,,,,,,,,,
BD-01162,,,,Phone,CIPT,Stock,FCH09488VEW,Cisco,7940,"3,500",2009-03-02,,,,MIS,LWR,,SDL,,,,,,,,,,,,,,,,,
BD-01163,,,,Display,"CRT Monitor",Disposed,CNC6160G5F,HP,HP7540,"5,500",2004-01-01,,,,Sample,LWR,,SDL,"Data Colour",,,,,,,,,,,,,,,,
BD-01164,,,"Ex. SDLL002A",Computer,Laptop,Disposed,CNU9494RFG,HP,"Compaq 515","35,000",2013-01-01,,,,MIS,LWR,,SDL,,,,"AMD Athlon Doal Core QL-64",2.1,,160,2048,,,,"WIN7 Pro",,,"Win XP Pro",,
BD-01165,21004000022,n/a,,Display,Monitor,Assigned,ZTRRHMACA01088L,Samsung,S19A100N,"8,500",2013-06-03,,,"Mir Hossin pk",Production,LWR,SWL,SDL,mhossinpk,,,,,,,,,,,,,,,,
BD-01166,,,,CCTV,"CCTV DVR",Assigned,112D8444,"Fuho Vacron",HA-1622B,"36,000",2005-01-01,,,,Oparetion,LWR,,SDL,Security,,,,,,,,,,,,,,,,
BD-01167,110011000000,,,Display,Monitor,Assigned,ZTRRHMAC904750,Samsung,S19A100N,"8,500",2013-06-03,,,"Fazlur Rahman",Quality,LWR,,SDL,frahman,,,,,,,,,,,,,,,,
BD-01168,110011000008,n/a,,Display,Monitor,Assigned,NE5UHMBB700402V,Samsung,"B1930N  19","8,500",2013-06-03,,,"SDL Puma Inspection","Quality Assurance",LWR,SDL,SDL,spumainspection,,,,,,,,,,,,,,,,
BD-01169,,,SDLD305B,Computer,Desktop,Assigned,C7MOCS114029,Clone,"P8H61-MLX3 R2.0","14,500",2013-09-09,,,"Asadul Haque",Quality,LWR,,SDL,ashaque,,,"Intel Pentium R (2 cores)",2.90,,500,"2048 ",,,,"WIN10 Pro",,,None,,
BD-01170,,,,"Barcode Reader","Barcode reader",Stock,5706500314,Orbit,"Label MS7120","72,000",2010-01-01,,,"SIL Server room",MIS,LWR,,SDL,,,,,,,,,,,,,,,,,
BD-01171,21004000142,n/a,SDLL105H,Computer,Laptop,Assigned,2CE3030PW5,HP,"Probook 4440s","61,000",2013-03-19,,,"Selim Reza3",Finishing,LWR,SDL,SDL,selreza,,,"Intel Core i5",2.6,500,,8192,,,,"WIN10 Pro",2021-10-30,,"Win 7 pro",8WRHG-GM4PF-7KQHQ-JRC8D-FJB6R,"SMART TECH:"
BD-01172,21004000143,n/a,SDLL104D,Computer,Laptop,Assigned,2CE3030PXV,HP,"Probook 4440s","61,000",2013-01-01,,,"Zulfikar Ali","Marketing & Merchandising",LWR,SIL,SDL,zali,,,"Intel Core i5",,500,,8192,,,,"WIN10 Pro",,B-338,"WIN 7 Pro",333QP-DPJ6Y-7WGHF-X63M4-67MWH,
BD-01173,21004000144,n/a,SDLL109F,Computer,Laptop,Assigned,2CE3030P0D,HP,"Probook 4440s","61,000",2013-03-19,,,"Tariqul Islam 2",Compliance,LWR,SIL,SDL,tariislam,,,"Intel Core i5",2.6,500,,8192,,,,"WIN10 Pro",,B-311,"Win 7 pro",2R494-HWTFK-VGMFJ-KDC33-QVT9M,"SMART TECH:"
BD-01174,21004000145,n/a,DBOL224,Computer,Laptop,Assigned,2CE3030PYF,HP,"Probook 4440s","61,000",2013-03-19,,,"TCQC Fahim",Quality,LWR,SIL,SDL,ftcqc,,,"Intel Core i5",2.6,500,,8192,,,,"WIN11 Pro",2024-12-12,Yes,"Win 7 pro",V7FKQ-DDYT2-D8W9Q-PGG3K-J97P2,"SMART TECH"
BD-01175,41004000024,n/a,SDLL114C,Computer,Laptop,"Need to Dispose",2CE3030PW2,HP,"ProBook 4440s","61,000",2013-01-01,,,"Tofazzal Hosen","Fabric Technology",LWR,DBO,SDL,thosen,,,"Intel Core  i5-3230",2.6,256,,"8196 ",,,,"WIN10 Pro",2021-11-03,Yes,"WIN 7 Pro",W62DH-XJ4JX-K7C8V-TKDD6-3WPPQ,"Battery Replaced On 29092024"
BD-01176,,,,Computer,Laptop,Disposed,2CE3030PVX,HP,"Probook 4440s","61,000",2013-01-01,,,,MIS,LWR,,SDL,,,,"Intel Core i5",2.50,,640,"4096 ",,,,"WIN7 Pro",,,"PC 7 pro",,
BD-01177,21004000000,n/a,SDLL327,Computer,Laptop,Assigned,2CE3030PZC,HP,"Probook 4440s","61,000",2013-03-19,,,"Zafor Ahmed","Qaulity Assurance",LWR,DBO,"CastleCrafts Limited",zahmed,,,"Intel Core i5",2.50,500,,"8192 ",,,,"WIN10 Pro",2021-01-04,B-418,"WIN 7 Pro",TP2QW-MBBD2-F9XQY-C8299-WP6YY,"SMART TECH Ex Rifat Bin Sadek HRMSDL"
BD-01178,11004000158,n/a,,Computer,Desktop,Disposed,SGH302PV1Q,HP,"Pro 3330 MT","57,000",2013-03-19,,,,MIS,LWR,SIL,SDL,,,,"Intelï¿½ Coreï¿½ i3-3220",3.3,,500,4096,,,,"WIN10 Pro",2020-12-02,,"WIN 7 Pro",4CKHM-CH639-KD8RT-QM9MP-D94FC,
BD-01179,11004000164,n/a,SDLD297,Computer,Desktop,Assigned,SGH302PTYR,HP,"Pro 3330 MT","45,000",2013-03-19,,,"Ramzan Ali",Cutting,SWR,SDL,SDL,ramali,,,"Intel Core i3",3.30,500,,8192,,,,"Win 10 Pro",2025-09-02,,"WIN 7 Pro",RG2QH-MM3MX-F7GD2-Y72VK-JT27C,"SSD installed on 02092025 from SDLD210I"
BD-01180,11004000164,n/a,SDLD298B,Computer,Desktop,Assigned,SGH302PTY6,HP,"Pro 3330 MT","45,000",2013-03-19,,,"Ripon Chakroborty",IE,LWR,SDL,SDL,rchakraborty,,,"Intel Core i3",3.30,,500,8192,,,,"WIN10 Pro",2021-12-05,,"WIN 7 Pro",9HR7Y-J9F92-V9KRJ-R8FJR-H9JHH,"SMART TECH:"
BD-01181,11004000164,n/a,SDLD479A,Computer,Desktop,Assigned,SGH302PTWK,HP,"Pro 3330 MT","57,000",2013-03-19,,,"Imam Hossain",Maintenance,LWR,SDL,SDL,imahossain,,,"Intel Core  i5 3470",3.2,256,,8192,,,,"WIN10 Pro",2025-05-08,,"WIN 7 Pro",GBQ33-T4P72-293QT-TGX3D-YC3WW,"SSD Provided on 05082025"
BD-01182,11004000164,na,SDLD321B,Computer,Desktop,Disposed,SGH302PTWD,HP,"Pro 3330 MT","45,000",2013-03-19,,,"Jahangir Alom",Fabric,LWR,SDL,SDL,jalom,,,"Intel Core i3",3.30,,500,8192,,,,"WIN10 Pro",2021-09-02,,"WIN 7 Pro",CTGQC-79263-CQBKY-XVRCC-QBYR7,"Hard drive replaced 11 Nov 2021"
BD-01183,,,,Display,Monitor,Assigned,6CM24906Y8,HP,"LV1911 19""","8,600",2013-03-19,,,,,LWR,,SDL,,,,,,,,,,,,,,,,,"SMART TECH:"
BD-01184,,n/a,,Display,Monitor,"Need to Dispose",6CM249083F,HP,"LV1911 19","8,600",2013-03-19,,,"Ariful Islam",Finishing,SWR,SDL,SDL,aislam,,,,,,,,,,,,,,,,"SMART TECH:"
BD-01185,,1,,Display,Monitor,"Need to Dispose",6CM24906Y4,HP,"LV1911 19","8,600",2013-03-19,,,"Mahamudul Hasan2",Merchandising,LWR,SDL,SDL,mahamhasan,,,,,,,,,,,,,,,,"Need to chk for monitor make"
BD-01186,,,,Display,Monitor,Disposed,6CM24906YC,HP,"LV1911 19""","8,500",2013-03-19,,,,MIS,LWR,,SDL,,,,,,,,,,,,,,,,,
BD-01187,,n/a,,Display,Monitor,Disposed,6CM24906Y6,HP,"LV1911 19","8,600",2013-03-19,,,"Yeasmin Akter",Frontdesk,LWR,SIL,SDL,yakter,,,,,,,,,,,,,,,,
BD-01188,,,10.140.40.58,Phone,CIPT,Assigned,INM08271HYV,Cisco,7940,"3,500",2009-03-02,,,"Lahcen Eddehbi",Production,LWR,,SDL,leddehbi,,,,,,,,,10.140.40.58,,,,,,,
BD-01189,,,"Ex. SDLL107A",Computer,Laptop,Disposed,CNU61400JY,HP,"Compaq NC6120","37,000",2010-02-01,,,,MIS,LWR,,SDL,,,,"Intel Pentium 4",2,,80,1024,,,,,,,"WIN XP Pro",FVP7C-QPXGT-2QCXK-XGMT8-CF84W,
BD-01190,,n/a,SDLD272C,Computer,Desktop,Assigned,C6N0CS103589,Clone,P8H61-MLX,"14,500",2013-09-09,,,"Hazera Keya","Human Resource",LWR,SIL,SDL,hkeya,,Asus,"Intel Pentium R (2 cores)-G630",2.7,500,,8192,,,,"WIN10 Pro",2024-09-14,,None,,"Dongle serial no 52075 VER 85"
BD-01191,41004000000,,,Display,Monitor,Assigned,ZTRRHMCC604042X,Samsung,S19A100N,"8,500",2013-06-03,,,"Maksudur Rahman","Store ",LWR,,SDL,marahman,,,,,,,,,,,,,,,,
BD-01192,,,,Computer,Desktop,"Need to Dispose",C5N0AB226809,Clone,P8H61-MLX3,"14,500",2013-09-09,,,,MIS,LWR,SDL,SDL,,,Asus,"Intel Pentium R (2 cores)-G620",2.6,,00,4096,,,,"WIN10 Pro",,,None,,
BD-01193,,,,"Barcode Reader","Barcode Reader",Assigned,050GEB99705539FABB2,Casio,DT-930M50G,"15,000",2010-03-02,,,"Zahid Hasan","Marketing & Merchandising",SWR,,SDL,zhasan,,,,,,,,,,,,,,,,
BD-01194,,,,"Power Supply","Battery Cradle",Assigned,MTL045806,Logicode,MT-LC-D960C2,"12,000",2010-01-01,,,"Zahid Hasan","Marketing & Merchandising",SWR,,SDL,zhasan,,,,,,,,,,,,,,,,
BD-01195,,,,"Power Supply","Battery Charger",Disposed,CZ73782,Symbol,CRD6100-1030-000,"5,000",2008-01-01,,,,MIS,LWR,,SDL,,,,,,,,,,,,,,,,,
BD-01196,,1,,Printer,"Barcode Printer","Need to Dispose",1210690909-AP54,"Avery Dennison","AP 5.4","50,000",2010-01-01,,,"Rayhan Hossain","Marketing & Merchandising",SWR,SDL,SDL,hrayhan,,,,,,,,,,,,,,,,
BD-01197,11004000098,na,SDLL113F,Computer,Laptop,Assigned,2CE30812GF,HP,"ProBook 4540s","61,000",2013-01-01,,,"Temp. assign to HR","Human Resource",LWR,SDL,"Shanta Denim Limited",,,,"Intel Core i5 -3230M",2.6,480,,8192,,,,"WIN10 Pro",2020-06-24,Yes,"WIN 7 Pro",CWGDH-DT6P4-7RYC7-B27W2-WCMMP,"Asset no NA"
BD-01198,11004000167,n/a,SDLD474E,Computer,Desktop,Assigned,SGH302PV0M,HP,"Pro 3330 MT","45,000",2012-06-05,,,"Abu Jasim",Finishing,LWR,SDL,SDL,ajasim,,,"Intel Core i3",3.30,,1024,"4096 ",,,,"WIN10 Pro",2022-12-01,,"WIN 7 Pro",CVP8T-RYRHG-JF7CM-JYPP7-HRRHC,
BD-01199,,n/a,SDLD308C,Computer,Desktop,Assigned,M3M0KC452804E2A,Clone,"Asus  Prime H410M CS",41000,2021-07-20,"Global Brand",N/A,"Tanin Ahmed",Fabric,LWR,SIL,SDL,tahmed,,,"Intel Core i3 10100",3.2,256,,8192,,,,"WIN 10 Pro",2021-08-02,,"WIN 7 Pro",7JXFH-GG4PP-HRFX6-PKRM8-FYXX2,
BD-01200,11004000167,,SDLD324A,Computer,Desktop,Assigned,SGH302PV17,HP,"Pro 3330 MT","57,000",2013-03-19,,,"Adnanimran Khan",HR,LWR,,SDL,akhan,,,"Intel® Core ™  i5-3470",3.2,,500,4096,,,,"WIN10 Pro",,,"WIN 7 Pro",BMPVK-D2PQ4-D7HBT-YD7FR-32TCQ,
BD-01201,11004000167,n/a,SDLD311A,Computer,Desktop,Assigned,SGH302PV5Y,HP,"Pro 3330 MT","57,000",2013-03-19,,,"Nazrul Islam3",Cutting,LWR,SIL,SDL,nislam,,,"Intelï¿½ Coreï¿½  i5-3470",3.2,,500,4096,,,,"WIN10 Pro",,,"WIN 10 Pro",HWV3X-JYQCY-92629-XPVPV-979F6,
BD-01202,11004000180,n/a,SDLD505,Computer,Desktop,Assigned,SGH302PV0Y,HP,"Pro 3330 MT","57,000",2013-03-19,,,"Jamil Hossain",Quality,LWR,SIL,SDL,jamhossain,,,"Intel Core  i5-3470",3.2,,500,8196,,,,"WIN10 Pro",2020-12-28,,"WIN 7 Pro",VM9JC-F3W6B-X6MGX-XK7C4-JR322,
BD-01203,11004000180,n/a,SDLD312B,Computer,Desktop,Assigned,SGH302PTWT,HP,"Pro 3330 MT","57,000",2013-03-19,,,"Saleha Khatun",Cutting,LWR,SIL,SDL,skhatun,,,"Intelï¿½ Core ï¿½ i5 -3470",3.2,,500,4096,,,,"WIN10 Pro",,,"WIN 7 Pro",GGV8H-4XWX3-HM33M-XDKF4-TJPGX,
BD-01204,11004000103,n/a,SDLD313D,Computer,Desktop,Assigned,SGH302PTZW,HP,"Pro 3330 MT","57,000",2013-03-19,,,"Jahangir Alam",Production,LWR,SIL,SDL,jalam,,,"Intel Core  i5",3.2,,500,4096,,,,"WIN10 Pro",,,"WIN 7 Pro",744RP-FH7FX-T6HTP-X6R67-MM36G,
BD-01205,11004000106,N/A,SDLD345B,Computer,Desktop,Assigned,SGH251THRH,HP,"Pro 3330 MT","57,000",2013-03-19,,,"Subrata Bhowmik",Quality,LWR,SDL,SDL,sbhowmik,,,"Intelï¿½ Coreï¿½ i3-3470",3.3,256,,4096,,,,"WIN 11 Pro",2025-07-27,,"WIN 7 Pro",6MP8D-2FWVG-22XT8-BW9FV-86K2Q,"SSD installation Date 27072025 Dongol serial no 18319 VER 85"
BD-01206,,,,Display,Monitor,Transferred,6CM24907DJ,HP,"LV1911 19","8,600",2013-03-19,,,,,SWR,,CAM,,,,,,,,,,,,,,,,,
BD-01207,,,,Display,Monitor,Assigned,6CM3110NPJ,HP,"LV1911 19""","8,600",2013-03-19,,,"Noore Alam",Embroidery,LWR,,SDL,noalam,,,,,,,,,,,,,,,,
BD-01208,,,,Display,Monitor,Assigned,6CM24906Y7,HP,"LV1911 19""","8,600",2013-03-19,,,"Sajibul Islam",Fabric,LWR,,SDL,sajislam,,,,,,,,,,,,,,,,
BD-01209,,,,Display,Monitor,Assigned,6CM2440YFQ,HP,"LV1911 19""","8,600",2013-03-19,,,"Esprit QC",Quality,LWR,,SDL,"Esprit QC",,,,,,,,,,,,,,,,
BD-01210,,n/a,,Display,Monitor,"Need to Dispose",6CM24906XB,HP,"LV1911 19","8,600",2013-03-19,,,"SDL Gate 1","Human Resource",LWR,SDL,SDL,sdgate1,,,,,,,,,,,,,,,,
BD-01211,,,,Display,Monitor,Assigned,6CM249048D,HP,"LV1911 19""","8,600",2013-03-19,,,"Delower Hossain",Cutting,LWR,,SDL,dhossain,,,,,,,,,,,,,,,,
BD-01212,,1,,Display,Monitor,"Need to Dispose",6CM24908GS,HP,"LV1911 19","8,600",2013-03-19,,,"Samol Roy",Prodcution,LWR,SDL,SDL,sroy,,,,,,,,,,,,,,,,
BD-01213,,n/a,,Display,Monitor,Assigned,6CM2440XDG,HP,"LV1911 19","8,600",2013-03-19,,,"Rokib Hossan",IE,LWR,SDL,SDL,rhossan,,,,,,,,,,,,,,,,
BD-01214,21004000128,,,UPS,UPS,Disposed,1302070900138,NPS,EA2120,"4,800",2012-09-06,,,,MIS,LWR,,SDL,,,,,,,,,,,,,,,,,
BD-01215,21004000129,n/a,,UPS,UPS,Disposed,1302070900037,NPS,EA2120,"4,800",2013-02-03,,,"Khorshed Alamkhan",Store,LWR,SDL,SDL,kalamkhan,,,,,,,,,,,,,,,,
BD-01216,21004000130,n/a,,UPS,UPS,"Need to Dispose",1302070900038,NPS,EA2120,"4,800",2012-01-01,,,"Jamal Uddin",Operations,LWR,SIL,SDL,jauddin,,,,,,,,,,,,,,,,"Burned on 25th November 2024 due to short circuit from Power Socket"
BD-01217,41004000019,,,UPS,UPS,Assigned,1302070900156,NPS,EA2120,"4,800",2013-02-03,,,"Sarwar Jahan",Sample,LWR,,SDL,sjahan,,,,,,,,,,,,,,,,
BD-01218,41004000020,,,UPS,UPS,Assigned,1302070900133,NPS,EA2120,"4,800",2013-02-03,,,"Shahidul Islam",Cutting,LWR,,SDL,shahislam,,,,,,,,,,,,,,,,
BD-01219,21004000066,,,UPS,UPS,Disposed,1302070900155,NPS,EA2120,"4,800",2013-02-03,,,,MIS,LWR,,SDL,,,,,,,,,,,,,,,,,
BD-01220,21004000328,1,,Display,Monitor,Disposed,ZTRRH4LC300537Z,Samsung,S19A100N,"8,500",2013-06-03,,,"Ruhul Amin",Cutting,LWR,SIL,SDL,aruhul,,,,,,,,,,,,,,,,
BD-01221,,,,Printer,Printer,Stock,30190027,SATO,CL412e-2,"60,000",2005-01-02,,,,MIS,LWR,"SIL Server room",SDL,,,,,,,,,,,,,,,,,
BD-01222,,,,Printer,Printer,Assigned,30190038,SATO,CL412e-2,"60,000",2005-01-02,,,"Salim Raza",Finishing,LWR,,SDL,sraza,,,,,,,,,,,,,,,,
BD-01223,11004000099,n/a,DBOL128B,Computer,Laptop,Stock,2CE308128H,HP,"Probook 4440s","61,000",2013-04-24,,,"Ex. User Abdul Wahed",Compliance,LWR,SIL,"Shanta Denim Limited",,,,"Intel Core i5",2.50,480,,"8192 ",,,,"WIN10 Pro",2021-05-04,B-058,"WIN 7 Pro",W7F8X-XYRQ2-2DJ2C-GWB9X-FFC6K,
BD-01224,11004000100,n/a,SDLL115E,Computer,Laptop,Assigned,2CE30812FH,HP,"Probook 4440s","61,000",2013-01-01,,,"Jannatul Barik",Planning,LWR,SIL,SDL,jbarik,,,"Intel Core i5-3230M",2.6,500,,8192,,,,"WIN10 Pro",2021-02-24,B-455,"WIN 7 Pro",MQM9R-PKDEG-QXDGJ-782CM-BCWJR,"Last motherboard serviced by Morshed on 26th Feb 2022"
BD-01225,21004000067,n/a,,UPS,UPS,"Need to Dispose",E1208019246,NPS,EA280,"2,800",2013-02-03,,,,MIS,LWR,SDL,SDL,,,,,,,,,,,,,,,,,800VA
BD-01226,21004000068,,,UPS,UPS,Assigned,E1208019247,NPS,EA280,"2,800",2013-02-03,,,"Abu Jasim",Finishing,LWR,SDL,SDL,ajasim,,,,,,,,,,,,,,,,800VA
BD-01227,21004000069,na,,UPS,UPS,"Need to Dispose",E1208019248,NPS,EA280,"2,800",2013-02-03,,,,MIS,LWR,SDL,SDL,,,,,,,,,,,,,,,,,800VA
BD-01228,,,SDLL005D,Computer,Laptop,Disposed,CNU6260XV5,HP,"Compaq NX6315","37,000",2010-02-01,,,TSS,MIS,LWR,,SDL," ",,,AMD,,,160,2048,,,,,,,"WIN XP Pro",CKY68-72VVJ-HT696-7VYT9-KJRVY,
BD-01229,,,SDLL118B,Computer,Laptop,Disposed,CNU0031B79,HP,"ProBook 4410s","61,000",2013-01-01,,,,MIS,LWR,,SDL,,,,"Intel® Core ™ 2 Duo-P8700",2.53,,500,2048,,,,"WIN7 Pro",,,None,,
BD-01230,,1,SDLD309D,Computer,Desktop,Assigned,C8M0CS051431,Clone,"P8H61-MLX3 R2.0","14,500",2013-09-09,,,"Sakhoath Mithu ",Quality,LWR,SDL,SDL,smithu,,Asus,"Intel Pentium R (2 cores)-G630",2.7,256,,4096,,,,"WIN10 Pro",2024-08-21,,None,,
BD-01231,11004000157,,SDLAP4,Server,Server,Assigned,SGH308N5MV,HP,"DL 380P Gen8","400,000",2013-06-06,,,"SDL Server rack",MIS,LWR,,SDL,System,6,,"Intel  Xeon CPU E5-2609",,,,,,,,,,,,,
BD-01232,21004000135,1,SDLD318A,Computer,Desktop,Assigned,SGH316PK7F,HP,"Pro 3330 MT","57,000",2013-03-19,,,"Amena Akter","Human Resource",LWR,SIL,SDL,amakter,,,"Intelï¿½ Core ï¿½ i5 -3470",3.2,,500,8192,,,,"WIN10 Pro",,,"WIN 7 Pro","VYXRY-W2PTB-WJ8GV-VGYWC-D4JYC ",
BD-01233,21004000136,n/a,SDLD310D,Computer,Desktop,Assigned,SGH316PK7X,HP,"Pro 3330 MT","57,000",2013-03-19,,,"Sultan Nasir","Quality Assurance",LWR,SIL,SDL,snasir,,,"Intel Core  i5-3470",3.2,,500,6144,,,,"WIN10 Pro",,,"WIN 7 Pro",GG8KC-KC9C6-JXF83-49WJ3-WCBXC,
BD-01234,,n/a,,Display,Monitor,"Need to Dispose",6CM2420PJD,HP,"LV1911 19","8,600",2013-03-19,,,"Hossain Ahammad2",Production,LWR,SIL,SDL,hoahammad,,,,,,,,,,,,,,,,
BD-01235,,,,Display,Monitor,Assigned,6CM24212K6,HP,"LV1911 19""","8,600",2013-03-19,,,"Rana Masud",Production,LWR,,SDL,rmasud,,,,,,,,,,,,,,,,
BD-01236,11004000101,n/a,SDLL119B,Computer,Laptop,Assigned,2CE30812FD,HP,"Probook 4440s","61,000",2013-01-01,,,"Rahana Sultana","Human Resource",LWR,SIL,SDL,rsultana,,,"Intel Core i5 -3230M",2.6,480,,8192,,,,"WIN10 Pro",2021-02-18,Yes,"WIN 7 Pro",BCBWX-JVYMQ-4K7V4-Q9CM2-M2JBP,
BD-01237,21004000061,,SDLP048,Printer,Printer,Assigned,CNHXC67694,HP,"Laserjet 4350n","30,000",2005-07-01,,,"upstair Common","Marketing & Merchandising",LWR,,SDL,"upstair Common",,,,,,,,,,,,,,,,
BD-01238,21004000070,,,UPS,UPS,Assigned,E1303052958,NPS,EA2120,"4,800",2013-02-03,,,"Salim Raza",Finishing,LWR,,SDL,sraza,,,,,,,,,,,,,,,,
BD-01239,21004000071,n/a,,UPS,UPS,Assigned,E1303052914,NPS,EA2120,"4,800",2012-01-01,,,Kamruzzaman,Cutting,LWR,SIL,SDL,kmd,,,,,,,,,,,,,,,,
BD-01240,21004000137,N/A,SDLD315B,Computer,Desktop,Assigned,SGH316PKD3,HP,"Pro 3330 MT","45,000",2013-04-24,,,"Al Amin",LAB,LWR,SDL,SDL,aamin,,,"Intel Core i3",3.30,"250 GB",,8192,,,,"WIN10 Pro",2025-08-09,,"WIN 7 Pro",TC9QY-VBDGT-JVMLH-X4FMV-8H9XV,"SMART TECH"
BD-01241,41004000023,n/a,SDLD314,Computer,Desktop,Assigned,SGH316PK75,HP,"Pro 3330 MT","45,000",2013-04-24,,,"Mahmudul Hasan 3",LAB,LWR,SDL,SDL,mahasan,,,"Intel Core i3",3.30,256,,"4096 ",,,,"WIN10 Pro",2024-12-03,,"WIN 7 Pro",BF9FG-X2TYH-JBWV7-8GW34-8PHHV,"SMART TECH"
BD-01242,21004000020,n/a,SDLD325E,Computer,Desktop,Assigned,SGH316PKD9,HP,"Pro 3330 MT","45,000",2013-04-24,,,"Monirul Islam3",Operation,LWR,SWL,SDL,monirislam,,,"Intel Core i3",3.30,,1024,8192,,,,"WIN10 Pro",2021-06-02,,"WIN 7 Pro","OEM serial number got ereased","SMART TECH:"
BD-01243,21004000021,n/a,SDLD327C,Computer,Desktop,Assigned,SGH316PK9V,HP,"Pro 3330 MT","57,000",2013-04-24,,,"Dil Farhana2","Human Resource",LWR,SDL,SDL,difarhana,,,"Intelï¿½ Coreï¿½ i5-3470",3.2,,1024,8192,,,,"WIN10 Pro",2021-09-12,,"WIN 7 Pro",V4G6K-XHKYP-6BCJ7-34R37-WPF93,
BD-01244,11004000216,n/a,SDLD384D,Computer,Desktop,Assigned,SGH316PK7K,HP,"Pro 3330 MT","45,000",2013-04-24,,,"Tareq Siddiqui","Human Resource",LWR,SIL,SDL,tsiddiqui,,,"Intel Core i3",3.30,,500,"4096 ",,,,"WIN 11 Pro",2025-05-06,,"WIN 7 Pro",W379C-BTC24-QT3DW-G4VGW-42V76,"SMART TECH"
BD-01245,11004000215,n/a,SDLD304D,Computer,Desktop,Disposed,SGH316PKC8,HP,"Pro 3330 MT","45,000",2013-04-24,,,"Ashish Gain",Fabric,SWR,SIL,SDL,again,,,"Intel Core i3",3.30,,1024,"4096 ",,,,"WIN7 Pro",,,"WIN 7 Pro",RJQ6F-69FVX-DDDTG-GVP6M-HJPJM,"SMART TECH:"
BD-01246,21004000190,n/a,SDLD317C,Computer,Desktop,Assigned,SGH316PK71,HP,"Pro 3330 MT","45,000",2013-04-24,,,"Shahin Alam 2",Cutting,LWR,SDL,SDL,shaalam,,,"Intel Core i3",3.30,256,500,"4096 ",,,,"WIN10 Pro",2025-08-20,,"WIN 7 Pro",FCGHC-B7YYP-HM2PF-FXTD6-GDC3W,"SMART TECH SSD Installed on 20082025"
BD-01247,21004000019,na,SDLD316B,Computer,Desktop,Disposed,SGH316PK9F,HP,"Pro 3330 MT","45,000",2013-04-24,,,"Amran Hossain",Cutting,LWR,SDL,SDL,amhossain,,,"Intel Core i3",3.30,,500,"4096 ",,,,"WIN10 Pro",2020-05-30,,"WIN 7 Pro",88FJC-GC803-7242G-JB692-DK3G4,"SMART TECH:"
BD-01248,,,erver,Display,Monitor,Assigned,6CM3110N3D,HP,"LV1911 19""","8,600",2013-04-24,,,"Khalid Hussain",LAB,LWR,,SDL,khussain,,,,,,,,,,,,,,,,
BD-01249,,n/a,,Display,Monitor,"Need to Dispose",6CM3110Q3X,HP,"LV1911 19","8,600",2013-04-24,,,"SDL Lab",LAB,LWR,SDL,SDL,slab,,,,,,,,,,,,,,,,
BD-01250,,,,Display,Monitor,Assigned,6CM2330BG2,HP,"LV1911 19""","8,600",2013-04-24,,,"Adnanimran Khan",HR,LWR,,SDL,akhan,,,,,,,,,,,,,,,,
BD-01251,,n/a,,Display,Monitor,Assigned,6CM3110LWN,HP,"LV1911 19","8,600",2013-04-24,,,"Muhammad Rashid",Store,LWR,SIL,"Shanta Denim Limited",murashid,,,,,,,,,,,,,,,,
BD-01252,,,,Display,Monitor,Assigned,6CM2421141,HP,"LV1911 19""","8,600",2013-04-24,,,"Lutfor Rahman2",Cutting,LWR,,SDL,lurahman,,,,,,,,,,,,,,,,
BD-01253,,,,Display,Monitor,Assigned,6CM3110M37,HP,"LV1911 19""","8,600",2013-04-24,,,"Amran Hossain",Cutting,LWR,,SDL,amhossain,,,,,,,,,,,,,,,,
BD-01254,,,,Display,Monitor,Assigned,6CM2420QWS,HP,"LV1911 19""","8,600",2013-04-24,,,"Sohel Rana2",Fabric,SWR,,SDL,sorana,,,,,,,,,,,,,,,,
BD-01255,,,,Display,Monitor,Assigned,6CM2420QXJ,HP,"LV1911 19""","8,600",2013-04-24,,,"Ashish Gain",Fabric,SWR,,SDL,again,,,,,,,,,,,,,,,,
BD-01256,,,,Network,Switch,Stock,1GN199310792C,Netgear,FS608,"1,500",2005-02-02,,,,MIS,LWR,,SDL,,,,,,,,,,,,,,,,,
BD-01257,21004000159,,,Display,Monitor,Disposed,NF4DHMEB100567T,Samsung,E1720NRX,"8,500",2010-01-01,,,,MIS,LWR,,SDL,,,,,,,,,,,,,,,,,
BD-01258,,,,Display,Monitor,Disposed,AU4A0621002814,Philips,150S,"4,800",2009-02-04,,,,MIS,LWR,,SDL,,,,,,,,,,,,,,,,,
BD-01259,,,,Display,Monitor,Assigned,CNN803038H,HP,L1908W,"8,500",2013-03-19,,,"Server room NVR12",MIS,LWR,,SDL,System,,,,,,,,,,,,,,,,
BD-01260,,,,Printer,Printer,Assigned,HLCA77110,Canon,"Pixma iP1980","1,900",2009-01-01,,,"Rasanga Ranasinghe",Production,LWR,,SDL,"rranasinghe ",,,,,,,,,,,,,,,,
BD-01261,,,,Printer,Printer,Disposed,CNXKF08740,HP,"HP Color Laserjet 3600","170,000",2009-01-01,,,,MIS,LWR,,SDL,,,,,,,,,,,,,,,,,
BD-01262,,,SDLP025,Printer,Printer,Assigned,CNFXG11455,HP,"Laserjet 4250n","30,000",2005-07-01,,,"Nike Merchandising","Marketing & Merchandising",LWR,,SDL,common,,,,,,,,,,,,,,,,
BD-01263,,,"Ex. SDLP026",Printer,Printer,Disposed,TH05O131Z605G5,HP,"Officejet 6500 E709a","26,000",2013-01-01,,,,MIS,LWR,,SDL,,,,,,,,,,,,,,,,,
BD-01264,21004000075,,,UPS,UPS,Assigned,E1303052907,NPS,EA2120,"4,800",2013-02-03,,,"Murad Hossain","Marketing & Merchandising",LWR,,SDL,hmurad,,,,,,,,,,,,,,,,
BD-01265,21004000076,,,UPS,UPS,Disposed,E1303052908,NPS,EA2120,"4,800",2012-01-01,,,,MIS,LWR,,SDL,,,,,,,,,,,,,,,,,
BD-01266,21004000077,N/A,,UPS,UPS,Assigned,E1303052941,NPS,EA2120,"4,800",2013-04-03,,,"Badol Hossen",Sample,LWR,SWL,SDL,bhossain,,,,,,,,,,,,,,,,
BD-01267,21004000079,n/a,,UPS,UPS,"Need to Dispose",E1303052942,NPS,EA2120,"4,800",2013-04-03,,,"Lutfor Rahman","Industrial Engineering",LWR,SIL,SDL,lrahman,,,,,,,,,,,,,,,,
BD-01268,21004000080,n/a,,UPS,UPS,Assigned,E1303052877,NPS,EA2120,"4,800",2013-04-03,,,"Jahurul Islam","Human Resource",LWR,SDL,SDL,jahislam,,,,,,,,,,,,,,,,
BD-01269,11004000010,,,UPS,UPS,Disposed,E1303052878,NPS,EA2120,"4,800",2013-04-03,,,,MIS,LWR,,SDL,,,,,,,,,,,,,,,,,
BD-01270,11004000032,n/a,,UPS,UPS,Assigned,E1303053031,NPS,EA2120,"4,800",2013-04-03,,,"Kamal Hossen",Sample,LWR,SIL,SDL,khossen,,,,,,,,,,,,,,,,"For Lexmark printer, SDLP017"
BD-01271,21004000329,1,,Display,Monitor,Disposed,ZTRRH4LD300041,Samsung,S19A100N,"8,500",2013-08-03,,,"Prakash Saha",IE,LWR,SDL,SDL,psaha,,,,,,,,,,,,,,,,
BD-01272,21004000006,n/a,,Display,Monitor,Assigned,ZTRRH4LD300075Z,Samsung,S19A100N,"8,500",2013-08-03,,,"Farid Mia",Store,LWR,SIL,SDL,fmia,,,,,,,,,,,,,,,,
BD-01273,,,,Display,"Performance Monitor",Stock,7933,"Soft-C Engineering",TPMV.1,"4,000",2010-01-01,,,,MIS,LWR,,SDL,,,,,,,,,,,,,,,,,
BD-01274,,,,Display,"Performance Monitor",Stock,7971,"Soft-C Engineering",TPMV.1,"4,000",2010-01-01,,,,MIS,LWR,,SDL,,,,,,,,,,,,,,,,,
BD-01275,,,,Display,"Performance Monitor",Stock,7972,"Soft-C Engineering",TPMV.1,"4,000",2010-01-01,,,"In Sara's room",MIS,LWR,,SDL,sjayaraman,,,,,,,,,,,,,,,,
BD-01276,,,,Display,"Performance Monitor",Stock,7981,"Soft-C Engineering",TPMV.1,"4,000",2010-01-01,,,,MIS,LWR,,SDL,,,,,,,,,,,,,,,,,
BD-01277,,,,Display,"Performance Monitor",Stock,7982,"Soft-C Engineering",TPMV.1,"4,000",2010-01-01,,,,MIS,LWR,,SDL,,,,,,,,,,,,,,,,,
BD-01278,,,,Display,"Performance Monitor",Stock,7987,"Soft-C Engineering",TPMV.1,"4,000",2010-01-01,,,,MIS,LWR,,SDL,,,,,,,,,,,,,,,,,
BD-01279,,,,Display,"Performance Monitor",Stock,7988,"Soft-C Engineering",TPMV.1,"4,000",2010-01-01,,,,MIS,LWR,,SDL,,,,,,,,,,,,,,,,,
BD-01280,,,,Display,"Performance Monitor",Stock,7990,"Soft-C Engineering",TPMV.1,"4,000",2010-01-01,,,,MIS,LWR,,SDL,,,,,,,,,,,,,,,,,
BD-01281,,,,Display,"Performance Monitor",Stock,7991,"Soft-C Engineering",TPMV.1,"4,000",2010-01-01,,,"In Sara's room",MIS,LWR,,SDL,sjayaraman,,,,,,,,,,,,,,,,
BD-01282,,,,Display,"Performance Monitor",Stock,7995,"Soft-C Engineering",TPMV.1,"4,000",2010-01-01,,,,MIS,LWR,,SDL,,,,,,,,,,,,,,,,,
BD-01283,,,,Display,"Performance Monitor",Stock,7996,"Soft-C Engineering",TPMV.1,"4,000",2010-01-01,,,"In Sara's room",MIS,LWR,,SDL,sjayaraman,,,,,,,,,,,,,,,,
BD-01284,,,,Display,"Performance Monitor",Stock,7997,"Soft-C Engineering",TPMV.1,"4,000",2010-01-01,,,,MIS,LWR,,SDL,,,,,,,,,,,,,,,,,
BD-01285,,,,Display,"Performance Monitor",Stock,7998,"Soft-C Engineering",TPMV.1,"4,000",2010-01-01,,,,MIS,LWR,,SDL,,,,,,,,,,,,,,,,,
BD-01286,,,,Display,"Performance Monitor",Stock,7999,"Soft-C Engineering",TPMV.1,"4,000",2010-01-01,,,,MIS,LWR,,SDL,,,,,,,,,,,,,,,,,
BD-01287,,,,Display,"Performance Monitor",Stock,8000,"Soft-C Engineering",TPMV.1,"4,000",2010-01-01,,,,MIS,LWR,,SDL,,,,,,,,,,,,,,,,,
BD-01288,,,,Display,"Performance Monitor",Stock,8002,"Soft-C Engineering",TPMV.1,"4,000",2010-01-01,,,,MIS,LWR,,SDL,,,,,,,,,,,,,,,,,
BD-01289,,,,Display,"Performance Monitor",Stock,8003,"Soft-C Engineering",TPMV.1,"4,000",2010-01-01,,,,MIS,LWR,,SDL,,,,,,,,,,,,,,,,,
BD-01290,,,,Display,"Performance Monitor",Stock,8004,"Soft-C Engineering",TPMV.1,"4,000",2010-01-01,,,,MIS,LWR,,SDL,,,,,,,,,,,,,,,,,
BD-01291,,,,Display,"Performance Monitor",Stock,8005,"Soft-C Engineering",TPMV.1,"4,000",2010-01-01,,,,MIS,LWR,,SDL,,,,,,,,,,,,,,,,,
BD-01292,,,,Display,"Performance Monitor",Stock,8007,"Soft-C Engineering",TPMV.1,"4,000",2010-01-01,,,,MIS,LWR,,SDL,,,,,,,,,,,,,,,,,
BD-01293,,,,Display,"Performance Monitor",Stock,8008,"Soft-C Engineering",TPMV.1,"4,000",2010-01-01,,,,MIS,LWR,,SDL,,,,,,,,,,,,,,,,,
BD-01294,11004000039,,,Display,Monitor,Assigned,ZTRRH4LD300579R,Samsung,S19A100N,"8,500",2013-08-03,,,"Kamruzzaman Md/Nazrul Islam3",Cutting,LWR,,SDL,kmd/nislam,,,,,,,,,,,,,,,,
BD-01295,21004000173,,SDLP027,Printer,Printer,Disposed,TH02K230N0,HP,"Officejet 6500 ","26,000",2013-01-01,,,,MIS,LWR,,SDL,,,,,,,,,,,,,,,,,
BD-01296,21004000174,,SDLP028,Printer,Printer,Disposed,TH02K230G4,HP,"Officejet 6500 ","26,000",2013-01-01,,,,MIS,LWR,,SDL,,,,,,,,,,,,,,,,,
BD-01297,,,DEWBDSDLS31,Network,Switch,Disposed,DNI164003GX,Linksys,SF300-24,"10,500",2012-01-01,,,,MIS,LWR,,SDL,MIS,,,,,,,,,,,,,,,,10.140.2.31
BD-01298,,,DEWBDSDLS41,Network,Switch,Stock,DNI1643014X,Linksys,"SF300-24 24-Port 10/100 ","10,500",2013-06-14,,,"SIL Cutting Rack",MIS,LWR,,SDL,MIS,,,,,,,,,10.140.2.41,,,,,,,
BD-01299,21004000116,1,SDLL195E,Computer,Laptop,"Need to Dispose",8X4NK82,Dell,"Vostro 14 5459","64,500",2016-08-03,"Computer Sourch Inv-CSLIR-2016-01026",1013,"Shahin Sikder","Sampel Development",LWR,SDL,SDL,ssikder,,,"Intel  Core  i5",2.3,500,,8192,,,64500,"WIN10 Pro",2022-07-23,Yes,"Win 10 Pro",CNXHJ-XKGV4-GWQYV-XC483-M7V24,"Motherboard and casing replace by morshed on 23rd july 2022Battery LAN Wifi serviced by morshed on november 2022bd04400 headphone 2192025"
BD-01300,11004000102,,SDLL124C,Computer,Laptop,Assigned,2CE3210HK3,HP,"Probook 4440s","61,000",2013-01-01,,,"Ahmed Eshtiaq","Marketing & Merchandising",LWR,,SDL,aeshtiaq,,,"Intel® Core ™  i5",2.6,,750,4096,,,,"WIN10 Pro",,B-105,"Win 10 Pro",HV8YK-H8W6J-Q8WPC-QQYYQ-2RKY9,
BD-01301,11004000207,n/a,SDLL366,Computer,Laptop,Assigned,2CE3210HKP,HP,"Probook 4440s","61,000",2013-07-14,"Flora Limited",,"Mahabub Hossain",Sample,LWR,SIL,"Shanta Denim Limited",mahhossain,,,"Intel Core i5",2.5,500,,8192,,,,"WIN10 Pro",2022-01-24,B-0400,"WIN 7 Pro","C62Q3-2H4BM-QV2HJ-2HDHM-YCFJC ","Flora Limited BNGMC171314Date14072013"
BD-01302,21004000185,1,SDLL126B,Computer,Laptop,Assigned,2CE3210HL9,HP,"Probook 4440s","61,000",2013-07-13,"Flora Limited. (BNG/MC-17/13-14),Date:14/07/2013",,"Md Fariduzzaman",Planning,LWR,SIL,SDL,mfariduzzaman,,,"Intel Core i5",2.50,500,,"8192 ",,,,"WIN10 Pro",,,"WIN 7 Pro","P7MTB-7BX28-HG76R-FT3TR-GJD9K ","Flora Limited BNGMC171314Date14072013B479  1492025"
BD-01303,,n/a,SDLL125E,Computer,Laptop,"Need to Dispose",2CE3210HK4,HP,"Probook 4440s","61,000",2013-01-01,,,"Saber Chowdhury","Marketing & Merchandising",LWR,SIL,SDL,sachowdhury,,,"Intel Core i5-3230M",2.6,480,,8192,,,,"WIN10 Pro",2021-10-30,B-354,"WIN 7 Pro",H3W46-W63RG-VKX77-M8RCK-MJ3K9,"Motherboard Replaced by Morshed on 22nd Sept 2021"
BD-01304,21004000186,n/a,SDLL123D,Computer,Laptop,"Need to Dispose",2CE3210HKW,HP,"Probook 4440s","61,000",2013-07-13,"Flora Limited. (BNG/MC-17/13-14),Date:14/07/2013",,"Ravindranath Wickremeratne",Finishing,LWR,SDL,SDL,rwickremeratne,,,"Intel Core i5",2.50,500,,8192,,,,"WIN10 Pro",2023-07-30,Yes,"WIN 7 Pro","JYM4K-MKD2Y-TFR6B-9G9M6-JGCXR ","Flora Limited. (BNG/MC-17/13-14),Date:14/07/2013"
BD-01305,,,,Computer,Laptop,Transferred,2CE3210HK8,HP,"Probook 4440s","61,000",2013-07-13,,,"John Fowler",Management,LWR,,SB2,jfowler,,,"Intel Core i5",2.6,,640,4096,,,,"WIN7 Pro",,,"Win 7 pro","MQV9R-F68HY-D76VT-WVCPD-C2338 ","Flora Limited. (BNG/MC-17/13-14),Date:14/07/2013"
BD-01306,21004000187,n/a,SDLL120B,Computer,Laptop,Assigned,2CE3210HK0,HP,"Probook 4440s","61,000",2013-01-01,,,"Nishanta Perara",Compliance,LWR,SDL,SDL,niperera,,,"Intel Core i5",2.6,480,,8192,,,,"WIN10 Pro",2020-05-21,Yes,"WIN 7 Pro","BRKHF-FRBRK-8VY9D-88C3G-DRVT2 ","Flora Limited. (BNG/MC-17/13-14),Date:14/07/2013"
BD-01307,,,,Printer,Printer,Disposed,VNC7B08654,HP,"Laserjet P1005","8,500",2005-07-05,,,,MIS,LWR,,SDL,,,,,,,,,,,,,,,,,
BD-01308,,,SDLP030,Network,"Print Server",Assigned,PVKK52C5000281,D-Link,DPR-1061,"2,500",2012-05-02,,,,MIS,LWR,,SDL,mziauddin,,,,,,,,,,,,,,,,10.140.7.30
BD-01309,41004000002,1,,Display,Monitor,Disposed,ZTRRH4LD301462V,"Samsung ",S19A100N,"8,500",2013-08-03,,,"Ex. Mohammad Ashraful ","Store ",LWR,SIL,SDL,"amohammad ",,,,,,,,,,,,,,,,
BD-01310,21004000028,,,UPS,UPS,Assigned,1205050501521,NPS,"EA280 (800VA)","2,800",2013-04-03,,,"Rana Masud",Production,LWR,,SDL,rmasud,,,,,,,,,,,,,,,,
BD-01311,21004000029,n/a,,UPS,UPS,Assigned,1205050501652,NPS,"EA280 (800VA)","2,800",2013-04-03,,,"Shaifuddin Khaled",Manitenance,LWR,SDL,SDL,skhaled,,,,,,,,,,,,,,,,
BD-01312,21004000030,,,UPS,UPS,Disposed,1205050501613,NPS,"EA280 (800VA)","2,800",2013-04-03,,,"Raju Mia",HR,LWR,,SDL,ramia,,,,,,,,,,,,,,,,
BD-01313,21004000031,,,UPS,UPS,Disposed,1205050501614,NPS,"EA280 (800VA)","2,800",2013-04-03,,,"Sirajul Islam",PCC,LWR,,SDL,sirislam,,,,,,,,,,,,,,,,
BD-01314,21004000032,,,UPS,UPS,Disposed,1205050501522,NPS,"EA280 (800VA)","2,800",2013-04-03,,,"Islam Sharif","Store ",LWR,SDL,SDL,isharif,,,,,,,,,,,,,,,,
BD-01315,11004000014,,,UPS,UPS,Assigned,1205050501526,NPS,"EA280 (800VA)","2,800",2013-04-03,,,"Rafiqul Islam4",IE,LWR,SDL,SDL,rafiqislam,,,,,,,,,,,,,,,,
BD-01316,11004000033,n/a,,UPS,UPS,Disposed,1205050501525,NPS,"EA280 (800VA)","2,800",2013-04-03,,,,Production,LWR,SDL,SDL,rizaman,,,,,,,,,,,,,,,,
BD-01317,11004000035,n/a,,UPS,UPS,Disposed,1205050501518,NPS,"EA280 (800VA)","2,800",2013-04-03,,,"SabyaSachi Roy",Production,LWR,SIL,SDL,sroy,,,,,,,,,,,,,,,,
BD-01318,11004000036,1,,UPS,UPS,"Need to Dispose",1205050501583,NPS,"EA280 (800VA)","2,800",2013-04-03,,,"Anwar Hossain/Shapna Pervin",Quality,LWR,SDL,SDL,anhossain/anhossain,,,,,,,,,,,,,,,,"Checked by NPS  Declared unrepairable"
BD-01319,11004000037,N/A,,UPS,UPS,"Need to Dispose",1205050501631,NPS,"EA280 (800VA)","2,800",2013-04-03,,,"Mamunor Rashid",Fabric,LWR,SIL,SDL,marashid,,,,,,,,,,,,,,,,
BD-01320,11004000038,,,UPS,UPS,Assigned,1205050501633,NPS,"EA280 (800VA)","2,800",2013-04-03,,,"Kaniz Fatema",Compliance,LWR,,SDL,kfatema,,,,,,,,,,,,,,,,
BD-01321,11004000041,n/a,,UPS,UPS,Assigned,1205050501680,NPS,"EA280 (800VA)","2,800",2013-04-03,,," Mehedi Hasan4",Costing,LWR,SWL,SDL,mehedhasan,,,,,,,,,,,,,,,,
BD-01322,11004000042,,,UPS,UPS,Assigned,1205050501679,NPS,"EA280 (800VA)","2,800",2014-05-03,,,"Subrata Bhowmik",Quality,LWR,,SDL,sbhowmik,,,,,,,,,,,,,,,,"Assigned as temporary replace SD-02028 UPS."
BD-01323,11004000043,,,UPS,UPS,Assigned,1205050501511,NPS,"EA280 (800VA)","2,800",2014-05-03,,,"Imrul Kayes",MNT,LWR,,SDL,ikayes,,,,,,,,,,,,,,,,
BD-01324,11004000044,,,UPS,UPS,Assigned,1205050501512,NPS,"EA280 (800VA)","2,800",2014-05-03,,,"Yeasmin Akter",Frontdesk,LWR,,SDL,yakter,,,,,,,,,,,,,,,,
BD-01325,11004000045,1,,UPS,UPS,Assigned,1205050501653,NPS,"EA280 (800VA)","2,800",2014-05-03,,,"Mirza Salekul","Industrial Engineering",LWR,SIL,SDL,msalekul,,,,,,,,,,,,,,,,
BD-01326,11004000046,1,,UPS,UPS,Assigned,1205050501654,NPS,"EA280 (800VA)","2,800",2014-05-03,,,"Md. Ekramul Haque",Technical,LWR,SIL,SDL,ehaque,,,,,,,,,,,,,,,,
BD-01327,11004000047,,,UPS,UPS,Assigned,1205050501517,NPS,EA280,"2,800",2014-11-01,,,"Enayet Hossain",HR,LWR,,SDL,enhossain,,,,,,,,,,,,,,,,
BD-01328,,,,UPS,UPS,Disposed,B03J430005762A6,"Rahim Afrooz",1000VA,"4,800",2011-03-04,,,,MIS,LWR,,SDL,,,,,,,,,,,,,,,,,
BD-01330,11004000208,1,SDLD349C,Computer,Desktop,Assigned,SGH321TCCZ,HP,"Pro 3330 MT","57,000",2013-04-24,,,"Afzal Hossain",Quality,LWR,SIL,SDL,afhossain,,,"Intel Core  i5-3470",3.2,256,,8196,,,,"WIN10 Pro",2024-09-03,,"WIN 7 Pro",V838Y-XGJBC-DBX49-3XPVB-CTJTH,
BD-01331,21004000146,n/a,SDLD335F,Computer,Desktop,Assigned,SGH321TCD6,HP,"Pro 3330 MT","57,000",2013-04-24,,,"Tania Khatun","Human Resource",LWR,SIL,SDL,tkhatun,,,"Intel Core  i5-3470",3.2,,1024,4096,,,,"WIN10 Pro",2021-02-22,,"WIN 7 Pro",GG6KY-YDGK3-QDCG8-W33HF-VM6D9,
BD-01332,11004000004,N/A,SDLD355A,Computer,Desktop,Assigned,SGH321TCDS,HP,"Pro 3330 MT","57,000",2013-04-24,,,"Golam Mostofa",Sample,LWR,SIL,SDL,gmostofa,,,"Intelï¿½ Core ï¿½ i5-3470",3.2,,500,8192,,,,"WIN10 Pro",,,"WIN 7 Pro",C3RRW-T3WXB-8KPFG-FCTBW-TVVP2,"Still without UPS"
BD-01333,11004000009,n/a,SDLD329A,Computer,Desktop,Assigned,SGH321TCFB,HP,"Pro 3330 MT","57,000",2013-04-24,,,"Suman Sarker ",HR,LWR,SIL,SDL,sumsarker,,,"Intelï¿½ Core ï¿½  i5-3470",3.2,"250 GB",,4096,,,,"WIN10 Pro",,,"WIN 7 Pro",MJXPT-4VQ2R-82XW3-2B49H-927H9,
BD-01334,21004000152,n/a,SDLD391D,Computer,Desktop,Assigned,SGH321TCFX,HP,"Pro 3330 MT","57,000",2013-04-24,,,"Noorealam Siddique",Cutting,LWR,SDL,SDL,nsiddique,,,"Intelï¿½ Coreï¿½  i5-3470",3.2,,500,4096,,,,"WIN11 Pro",,,"WIN 7 Pro",6QTBV-244V4-WXW4Q-DQFWG-D2BXM,
BD-01335,210011000020,n/a,SDLD351,Computer,Desktop,"Need to Dispose",SGH321TCGJ,HP,"Pro 3330 MT","45,000",2012-06-05,,,"Rajiya Sultana",Lab,LWR,SDL,SDL,rasultana,,,"Intel Core i3",3.30,,500,8192,,,,"Windows 10 Pro",,,"WIN 7 Pro",74G3G-28K8V-VV9YG-2MH8G-FFHGF,
BD-01336,21004000014,,SDLD334B,Computer,Desktop,Assigned,SGH321TCGW,HP,"Pro 3330 MT","57,000",2013-04-24,,,"Abdul Karim",HR,LWR,,SDL,akarim,,,"Intel® Core ™  i5-3470",3.2,,500,4096,,,,"WIN10 Pro",,,"WIN 7 Pro",GPPD9-CGHX8-7BDX7-T8GB2-XHR7Y,
BD-01337,21004000085,n/a,SDLD328B,Computer,Desktop,Assigned,SGH321TCGY,HP,"Pro 3330 MT","57,000",2013-04-24,,,"Mahfujar Rahman",HR,LWR,SDL,SDL,mahrahman,,,"Intelï¿½ Core ï¿½  i5-3470",3.2,,1024,4096,,,,"WIN10 Pro",2021-01-16,,"WIN 7 Pro",W73D6-JTH6W-CYYK7-BHHQH-4W4WV,
BD-01338,21004000100,n/a,SDLD348C,Computer,Desktop,Assigned,SGH321TCH6,HP,"Pro 3330 MT","45,000",2012-06-05,,,"Md Saymun",Store,LWR,SDL,SDL,msaymun,,,"Intel Core i3",3.30,,1024,"8192 ",,,,"WIN10 Pro",,,"WIN 7 Pro",W6P22-9J24P-TD6G9-2KKVY-2FX98,
BD-01339,21004000101,1,SDLD346B,Computer,Desktop,Disposed,SGH321TCH9,HP,"Pro 3330 MT","57,000",2013-04-24,,,,MIS,LWR,SIL,SDL,,,,"Intel Core i5",3.2,,500,4096,,,,"WIN10 Pro",,,"PC 7 pro",FKRVC-DRXJC-WR368-QJBCJ-VFBGW,
BD-01340,41004000013,n/a,SDLD333D,Computer,Desktop,Assigned,SGH321TCHH,HP,"Pro 3330 MT","57,000",2013-04-24,,,"Sakhawat Hossain",Store,LWR,SDL,SDL,sahossain,,,"Intel Core i5",3.2,,500,8192,,,,"WIN10 Pro",,,"WIN 7 Pro",MWHFQ-6HPBJ-8XPY9-J3MCB-WMD4D,
BD-01341,41004000026,n/a,SDLD347E,Computer,Desktop,Assigned,SGH321TCHN,HP,"Pro 3330 MT","45,000",2012-06-05,,,"Al Mamun",IE,LWR,SDL,SDL,almamun,,,"Intel Core i3",3.30,,1024,8192,,,,"WIN10 Pro",2020-01-12,,"WIN 7 Pro",89DFX-84K6F-P2K9Y-7JH43-JYKPT,
BD-01342,21004000059,n/a,SDLD503A,Computer,Desktop,Assigned,SGH321TCHP,HP,"Pro 3330 MT","57,000",2013-04-24,,,"Anwar Hossain2",Maintenance,LWR,SDL,SDL,anohossain,,,"Intel Core i5",3.2,,500,8192,,,,"WIN10 Pro",2020-11-12,,"WIN 7 Pro",7KDPV-D8FT9-987W7-26Q9G-DMCDB,
BD-01343,,1,,Display,Monitor,Assigned,6CM3181QN7,HP,"LV1911 19","8,600",2013-04-24,,,"Sultan Nasir","Quality Assurance",LWR,SIL,SDL,snasir,,,,,,,,,,,,,,,,
BD-01344,,1,,Display,Monitor,"Need to Dispose",6CM3181MZQ,HP,"LV1911 19","8,600",2013-04-24,,,"Shamina Bishwas",Quality,LWR,SDL,SDL,sbishwas,,,,,,,,,,,,,,,,
BD-01345,,,,Display,Monitor,Assigned,6CM3181Q1L,HP,"LV1911 19""","8,600",2013-04-24,,,"Golam Mostofa",Sample,LWR,,SDL,gmostofa,,,,,,,,,,,,,,,,
BD-01346,,,,Display,Monitor,Disposed,6CM3181Q6V,HP,"LV1911 19""","8,500",2013-03-19,,,,MIS,LWR,,SDL,,,,,,,,,,,,,,,,,
BD-01347,,,,Display,Monitor,Assigned,6CM3181TRR,HP,"LV1911 19""","8,600",2013-04-24,,,"SIL Server room DVR-8",MIS,LWR,,SDL,System,,,,,,,,,,,,,,,,
BD-01348,,,,Display,Monitor,Assigned,6CM3181TS3,HP,"LV1911 19""","8,600",2013-04-24,,,"Rahana Sultana",HR,LWR,,SDL,rsultana,,,,,,,,,,,,,,,,
BD-01349,,n/a,,Display,Monitor,Assigned,6CM3181TWB,HP,"LV1911 19","8,600",2013-04-24,,,"Nushrat Yeasmin",HR,LWR,SIL,SDL,nyeasmin,,,,,,,,,,,,,,,,
BD-01350,,,,Display,Monitor,Assigned,6CM3181VF5,HP,LV1911,"8,600",2013-04-24,,,"Habeebur Rahman",Commercial,LWR,,SDL,hrahman,,,,,,,,,,,,,,,,
BD-01351,,1,,Display,Monitor,Stock,6CM3181WPB,HP,"LV1911 19","8,600",2013-04-24,,,,MIS,LWR,SIL,SDL,,,,,,,,,,,,,,,,,
BD-01352,,,,Display,Monitor,Assigned,6CM3182GNZ,HP,"LV1911 19""","8,600",2013-04-24,,,"Masud Rana",Lean,SWR,,SDL,mrana,,,,,,,,,,,,,,,,
BD-01353,,,,Display,Monitor,Assigned,6CM3181PYH,HP,"LV1911 19""","8,600",2013-04-24,,,"Sabuj Gazi",Sample,LWR,,SDL,sgazi,,,,,,,,,,,,,,,,
BD-01354,,n/a,,Display,Monitor,Assigned,6CM3182GWZ,HP,"LV1911 19","8,600",2013-04-24,,,"Robiul Dewan",Cutting,LWR,SDL,SDL,rdewaan,,,,,,,,,,,,,,,,
BD-01355,,n/a,,Display,Monitor,Assigned,6CM3181RRN,HP,"LV1911 19","8,600",2013-04-24,,,"Shafuddin Khaled",Maintenance,LWR,SDL,SDL,skhaled,,,,,,,,,,,,,,,,
BD-01356,,,,Display,Monitor,Assigned,6CM3182JXY,HP,"LV1911 19""","8,600",2013-04-24,,,"Nuruddin Almashud",HR,LWR,,SDL,nalmashud,,,,,,,,,,,,,,,,
BD-01357,,,,Storage,"Pen Drive",Disposed,SDLUD001,Gerber,,400,2012-01-01,,,,MIS,LWR,,SDL,,,,,,,,,,,,,,,,,
BD-01358,,,,Storage,"Pen Drive",Disposed,SDLUD002,Gerber,,400,2012-01-01,,,,MIS,LWR,,SDL,,,,,,,,,,,,,,,,,
BD-01359,,,,Storage,"Pen Drive",Disposed,SDLUD003,Gerber,,400,2012-01-01,,,,MIS,LWR,,SDL,,,,,,,,,,,,,,,,,
BD-01360,,,,Storage,"Pen Drive",Disposed,SDLUD004,Gerber,,400,2012-01-01,,,,MIS,LWR,,SDL,,,,,,,,,,,,,,,,,
BD-01361,,,SDLP029,Printer,Printer,Stock,37B4223,Lexmark,"DotMatrix 2591N","56,000",2009-01-01,,,,MIS,SWR,,SDL,,,,,,,,,,,,,,,,,
BD-01362,11004000016,,,Display,Monitor,Assigned,ZTRRH4LD200370W,Samsung,S19A100N,"8,500",2013-08-03,,,"Arifur Rahman3",IE,LWR,,SDL,arirahman,,,,,,,,,,,,,,,,
BD-01363,11004000011,1,,Display,Monitor,Disposed,ZTRRH4LD200724D,Samsung,S19A100N,"8,500",2013-08-03,,,"Chakraborti, Poranjan",Sample,LWR,SIL,SDL,pchakraborti,,,,,,,,,,,,,,,,
BD-01364,11004000012,1,,Display,Monitor,Disposed,ZTRRH4LD200932,Samsung,S19A100N,"8,500",2013-08-03,,,"Kamrul Ahasan",Production,LWR,SIL,SDL,kahasan,,,,,,,,,,,,,,,,
BD-01365,11004000075,n/a,,Display,Monitor,Assigned,ZTRRH4LD200996,Samsung,S19A100N,"8,500",2013-08-03,,,"Monirul Islam3",Operation,LWR,SWL,SDL,monirislam,,,,,,,,,,,,,,,,
BD-01366,11004000076,,,Display,Monitor,Assigned,ZTRRH4LD200998Y,Samsung,S19A100N,"8,500",2013-08-03,,,"Kismot Ali",Quality,LWR,SIL,SDL,kali,,,,,,,,,,,,,,,,
BD-01367,11004000017,,,Display,Monitor,Assigned,ZTRRH4LD201962Y,Samsung,S19A100N,"8,500",2013-08-03,,,"Rubel Hossain",Production,LWR,,SDL,ruhossain,,,,,,,,,,,,,,,,
BD-01368,41004000014,n/a,,Display,Monitor,Disposed,ZTRRH4LD202086,Samsung,S19A100N,"8,500",2013-08-03,,,"Masudur Rahman",Cutting,LWR,SIL,SDL,masrahman,,,,,,,,,,,,,,,,
BD-01369,41004000003,,"Ex. SDLL127D",Computer,Laptop,Disposed,CNU2092M1R,HP,"Elitebook 2560p","40,000",2010-02-03,,,,MIS,LWR,,SDL,,,,"Intel® Core ™ i7-2620M",2.7,,500,4096,,,,"WIN7 Pro",,,"Win 7 pro",BD2F2-BWG6R-BTCMP-3VKD2-KFC7M,
BD-01370,,,,Projector,"Projector Screen",Assigned,,,,"8,000",2012-03-06,,,"VC room",MIS,LWR,,SDL,MIS,,,,,,,,,,,,,,,,
BD-01371,,,,Projector,"Projector Screen",Assigned,,,,"8,000",2010-01-01,,,"SIL Board Room",MIS,LWR,,SDL,"Board room",,,,,,,,,,,,,,,,
BD-01372,,,,Projector,"Eye Pointer",Assigned,WD308XM,Logitech,R400,"4,000",2013-01-01,,,"Gamini Amarasinghe",HR,LWR,,SDL,gamarasinghe,,,,,,,,,,,,,,,,
BD-01373,,,,Display,"CRT Monitor",Disposed,DT15HMEN608538N,Samsung,5508,"5,500",2004-01-01,,,,MIS,LWR,,SDL,,,,,,,,,,,,,,,,,
BD-01374,21004000084,n/a,,Display,Monitor,Disposed,ZWNTHMBD700449L,Samsung,S19B150B,"8,500",2013-08-03,,,"Mazharul Islam",Sample,LWR,SIL,SDL,mazislam,,,,,,,,,,,,,,,,
BD-01375,21004000083,1,,Display,Monitor,Disposed,ZWNTHMBD700067,Samsung,S19B150B,"8,500",2013-08-03,,,"Mirza Zahurul",Finishing,LWR,SDL,SDL,mzahurul,,,,,,,,,,,,,,,,
BD-01376,11004000030,N/A,,Display,Monitor,Disposed,ZWNTHMBD700238,Samsung,S19B150B,"8,500",2013-08-03,,,"Ex.Jabed Hossain",MIS,LWR,SIL,SDL,,,,,,,,,,,,,,,,,
BD-01377,11004000184,,,Display,Monitor,Disposed,ZWNTHMBD700262,Samsung,S19B150B,"8,500",2013-08-03,,,"Md. Mahfuz Rana",MIS,LWR,,SDL,marana,,,,,,,,,,,,,,,,
BD-01378,21004000086,n/a,,UPS,UPS,Assigned,E1307039315,NPS,EA2120,"4,800",2014-05-03,,,"Abdullah Omor","Marketing & Merchandising",LWR,SIL,SDL,aomor,,,,,,,,,,,,,,,,
BD-01379,21004000087,1,,UPS,UPS,Assigned,E1307039314,NPS,EA2120,"4,800",2014-05-03,,,"Mustafijur Rahman2",Cutting,LWR,SDL,SDL,,,,,,,,,,,,,,,,,
BD-01380,41004000005,,,UPS,UPS,Assigned,E1307039477,NPS,EA2120,"4,800",2014-05-03,,,mrasel+mojislam,MNT,LWR,,SDL,mrasel+mojislam,,,,,,,,,,,,,,,,
BD-01381,41004000006,n/a,,UPS,UPS,Assigned,E1307039476,NPS,EA2120,"4,800",2014-05-03,,,"Abul Bashar",Design,LWR,SIL,SDL,,,,,,,,,,,,,,,,,"CCTV  Monitoring."
BD-01382,41004000007,1,,UPS,UPS,Assigned,E1307039419,NPS,EA2120,"4,800",2012-01-01,,,"Siddikur Rahman",Sample,LWR,SIL,SDL,sirahman,,,,,,,,,,,,,,,,
BD-01383,41004000008,,,UPS,UPS,Disposed,E1307039418,NPS,EA2120,"4,800",2014-05-03,,,,MIS,LWR,SDL,SDL,,,,,,,,,,,,,,,,,
BD-01384,11004000070,,,Projector,Projector,Assigned,F3HH02289,Hitachi,CP-X3030WN,"33,500",2013-03-06,,,,"Board Room",LWR,,SDL,MIS,,,,,,,,,,,,,,,,
BD-01385,,,,"Remote Control","Remote control",Assigned,2013-7-22,,,"1,550",2013-09-01,,,"SIL Board Room",MIS,LWR,,SDL,MIS,,,,,,,,,,,,,,,,
BD-01386,,,,CCTV,"CCTV Camera",Assigned,CHO47882ELUK0448,,ICCK-IR30,"7,000",2014-02-02,,,,HR,LWR,,SDL,,,,,,,,,,,,,,,,,
BD-01387,,n/a,SDLD344G,Computer,Desktop,Assigned,132260081905,Clone,GA-H61M-S2PV,"14,500",2013-07-08,,,"Mehedi Hasan",Cutting,LWR,SIL,SDL,mehhasan,,Gigabyte,"Intel Pentium R (2 cores)",2.9,,500,8196,,,,"WIN10 Pro",2019-10-15,,None,,"Smart Technology, CHA-SMTBB-2013-003587, Date: 10/27/2013"
BD-01388,,,,Network,"Print Server",Disposed,901264011527,Linksys,EPSX3,"5,000",2013-01-01,,,,MIS,LWR,,SDL,,,,,,,,,,,,,,,,,"EtherFast 10/100 3port Print Server"
BD-01389,,,,Network,"Print Server",Disposed,901264011529,Linksys,EPSX3,"5,000",2013-01-01,,,,MIS,LWR,,SDL,,,,,,,,,,,,,,,,,"EtherFast 10/100 3port Print Server"
BD-01390,,n/a,SDLD352E,Computer,Desktop,Assigned,94DE805FD1B9,Clone,GA-H61M-S2PV,"14,500",2013-07-08,,,"Nazrul Islam 4","Quality Assurance",LWR,SIL,SDL,nazruislam,,Gigabyte,"Intel Pentium R",2.9,,500,8196,,,,"WIN10 Pro",2020-08-29,,None,,
BD-01391,,n/a,SDLD353B,Computer,Desktop,"Need to Dispose",SN173560045781,Clone,GA-H61M-DS2,"14,500",2010-05-03,"Motherboard Purchase from Das Computer/ 2091/ 3 yr warnty PR-1232",,"Sushen Kumar (Loc-30)",Cutting,LWR,SIL,SDL,skumar,,Gigabyte,"Intel Pentium R",2.9,,500,4096,,,,"WIN10 Pro",,,None,,
BD-01392,,,,Computer,Desktop,Disposed,132260081907,Clone,DG-41Rq,"14,000",2013-01-01,,,,MIS,LWR,,SDL,,,,,,,,,,,,"WIN7 Pro",,,None,,
BD-01393,,n/a,SDLL139J,Computer,Laptop,Assigned,3D080108H,Toshiba,"Tecra R940 1JG","48,000",2012-07-03,,,"Rayhan Hossain","Marketing & Merchandising",LWR,SDL,SDL,hrayhan,,,"Intel Core i5",2.6,500,,"8192 ",,,,"WIN10 Pro",2023-07-25,,"Win 8 Pro",Preloaded,"From UK (Temporary Due to old laptop send for servicing)"
BD-01394,,n/a,SDLD354B,Computer,Desktop,Assigned,94DE805FD1C2,Clone,GA-H61M-S2PV,"14,500",2013-07-08,,,"Osman Goni",Finishing,LWR,SIL,SDL,ogoni,,Gigabyte,"Intel Pentium R (2 cores)",2.9,256,,8196,,,,"WIN10 Pro",2021-11-18,,None,,
BD-01395,41004000021,,,T&A,"Attendance device",Disposed,2RA01,2RA,CRPR-0309,"17,000",2013-01-01,,,,MIS,LWR,,SDL,,,,,,,,,,,,,,,,,
BD-01396,11004000089,,,T&A,"Attendance device",Disposed,2RA02,2RA,CRPR-0309,"17,000",2013-01-01,,,,MIS,LWR,,SDL,,,,,,,,,,,,,,,,,
BD-01397,11004000072,,,T&A,"Attendance Device",Disposed,2RA03,2RA,CRPR-0309,"17,000",2013-01-01,,,,MIS,LWR,,SDL,,,,,,,,,,,,,,,,,
BD-01398,11004000072,,,T&A,"Attendance Device",Disposed,2RA04,2RA,CRPR-0309,"17,000",2013-01-01,,,,MIS,LWR,,SDL,,,,,,,,,,,,,,,,,
BD-01399,11004000066,,,T&A,"Attendance Device",Disposed,2RA05,2RA,CRPR-0309,"17,000",2013-01-01,,,,MIS,LWR,,SDL,,,,,,,,,,,,,,,,,
BD-01400,11004000066,,,T&A,"Attendance device",Disposed,2RA06,2RA,CRPR-0309,"17,000",2013-01-01,,,,MIS,LWR,,SDL,,,,,,,,,,,,,,,,,
BD-01401,11004000066,,,T&A,"Attendance device",Disposed,2RA07,2RA,CRPR-0309,"17,000",2013-01-01,,,,MIS,LWR,,SDL,,,,,,,,,,,,,,,,,
BD-01402,,,,T&A,"Attendance device",Disposed,2RA08,2RA,CRPR-0309,"17,000",2013-01-01,,,,MIS,LWR,,SDL,,,,,,,,,,,,,,,,,
BD-01403,,,,T&A,"Attendance device",Disposed,2RA09,2RA,CRPR-0309,"17,000",2013-01-01,,,,MIS,LWR,,SDL,,,,,,,,,,,,,,,,,
BD-01404,,,,T&A,"Attendance device",Disposed,2RA10,2RA,CRPR-0309,"17,000",2013-01-01,,,,MIS,LWR,,SDL,,,,,,,,,,,,,,,,,
BD-01405,,,,T&A,"Attendance device",Disposed,2RA11,2RA,CRPR-0309,"17,000",2013-01-01,,,,MIS,LWR,,SDL,,,,,,,,,,,,,,,,,
BD-01406,,,,T&A,"Attendance device",Disposed,2RA12,2RA,CRPR-0309,"17,000",2013-01-01,,,,MIS,LWR,,SDL,,,,,,,,,,,,,,,,,
BD-01407,,,,T&A,"Attendance device",Disposed,2RA13,2RA,CRPR-0309,"17,000",2013-01-01,,,,MIS,LWR,,SDL,,,,,,,,,,,,,,,,,
BD-01408,,,,T&A,"Attendance device",Disposed,2RA14,2RA,CRPR-0309,"17,000",2013-01-01,,,,MIS,LWR,,SDL,,,,,,,,,,,,,,,,,
BD-01409,,,,T&A,"Attendance device",Disposed,2RA15,2RA,CRPR-0309,"17,000",2013-01-01,,,,MIS,LWR,,SDL,,,,,,,,,,,,,,,,,
BD-01410,,,,T&A,"Attendance device",Disposed,2RA16,2RA,CRPR-0309,"17,000",2013-01-01,,,,HR,LWR,,SDL,,,,,,,,,,,,,,,,,
BD-01411,,,10.140.8.37,T&A,"Attendance Device",Disposed,2RA17,2RA,CRPR-0309,"17,000",2013-01-01,,,,HR,LWR,,SDL,,,,,,,,,,,,,,,,,
BD-01412,,,10.140.8.38,T&A,"Attendance Device",Disposed,2RA18,2RA,CRPR-0309,"17,000",2013-01-01,,,,HR,LWR,,SDL,,,,,,,,,,,,,,,,,
BD-01413,,,10.140.8.39,T&A,"Attendance Device",Disposed,2RA19,2RA,CRPR-0309,"17,000",2013-01-01,,,,HR,LWR,,SDL,,,,,,,,,,,,,,,,,
BD-01414,,,,T&A,"Attendance Device",Disposed,2RA20,2RA,CRPR-0309,"17,000",2013-01-01,,,,HR,LWR,,SDL,,,,,,,,,,,,,,,,,
BD-01415,,,,T&A,"Attendance Device",Disposed,2RA21,2RA,CRPR-0309,"17,000",2013-01-01,,,,HR,LWR,,SDL,,,,,,,,,,,,,,,,,
BD-01416,,,,T&A,"Attendance Device",Disposed,2RA22,2RA,CRPR-0309,"17,000",2013-01-01,,,,HR,LWR,,SDL,,,,,,,,,,,,,,,,,
BD-01417,,,,T&A,"Attendance Device",Disposed,2RA23,2RA,CRPR-0309,"17,000",2013-01-01,,,,HR,LWR,,SDL,,,,,,,,,,,,,,,,,
BD-01418,,,,T&A,"Attendance Device",Disposed,2RA24,2RA,CRPR-0309,"17,000",2013-01-01,,,,HR,LWR,,SDL,,,,,,,,,,,,,,,,,
BD-01419,,,10.140.8.45,T&A,"Attendance Device",Disposed,2RA25,2RA,CRPR-0309,"17,000",2013-01-01,,,,HR,LWR,,SDL,,,,,,,,,,,,,,,,,
BD-01420,,,10.140.8.46,T&A,"Attendance Device",Disposed,2RA26,2RA,CRPR-0309,"17,000",2013-01-01,,,,HR,LWR,,SDL,,,,,,,,,,,,,,,,,
BD-01421,,N/A,SDLL130D,Computer,Laptop,"Need to Dispose",8B093591H,"Toshiba ","Portege R830-13C","48,000",2013-07-08,,,"Muhammad Islam",MNT,LWR,SIL,SDL,muislam,,,"Intelï¿½ Core ï¿½  i5",2.5,,320,4096,,,,"WIN10 Pro",,Yes,"WIN 7 Pro",9HP4J-WPDYQ-39RTR-92379-FYJ9C,
BD-01422,,,DEWBDSDLA08,Network,"Access Point",Assigned,FCZ123282NF,Linksys,AIR-AP1242AG-E-K9,"78,000",2011-01-01,,,"Nike Merchandising","Marketing & Merchandising",SWR,,SDL,"Nike, Lean, IE floor",,,,,,,,,10.140.25.8,,,,,,,MAC-001D7095D300
BD-01423,21004000139,1,SDLD362B,Computer,Desktop,"Need to Dispose",SGH330Q6NR,HP,"Compaq Pro 6300 MT","25,000",2014-03-12,,,"Temp assign to Samol Ray",Production,LWR,SDL,SDL,,,,"Intel Core i5",3.20,,500,"4096 ",,,,"WIN10 Pro",,,"WIN 7 Pro",2YD83-YKYXQ-93RCD-4VCDT-RDF6T,
BD-01424,21004000169,n/a,SDLD478A,Computer,Desktop,Assigned,SGH330Q6MF,HP,"Compaq Pro 6300 MT","25,000",2014-03-12,,,"Dulal Chandra",Store,LWR,SWL,"Shanta Denim Limited",dchandro,,,"Intel Core i5",3.20,,500,8192,,,,"WIN10 Pro",2021-09-14,,"WIN 7 Pro",GPXMV-RVWWC-DKKMB-Y8BBH-26CP7,
BD-01425,,n/a,,Display,Monitor,Assigned,6CM33600GH,HP,"LV1911 19","8,600",2014-03-12,,,"Jowel Rana",Cutting,LWR,SWL,SDL,jrana,,,,,,,,,,,,,,,,
BD-01426,,,,Display,Monitor,Assigned,6CM33600FG,HP,"LV1911 19""","8,600",2014-03-12,,,"Tazul Islam",Sample,LWR,,SDL,tislam,,,,,,,,,,,,,,,,
BD-01427,,,,Display,Monitor,Assigned,CN-04P3DP-72872-399-A7NM,Dell,E1913SF,"8,600",2014-07-19,,,"Subel Hasan",CAD,LWR,,SDL,suhasan,,,,,,,,,,,,,,,,"Need New Asset no"
BD-01428,21004000165,n/a,,Display,Monitor,"Need to Dispose",086UHMCD501973,Samsung,S22C300B,"11,200",2013-08-03,,,"Monir Hossain",Operations,LWR,SIL,SDL,monhossain,,,,,,,,,,,,,,,,"Damaged due to water fall on Panel from AC "
BD-01429,21004000166,1,,Display,Monitor,Disposed,086UHMCD900366X,Samsung,S22C300B,"11,200",2013-08-03,,,"Ashim Biswas",CAD,LWR,SIL,SDL,abiswas,,,,,,,,,,,,,,,,"Due to old monitor is small. 28.12.2015"
BD-01430,11004000184,1,,Display,Monitor,Disposed,MRCYHYCD804039D,Samsung,S19C170B,"8,500",2013-08-03,,,"Shahin Sikder",PCC,LWR,SDL,SDL,ssikder,,,,,,,,,,,,,,,,"Smart technologies(BD)LTD.(INV -SMTBB-2013-004905)"
BD-01431,11004000184,,,Display,Monitor,Assigned,MRCYHYCD803958N,Samsung,S19C170B,"8,500",2013-08-03,,,"Jahidul Islam 2",PCC,SWR,,SDL,jaislam,,,,,,,,,,,,,,,,
BD-01432,,,,CCTV,"CCTV DVR",Disposed,DF8J01397,Avtech,AVC798H,"15,000",2010-01-01,,,,MIS,LWR,,SDL,,,,,,,,,,,,,,,,,
BD-01433,,,,Printer,Printer,Disposed,41FO018828,Epson,LQ-1170,"28,000",2005-06-27,,,,MIS,LWR,,SDL,,,,,,,,,,,,,,,,,
BD-01434,,,,Display,Monitor,Assigned,CN-04P3DP-72872-35E-AL9L,Dell,E1913SF,"8,600",2014-07-19,,,"Romis Uddin",Embroidery,LWR,SDL,SDL,ruddin,,,,,,,,,,,,,,,,"Square Monitor,19''(Morshed)"
BD-01435,11004000184,N/A,,Display,Monitor,Assigned,MRCYHYCD901659,Samsung,S19C170B,"8,500",2014-01-07,,,"Ahmed2, Zafor",Quality,LWR,SDL,SDL,zaahmed,,,,,,,,,,,,,,,,"Smart technologies(BD)LTD.(INV-SMTBB-2014-000052)"
BD-01436,11004000184,,,Display,Monitor,Assigned,MRCYHYCD901757,Samsung,S19C170B,"8,500",2014-01-07,,,"Shahin Alam",Cutting,LWR,,SDL,shalam,,,,,,,,,,,,,,,,"Smart technologies(BD)LTD.(INV-SMTBB-2014-000052)"
BD-01437,11004000184,n/a,,Display,Monitor,Disposed,MRCYHYCD901761,Samsung,S19C170B,"8,500",2014-01-07,,,"Mahfuzur Rahman 3",Production,LWR,SDL,SDL,marahman3,,,,,,,,,,,,,,,,"Smart technologies(BD)LTD.(INV-SMTBB-2014-000052)"
BD-01438,41004000009,,,UPS,UPS,Assigned,E1307039480,NPS,EA2120,"4,800",2014-01-07,,,"Shawkat Ali",Quality,LWR,,SDL,shaali,,,,,,,,,,,,,,,,"Numeric Technology, 1200VA, (INV-STS-2014-000009 )"
BD-01439,21004000043,1,,UPS,UPS,"Need to Dispose",E1307068564,NPS,EA280,"2,800",2014-01-07,,,"Asadul Haque",Quality,LWR,SDL,SDL,ashaque,,,,,,,,,,,,,,,,"Numeric Technology, 800VA, (INV-STS-2014-000009 )"
BD-01440,21004000044,,,UPS,UPS,Assigned,E1307068565,NPS,"EA280 (800VA)","2,800",2014-05-03,,,"Afzal Hossain",Quality,LWR,SDL,SDL,afhossain,,,,,,,,,,,,,,,,
BD-01441,,,,UPS,UPS,Assigned,E1307068566,NPS,EA280,"2,800",2014-01-07,"Numeric Technology",,"Md Shamim",Sample,LWR,,SDL,mshamim,,,,,,,,,,,,,,,,
BD-01442,,,,UPS,UPS,Assigned,E1307068734,NPS,EA280,"2,800",2014-01-07,,,"Abdul Karim",HR,LWR,,SDL,akarim,,,,,,,,,,,,,,,,"Numeric Technology, 800VA, (INV-STS-2014-000009 )"
BD-01443,11004000184,na,,Display,Monitor,Assigned,MRCYHYCD803466,Samsung,S19C170B,"8,500",2013-12-31,,,"Anwar Hossain 2",Maintanance,LWR,SWL,SDL,anwhossain,,,,,,,,,,,,,,,,"Smart technologies(BD)LTD.(INV-SMTBB-2013-004905)"
BD-01444,21004000182,n/a,SDLL215A,Computer,Laptop,Disposed,2CE31611VF,HP,"Probook 4440s","61,000",2013-01-01,,,"Monirul Islam2","Qaulity Assurance",MWR,DBO,"Dhaka Buying Office",moniislam,,,"Intel Core i5",2.6,480,,"8192 ",,,,"WIN10 Pro",2022-07-31,Yes,,"VTDWF-DXJ8T-7XP7C-TWF8H-9TBFB ","Smart technologiesBDLTDCHASMTBB2013004955"
BD-01445,,,,Computer,Laptop,Transferred,5CB3370YYY,HP,"Probook 6570b","60,000",2014-01-13,,,"Sazzadur Khan","Marketing & Merchandising",SWR,,CAM,skhan,,,"Intel Core i5",2.6,,720,"4096 ",,,,"WIN10 Pro",,Yes,"WIN 8.0 Pro",,"Rcvd from UK Sportswear"
BD-01446,,n/a,SDLL135D,Computer,Laptop,"Need to Dispose",5CB3370YZ7,HP,"Probook 6570b","60,000",2014-01-13,,,"Saiful Alam","Marketing & Merchandising",SWR,SDL,SDL,salam,,,"Intel Core i5",2.6,,720,"4096 ",,,,"WIN10 Pro",,B-012,"WIN 8.0 Pro",,"Rcvd from UK Sportswear"
BD-01447,21004000119,,DEWBDSDLS42,Network,Switch,Assigned,DNI161502L6,Linksys,SF300-48,"27,000",2014-01-29,,,"SIL Cutting Rack",MIS,LWR,,SDL,MIS,,,,,,,,,10.140.2.42,,,,,,,"Computer Source,(CHL-CSLHO-2014-003819), Date:01/29/2014( PR475)"
BD-01448,11004000184,,,Display,Monitor,Assigned,MRCYHYCD901418K,Samsung,S19C170B,"8,500",2014-01-29,,,"Mojahedul Islam",MNT,LWR,,SDL,mojislam,,,,,,,,,,,,,,,,"Smart technologyINV-SMTBB-20 14-000334, "
BD-01449,11004000184,,,Display,Monitor,Disposed,MRCYHYCD901149Z,Samsung,S19C170B,"8,500",2014-01-29,,,,MIS,LWR,,SDL,,,,,,,,,,,,,,,,,
BD-01450,,,,UPS,UPS,Stock,E1307039566,NPS,EA2120,"4,800",2014-01-21,,,,MIS,LWR,,SDL,,,,,,,,,,,,,,,,,"Numeric Technology, 1200VA, (INV-STS-2014-000068 )"
BD-01451,,,,UPS,UPS,Assigned,E1307039567,NPS,EA2120,"4,800",2014-01-01,,,"Noore Alam",Cutting,LWR,,SDL,noalam,,,,,,,,,,,,,,,,
BD-01452,,,,UPS,UPS,Assigned,E1307068615,NPS,EA280,"2,800",2014-11-01,,,"Packing loading unloading area (outside).",BMT,LWR,,SDL,cctvcamera,,,,,,,,,,,,,,,,
BD-01453,,,,Projector,"Projector Screen",Stock,,,,"4,000",2014-02-02,4000/=,,"VC Room",MIS,LWR,,SDL,"Spare (Portable)",,,,,,,,,,,,,,,,"International Office Equipment INV-IOEHO-20 14-000253,  Portable"
BD-01454,21004000170,,SDLP031,Printer,Printer,Assigned,VNH6804633,HP,"Laserjet  400 M401dn","26,000",2014-03-02,,,"Common Sapmle",Sample,LWR,,SDL,"Common Sapmle",,,,,,,,,,,,,,,,
BD-01455,,,DEWBDSDLS06,Network,Switch,Assigned,DNI161502L4,Linksys,SF300-48,"27,000",2011-01-01,,,"SDL Server room Rack2",MIS,LWR,,SDL,System,,,,,,,,,10.140.2.6,"36,500/=",,,,,,"Computer Source,(CHL-CSLHO-2014-00), Date:02/15/2014( PR493)"
BD-01456,21004000060,,SDLP017,Printer,Printer,Assigned,CNHXF03943,HP,"Laserjet 4350n","30,000",2005-07-01,,,"SDL Cutting",Cutting,LWR,,SDL,common,,,,,,,,,,"30,000/=",,,,,,"Khan Brothers, (Challan No:348/14), Date:02/15/2014"
BD-01457,21004000010,,SDLL213A,Computer,Laptop,Disposed,2CE3111J13,HP,"Probook 4340s","61,000",2013-01-01,,,"Ex. Mahfuz Rana",MIS,LWR,SIL,SDL,,,,"Intel Core i5",2.6,480,,5120,,,,"WIN7 Pro",,,"WIN 7 Pro",VVHGK-GBRBC-QQGKC-XWJFQ-G8CFC,
BD-01458,,,,Printer,Printer,Assigned,BE9Y160791,Epson,LQ-2180,"65,000",2009-01-01,,,"Rubel Hossain",Production,LWR,,SDL,ruhossain,,,,,,,,,,,,,,,,
BD-01459,,,SDLL137,Computer,Laptop,Disposed,CND8471390,HP,"Elitebook 2530p","22,000",2014-03-01,,,"Lima Akter",Finance,LWR,,SHO,lakter,,,"Intel Core 2Duo",1.80,,160,"4096 ",,,,"WIN7 Pro",,,"PC Vista Bus",XXJWD-BYBWG-BBBM2,
BD-01460,21004000171,,SDLP033,Printer,Printer,Assigned,VNH6804659,HP,"Laserjet  400 M401dn","26,000",2014-03-02,,,"Chemical Store Common",Production,LWR,,SDL,"Chemical Store Common",,,,,,,,,,"28,000/=",,,,,,"Smart technologies(BD)LTD.(INV-SMTBB-2014-000570)"
BD-01462,,n/a,,"Computer Accessories",Webcam,Disposed,1332LZ0E0468,Logitech,C310,"3,200",2014-03-01,,,,MIS,LWR,SDL,SDL,,,,,,,,,,,,,,,,,
BD-01463,,n/a,,"Computer Accessories",Webcam,Assigned,1332LZ0E0TF8,Logitech,C310,"3,200",2014-03-01,,,"Dr. Shahida Afnan","Human Resource",LWR,SDL,SDL,safnan,,,,,,,,,,,,,,,,"Ryans IT Limited,(challan:E-250028, (HD Camera 5MP photos)"
BD-01464,,n/a,,"Computer Accessories",Webcam,Disposed,1333LZ02NWC8,Logitech,C310,"3,200",2014-03-01,,,"Ex.Rebeka Sultana",MIS,LWR,SDL,SDL,,,,,,,,,,,,,,,,,"Cam cable damage by Rat."
BD-01465,,n/a,,"Computer Accessories",Webcam,Stock,1332LZ0E0SV8,Logitech,C310,"3,200",2014-03-01,,,"Masum MIS",MIS,LWR,SDL,SDL,,,,,,,,,,,,,,,,,"Ryans IT Limited,(challan:E-250028, (HD Camera 5MP photos)"
BD-01466,,n/a,,"Computer Accessories",Webcam,Disposed,1332LZ0E03S8,Logitech,C310,"3,200",2014-03-01,,,,MIS,LWR,SDL,SDL,,,,,,,,,,,,,,,,,
BD-01467,,,,"Computer Accessories",Mouse,Disposed,1303HS06H748,Logitech,B-100,450,2014-03-12,,,,MIS,LWR,,SDL,,,,,,,,,,,"4,50/=",,,,,,
BD-01468,,,,"Computer Accessories",Mouse,Disposed,1303HS06H6X8,Logitech,B-101,450,2014-03-12,,,,MIS,LWR,,SDL,,,,,,,,,,,"4,50/=",,,,,,
BD-01469,11004000205,n/a,SDLL241B,Computer,Laptop,"Need to Dispose",2CE3480H5R,HP,"Probook 440 G1","68,000",2014-03-12,,,"Kamrul Hasan 2",Procurement,LWR,HO,"Dhaka Buying Office",kamhasan,,,"Intelï¿½ Coreï¿½ i5-4200M",2.5,480,,"8192 ",,,,"WIN10 Pro",2021-04-11,Yes,"WIN 8.1 Pro",RHHN7-97QB6-W482Y-PPX74-GXWJ3,
BD-01470,,,,Computer,Laptop,Transferred,2EC3480H4X,HP,"Probook 440 G1","68,000",2014-03-12,,,"Sanjit Sarkar",IE,SWR,,CAM,sasarker,,,"Intel Core i5",2.5,,750,4096,,,,"WIN10 Pro",,Yes,"WIN 8.0 Pro",GD77C-7RN2R-233JK-4TQYT-XP9GD,"Tech Valley, (Challan: TVDLC1314542), Date:12/03/2014"
BD-01471,,n/a,SDLL274A,Computer,Laptop,Assigned,HVX998FCCC1T84A,HP,"Probook 4440s","48,000",2013-07-08,,,"Ashraful Karim",Store,LWR,SDL,SDL,askarim,,,"Intelï¿½ Core ï¿½ i5 ",2.50,500,,8192,,,,"WIN10 Pro",,B-082,"WIN 8.1 Pro",Q9MNQ-W29VP-J83Q2-74QRQ-QRQ2Q,"Received from Khan Brothers"
BD-01473,,,,UPS,UPS,Assigned,163252,Digilog,UPS-1200VA,"5,040",2016-07-25,"DIgilog System ",1011,"Sohorab Ali ",Finishing,LWR,,SDL,Sali,,,,,,,,,,,,,,,,"MIS (Intern.)"
BD-01474,11004000091,1,SDLD359A,Computer,Desktop,"Need to Dispose",SHG349QBNV,HP,"Compaq Pro 6300 MT","25,000",2014-03-12,,,"Abu Obayda",Cutting,LWR,SIL,SDL,aobayda,,339A,"Intel Core i5",3.20,,500,"4096 ",,,,"WIN10 Pro",,,"WIN 8.0 Pro","OEM STICKER MISSING",
BD-01475,11004000092,1,SDLD366C,Computer,Desktop,Assigned,SHG349QBLZ,HP,"Compaq Pro 6300 MT","25,000",2014-03-12,,,"Zafor Ahmed2",Quality,LWR,SDL,SDL,zaahmed,,339A,"Intel Core i5",3.20,,500,"4096 ",,,,"WIN10 Pro",,,"WIN 8.0 Pro","OEM STICKER MISSING",
BD-01476,,,,Display,Monitor,Assigned,6CM4034LWH,HP,"LV1911 19""","8,600",2014-03-12,,,"Abu Obayda",Cutting,LWR,,SDL,aobayda,,,,,,,,,,,,,,,,
BD-01477,,,,Display,Monitor,Assigned,6CM4034JQ7,HP,"LV1911 19""","8,600",2014-03-12,,,"Tahira Akhter",HR,LWR,,SDL,takther,,,,,,,,,,,,,,,,
BD-01478,,,,Display,"VC Monitor",Disposed,(S)3Y005319NB,NEC,V463,"90,000",2014-04-03,,,,MIS,SWR,,SDL,System,,,,,,,,,,,,,,,,
BD-01479,,,"Video conference room",Display,"VC Monitor",Assigned,(S)3Y005322NB,NEC,V463,"90,000",2014-04-03,,,,MIS,SWR,,SDL,System,,,,,,,,,,,,,,,,
BD-01480,,,"Video conference room","VC Accessories","VC Camera",Assigned,128453497A,Polycom,MPTZ-9,"84,000",2014-04-03,,,,MIS,SWR,,SDL,System,,,,,,,,,,,,,,,,
BD-01481,,,DEWBDSDLVC02,VC,"VC Device",Assigned,8214034153E0CV,Polycom,"Group 500","424,000",2014-04-03,,,,MIS,SWR,,SDL,System,,,,,,,,,,,,,,,,
BD-01482,,,,UPS,UPS,Disposed,E1307069434,NPS,"EA265 (650VA)","2,800",2014-05-03,,,,MIS,LWR,,SDL,,,,,,,,,,,,,,,,,
BD-01483,,1,,UPS,UPS,Disposed,E1307069435,NPS,"EA265 (650VA)","2,800",2014-05-03,,,"Osman Goni",Finishing,LWR,SIL,SDL,ogoni,,," ",,,,,,,,,,,,,
BD-01484,,,,UPS,UPS,Assigned,E1307069436,NPS,EA265,"2,800",2014-11-01,,,"male locker area (In front of boiler).",BMT,LWR,,SDL,cctvcamera,,,,,,,,,,,,,,,,
BD-01485,,1,,UPS,UPS,Assigned,E1307069566,NPS,"EA265 (650VA)","2,800",2014-05-03,,,"Osman Goni",Finishing,LWR,SIL,SDL,ogoni,,,,,,,,,,,,,,,,
BD-01486,,n/a,,UPS,UPS,Assigned,E1307068561,NPS,EA280,"2,800",2014-11-01,,,"Nazrul Islam 4",Finishing,LWR,SIL,"Shanta Denim Limited",nazruislam,,,,,,,,,,,,,,,,
BD-01487,,,,UPS,UPS,Disposed,E1307068562,NPS,EA280,"2,800",2014-03-18,,,,MIS,LWR,,SDL,,,,,,,,,,,,,,,,,"Numeric Technology ( INV-STS-2014-000336 )"
BD-01488,,N/A,,UPS,UPS,Assigned,E1307068563,NPS,EA280,"2,800",2014-03-18,,,"Rathindraw Biswas","Human Resource",LWR,SDL,SDL,rabiswas,,,,,,,,,,,,,,,,"Numeric Technology ( INV-STS-2014-000336 )"
BD-01489,,,SDLL142A,Computer,Laptop,Disposed,CND847133K,HP,"Elitebook 2530p","22,000",2014-03-25,,,,MIS,LWR,,SDL,,,,"Intel Core 2Duo",1.86,,160,4096,,,,"WIN7 Pro",,,"WIN Vista Buiness",TFG8Y-R8RTH-3272Q-QJG8J-CF899,"Sent by UK IT."
BD-01490,,n/a,,Network,"Access Point",Transferred,L0226520900345,Motorola,AP-7131,"7,000",2014-03-20,,,,MIS,LWR,SIL,SDL,,,,,,,,,,,,,,,,,"Andy Hand Carried to DCC Dated : 17/12/2022"
BD-01491,,,,"Power Supply","Battery Charger",Stock,JCH11000051,Global,HCH3033,"3,000",2014-03-20,,,,MIS,LWR,,SDL,,,,,,,,,,,,,,,,,"sent by Capel Hendre"
BD-01492,,,,"Power Supply",Charger,Stock,JCH11000052,Global,HCH3033,"8,000",2014-03-01,,,,MIS,LWR,,SDL,,,,,,,,,,,,,,,,,
BD-01493,,,,"Power Supply","Battery Charger",Stock,JCH11000049,Global,HCH3033,"3,000",2014-03-20,,,,MIS,LWR,,SDL,,,,,,,,,,,,,,,,,"sent by Capel Hendre"
BD-01494,,,,"Power Supply",Charger,Stock,JCH11000056,Global,HCH3033,"8,000",2014-03-01,,,,MIS,LWR,,SDL,,,,,,,,,,,,,,,,,
BD-01495,,,,"Power Supply",Charger,Stock,JCH11000050,Global,HCH3033,"8,000",2014-03-01,,,,MIS,LWR,,SDL,,,,,,,,,,,,,,,,,
BD-01496,,,,"Power Supply",Charger,Stock,11253521121677,Motorola,CRD3000-1000R,"8,000",2014-03-01,,,,MIS,LWR,,SDL,,,,,,,,,,,,,,,,,
BD-01497,,,10.140.40.54,Phone,CIPT,Assigned,INM08271K2U,Cisco,7940,"3,500",2014-03-20,,,"Apu Hossain","Marketing & Merchandising",SWR,,SDL,ahossain,,,,,,,,,10.140.40.54,,,,,,,"sent by Capel Hendre"
BD-01498,,,10.140.40.53,Phone,CIPT,Stock,FCH1007816A,Cisco,7940,"3,500",2014-03-20,,,,MIS,LWR,,SDL,,,,,,,,,,,,,,,,,"sent by Capel Hendre"
BD-01499,,,,Phone,CIPT,Stock,INM08271JYB,Cisco,7940,"3,500",2014-03-20,,,,MIS,LWR,,SDL,,,,,,,,,,10.140.40.53,,,,,,,"sent by Capel Hendre"
BD-01500,,,,Phone,CIPT,Stock,INM08271K31,Cisco,7940,"3,500",2014-03-20,,,,MIS,LWR,,SDL,,,,,,,,,,,,,,,,,"sent by Capel Hendre"
BD-01501,,,10.140.40.40,Phone,CIPT,Assigned,INM08131ZLW,Cisco,7940,"3,500",2014-03-20,,,"SDL VC room",MIS,LWR,,SDL,System,,,,,,,,,10.140.40.40,,,,,,,"sent by Capel Hendre"
BD-01502,,,,Phone,CIPT,Stock,FCH11108GUS,Cisco,7940,"3,500",2014-03-20,,,,MIS,LWR,,SDL,,,,,,,,,,,,,,,,,"sent by Capel Hendre"
BD-01503,,,,Phone,CIPT,Stock,INM0813247N,Cisco,7940,"3,500",2014-03-20,,,,"Marketing & Merchandising",LWR,,SDL,,,,,,,,,,,,,,,,,"sent by Capel Hendre"
BD-01504,,,10.140.40.20,Phone,CIPT,Assigned,FCH09488UQC,Cisco,7940,"3,500",2014-03-20,,,"Saifuddin Ahamed",Quality,LWR,,SDL,sahamed,,,,,,,,,10.140.40.20,,,,,,,"sent by Capel Hendre"
BD-01505,,,,Phone,CIPT,Stock,INM082714P4,Cisco,7940,"3,500",2014-03-20,,,,MIS,lWR,,SDL,,,,,,,,,,,,,,,,,"sent by Capel Hendre"
BD-01506,,,,Phone,CIPT,Stock,FCH11108GQS,Cisco,7940,"3,500",2014-03-20,,,,MIS,LWR,,SDL,,,,,,,,,,,,,,,,,"sent by Capel Hendre (IP Adress: 10.140.40.50)"
BD-01507,,,10.140.40.21,Phone,CIPT,Assigned,FCH100184JH,Cisco,7940,"3,500",2014-03-20,,,,MIS,LWR,,SDL,,,,,,,,,,10.140.40.21,,,,,,,"sent by Capel Hendre"
BD-01508,,,10.140.40.2,Phone,CIPT,Stock,FCH111085T4,Cisco,7940,"3,500",2014-03-20,,,,MIS,LWR,,SDL,,,,,,,,,,,,,,,,,"sent by Capel Hendre"
BD-01509,,,10.140.40.2,Phone,CIPT,Assigned,FCH11108GUJ,Cisco,7940,"3,500",2014-03-20,,,"VC Room",MIS,LWR,,SDL,,,,,,,,,,10.140.40.2,,,,,,,"sent by Capel Hendre"
BD-01510,,,,Phone,CIPT,Stock,INM08271JML,Cisco,7940,"3,500",2014-03-20,,,,MIS,LWR,,SDL,,,,,,,,,,,,,,,,,"sent by Capel Hendre"
BD-01511,,,10.140.40.5,Phone,CIPT,Assigned,INM08271HBD,Cisco,7940,"3,500",2014-03-20,,,"Richard Heath",Management,LWR,,SDL,rheath,,,,,,,,,10.140.40.5,,,,,,,"sent by Capel Hendre"
BD-01512,,,10.140.40.41,Phone,CIPT,Assigned,INM081324X2,Cisco,7940,"3,500",2014-03-20,,,"Rifath Haque","Marketing & Merchandising",SWR,,SDL,rhaque,,,,,,,,,10.140.40.41,,,,,,,"sent by Capel Hendre"
BD-01513,,,10.140.40.33,Phone,CIPT,Stock,INM0911236L,Cisco,7940,"3,500",2014-03-20,,,"Ex.Brahim Siboueh",MIS,LWR,SDL,SDL,,,,,,,,,,10.140.40.33,,,,,,,"sent by Capel Hendre"
BD-01514,,,,Phone,CIPT,Stock,INM0913152U,Cisco,7940,"3,500",2014-03-20,,,,MIS,LWR,,SDL,,,,,,,,,,,,,,,,,"sent by Capel Hendre"
BD-01515,,,10.140.40.25,Phone,CIPT,Stock,FCH111085VT,Cisco,7940,"3,500",2014-03-20,,,,MIS,LWR,,SDL,,,,,,,,,,10.140.40.25,,,,,,,"sent by Capel Hendre"
BD-01516,,,,Phone,CIPT,Stock,FCH11108GUU,Cisco,7940,"3,500",2009-03-02,,,,MIS,LWR,,SDL,,,,,,,,,,,,,,,,,
BD-01517,,,10.140.40.12,Phone,CIPT,Assigned,INM08131RWG,Cisco,7940,"3,500",2014-03-20,,,,MIS,LWR,,SDL,,,,,,,,,,10.140.40.12,,,,,,,"sent by Capel Hendre"
BD-01518,,n/a,SDLD363B,Computer,Desktop,"Need to Dispose",CZC8277ZMF,HP,"Compaq dx2400 MT","25,000",2014-03-12,,,"Moznu Mia2",Quality,LWR,SWL,SDL,momia,,,"Intel Pentium R (2 cores)",2,,500,3072,,,,"WIN10 Pro",,,"WIN Vista Buiness",GGTR4-HDF2R-3Y88X-DHXW6-QBKGX,
BD-01519,,n/a,SDLD361D,Computer,Desktop,"Need to Dispose",HUB7371NXN,HP,"Compaq dx2300 MT","25,000",2014-03-20,,,"Shamim Sarwer",MNT,LWR,SIL,SDL,ssarwer,,,"Dual Core",1.80Ghz,,500,3072,,,,"WIN10 Pro",,,"WIN XP Pro",QXDRD-PRKTR-4PMRX-PXKGG-WHGBG,"sent by Capel Hendre"
BD-01520,,,,Display,Monitor,Disposed,CNT35003CR,HP,1702,"4,800",2014-03-20,,,"Lasercut SDL3","Nike Promo",SWR,,SDL,lsdl3,,,,,,,,,,,,,,,,"sent by Capel Hendre"
BD-01521,,,,Display,"CRT Monitor",Disposed,CNC4521SG6,HP,1702,"5,500",2014-03-01,,,,MIS,LWR,,SDL,,,,,,,,,,,,,,,,,
BD-01522,,n/a,,Display,Monitor,Disposed,CNN73504JX,HP,41706,"4,800",2014-03-12,,,"Anisur Rhaman",Production,LWR,SIL,SDL,arhaman,,,,,,,,,,,,,,,,
BD-01523,,,,Display,Monitor,Disposed,193571708S610E53205888,TFT,LE1708,"5,500",2014-01-29,,,,MIS,LWR,,SDL,,,,,,,,,,,,,,,,,
BD-01524,,,,Display,Monitor,Disposed,ETLBN0C003826034024001,Acer,V173,"5,500",2010-02-03,,,,MIS,LWR,,SDL,,,,,,,,,,,,,,,,,
BD-01525,,n/a,,Display,Monitor,"Need to Dispose",,,,"5,500",2011-03-02,,,,MIS,LWR,SIL,SDL,,,,,,,,,,,,,,,,,
BD-01526,,N/A,,Display,Monitor,Disposed,193S71708S610E53206006,TFT,LE1708,"5,500",2014-03-20,,,"Al Afroze",IE,LWR,SIL,SDL,aafroze,,,,,,,,,,,,,,,,"sent by Capel Hendre"
BD-01527,,,,Display,Monitor,Disposed,5ZH18550NB,NEC,L174F1,"5,500",2014-03-20,,,"Ex. Ariful Islam",MIS,LWR,,SDL,,,,,,,,,,,,,,,,,"sent by Capel Hendre"
BD-01528,,,"Ex. SDLL144",Computer,Laptop,Disposed,CNU909491P,HP,"Compaq 6735s","25,000",2010-04-04,,,,MIS,LWR,,SDL,,,,"AMD Turion 2 Core-RM-70",2,,160,2048,,,,"WIN7 Pro",,,,,
BD-01529,,n/a,,Display,Monitor,Disposed,G3LMTF130988,Asus,VS197,7000,2016-07-25,"Global Brand",1010,,"Marketing & Merchandising",LWR,SDL,"Shanta Denim Limited",,,,,,,,,,,,,,,,,"This monitor comes with Asus Vivo PC."
BD-01530,,,"Ex. SDLL186",Computer,Laptop,Disposed,CNU8300DH0,HP,"Compaq 6715b","37,000",2010-01-01,,,,MIS,LWR,,SDL,,,,"AMD Turion2-TL-60",2,,320,2048,,,,,,,"WIN XP Pro",PVKVG-DVBKK-CPBDP-BTDC6-M4T6Y,"Temporary Assigned."
BD-01531,,,"Ex. SDLL170",Computer,Laptop,Disposed,CNU8031Q2W,HP,"Compaq 8510W","37,000",2010-01-01,,,,MIS,LWR,,SDL,,,,"Intel® Core ™ 2 Duo-T7700",2.4,,500,4096,,,,"WIN7 Pro",,,"WIN XP Pro",BBD4M-4TFT7-GKC62-KQBBJ-QCC93,
BD-01532,,,SDLL143,Computer,Laptop,Disposed,CNU9215X3V,HP,"Compaq 6735s","37,000",2010-01-01,,,,MIS,LWR,,SDL,,,,"AMD Turion 2 Core-RM-70",2,,250,3072,,,,"WIN7 Pro",,,"WIN XP Pro",J7W3J-D4B6H-C8K3S-77RJW-7VQDM,
BD-01533,,n/a,SDLL146E,Computer,Laptop,Assigned,2D128197C,Toshiba,"Satelitite Pro L830","34,000",2010-02-04,,,"Temporary assign for training line",HR,LWR,SDL,SDL,"training line",,,"Intel Core i3",1.9,,500,8192,,,,"WIN10 Pro",2020-07-25,,"WIN 8 Pro",Preloaded,
BD-01534,,,,"Barcode Reader","Barcode reader",Stock,11280521120059,Symbol,MC3190,"80,000",2014-03-20,,,,MIS,LWR,,SDL,,,,,,,,,,,,,,,,,"sent by Capel Hendre"
BD-01535,,,,"Barcode Reader","Barcode reader",Stock,11280521120058,Symbol,MC3190,"80,000",2014-03-20,,,,MIS,LWR,,SDL,,,,,,,,,,,,,,,,,"sent by Capel Hendre"
BD-01536,,,,"Barcode Reader","Barcode Reader",Stock,11267521120697,Symbol,MC3190,"80,000",2014-03-20,,,,MIS,LWR,,SDL,,,,,,,,,,,,,,,,,"sent by Capel Hendre"
BD-01537,,,,"Barcode Reader","Barcode reader",Stock,11267521120725,Symbol,MC3190,"80,000",2014-03-20,,,,MIS,LWR,,SDL,,,,,,,,,,,,,,,,,"sent by Capel Hendre"
BD-01538,,,,"Barcode Reader","Barcode Reader",Stock,11280521120053,Symbol,MC3190,"80,000",2014-03-20,,,,MIS,LWR,,SDL,,,,,,,,,,,,,,,,,"sent by Capel Hendre"
BD-01539,,,,"Barcode Reader","Barcode reader",Stock,11267521120711,Symbol,MC3190,"80,000",2014-03-20,,,,MIS,LWR,,SDL,,,,,,,,,,,,,,,,,"sent by Capel Hendre"
BD-01540,,,,"Barcode Reader","Barcode reader",Stock,11280521120048,Symbol,MC3190,"80,000",2014-03-20,,,,MIS,LWR,,SDL,,,,,,,,,,,,,,,,,"sent by Capel Hendre"
BD-01541,,,,"Barcode Reader","Barcode reader",Stock,11267521120702,Symbol,MC3190,"80,000",2014-03-20,,,,MIS,LWR,,SDL,,,,,,,,,,,,,,,,,"sent by Capel Hendre"
BD-01542,,,,"Barcode Reader","Barcode reader",Stock,11280521120046,Symbol,MC3190,"80,000",2014-03-20,,,,MIS,LWR,,SDL,,,,,,,,,,,,,,,,,"sent by Capel Hendre"
BD-01543,,,,"Barcode Reader","Barcode Reader",Stock,11267521120709,Symbol,MC3190,"80,000",2014-03-20,,,,MIS,LWR,,SDL,,,,,,,,,,,,,,,,,"sent by Capel Hendre"
BD-01544,,,,"Barcode Reader","Barcode reader",Stock,11286521120422,Symbol,MC3190,"80,000",2014-03-20,,,,MIS,LWR,,SDL,,,,,,,,,,,,,,,,,"sent by Capel Hendre"
BD-01545,,,,"Barcode Reader","Barcode reader",Stock,11280521120052,Symbol,MC3190,"80,000",2014-03-20,,,,MIS,LWR,,SDL,,,,,,,,,,,,,,,,,"sent by Capel Hendre"
BD-01546,,,,"Barcode Reader","Barcode reader",Stock,11254521120272,Symbol,MC3190,"80,000",2014-03-20,,,,MIS,LWR,,SDL,,,,,,,,,,,,,,,,,"sent by Capel Hendre"
BD-01547,,,,"Barcode Reader","Barcode reader",Stock,11267521120761,Symbol,MC3190,"80,000",2014-03-20,,,,MIS,LWR,,SDL,,,,,,,,,,,,,,,,,"sent by Capel Hendre"
BD-01548,210011000007,,,Backup,"Tape drive",Disposed,HU74J01911,HP,Q1517A,"171,000",2014-03-20,,,,MIS,LWR,,SDL,,,,,,,,,,,,,,,,,
BD-01549,11004000095,1,SDLD365A,Computer,Desktop,Disposed,SGH349QBQK,HP,"Compaq Pro 6300 MT","25,000",2014-03-12,,,"Monir Hossain",CAD,LWR,SIL,SDL,monhossain,,,"Intel ï¿½ Core ï¿½ i5 ",3.2,,500,4096,,,,"WIN10 Pro",,,None,,
BD-01550,11004000093,n/a,SDLD477C,Computer,"Desktop ",Assigned,SGH349QBR8,HP,"Compaq Pro 6300 MT","37,000",2014-03-12,,,"Nazrul Islam 5",Prodcution,LWR,SDL,"Shanta Denim Limited",nazrulislam,,,"Intel Core i5",3.2,,500,4096,,,,"WIN10 Pro",2019-10-27,,None,,"Smart technologiesBDLTDChallan No "
BD-01551,11004000094,1,observium,Server,"Desktop (Server)","Need to Dispose",SGH349QBMV,HP,"Compaq Pro 6300 MT","37,000",2014-10-20,,,observium,MIS,LWR,SDL,SDL,System,,,"Intel Core i5",3.20,,500,"4096 ",,,,"Ubuntu 16.04",,,None,,"Smart technologiesBDLTDChallan No "
BD-01552,11004000137,n/a,SDLD415B,Computer,Desktop,Assigned,SGH349QBL0,Clone,"Intel core i3 10100","45,000",2014-03-12,"Smart technologies",,"Screenline CCTV ","Human Resource",LWR,SCRLN,SDL,scctv,,,"Intel core i3 10100",3.20,,500,"4096 ",,,,"WIN10 Pro",2021-02-22,,"PC 8 pro",,"Smart technologiesBDLTDChallan No "
BD-01553,11004000096,,,Computer,Desktop,Transferred,SGH349QBJ5,HP,"Compaq Pro 6300 MT","25,000",2014-03-12,,,,,SWR,,CAM,,,,"Intel Core i5",3.20,,500,"4096 ",,,,"WIN7 Pro",,,None,,"Smart technologies(BD)LTD.(Challan No: )"
BD-01554,11004000138,n/a,SDLD364B,Computer,Desktop,Assigned,SGH349QBP6,HP,"Compaq Pro 6300 MT","25,000",2014-03-12,,,"Saddam Hossen 2",IE,LWR,SWL,SDL,shossen,,,"Intel Core i5",3.2,,500,4096,,,,"WIN10 Pro",2021-09-16,,"WIN 8.0 Pro",,"Smart technologies(BD)LTD.(Challan No: )"
BD-01555,11004000097,N/A,SDLD589,Computer,Desktop,Assigned,SGH349QBP8,HP,"Compaq Pro 6300 MT","25,000",2014-03-12,,,"HR Intern User","Human Resource",LWR,SIL,SDL,,,,"Intel Core i5",3.2,,500,4096,,,,"WIN7 Pro",,,"WIN 8.0 Pro",,"Smart technologies(BD)LTD.(Challan No: )"
BD-01556,,,,Display,Monitor,Assigned,6CM4034KY5,HP,"LV1911 19""","8,600",2014-03-12,,,"Subrata Bhowmik",Quality,LWR,,SDL,sbhowmik,,,,,,,,,,,,,,,,"Smart technologies(BD)LTD.(Challan No: )"
BD-01557,,n/a,,Display,Monitor,Assigned,6CM4034KWQ,HP,LV1911,"8,600",2014-03-12,,,"Ferdous Alam","Marketing & Merchandising",LWR,SWL,SDL,falam,,,,,,,,,,,,,,,,
BD-01558,21004000050,n/a,,Display,Monitor,Disposed,6CM4034KWL,HP,"LV1911 19","8,600",2014-03-12,,,"Sumon Rana",Cutting,LWR,SDL,SDL,surana,,,,,,,,,,,,,,,,"Smart technologies(BD)LTD.(Challan No: )"
BD-01559,,,,Display,Monitor,Assigned,6CM3520S3R,HP,"LV1911 19""","8,600",2014-03-12,,,"Ataur Rahman2",Finishing,LWR,,SDL,atarahman,,,,,,,,,,,,,,,,"Smart technologies(BD)LTD.(Challan No: )"
BD-01560,,N/A,,Display,Monitor,Assigned,6CM4034LYS,HP,"LV1911 19","8,600",2014-03-12,,,"Islam, Jahurul","Human Resource",LWR,SDL,SDL,jahislam,,,,,,,,,,,,,,,,"Smart technologies(BD)LTD.(Challan No: )"
BD-01561,,,,Display,Monitor,Assigned,6CM4034JQC,HP,"LV1911 19""","8,600",2014-03-12,,,"Nishan Ali",Production,LWR,,SDL,nali,,,,,,,,,,,,,,,,"Smart technologies(BD)LTD.(Challan No: )"
BD-01562,,,,Display,Monitor,Assigned,6CM3520S3X,HP,"LV1911 19""","8,600",2014-03-12,,,"Ahiduz Zaman",Quality,LWR,,SDL,azaman,,,,,,,,,,,,,,,,"Smart technologies(BD)LTD.(Challan No: )"
BD-01563,41004000029,n/a,SDLD421D,Computer,Desktop,Assigned,F7MSAC003505,Asus,"VIVO PC VM62","55,000",2016-07-23,"Global Brand",,"Temp. Shahin Alam",Production,LWR,SIL,SDL,"Shahin Alam",,,"Intel core i5",3.00,256,,8192,,,,"WIN10 Pro",,,"Win 10 Pro",HGQJQ-N7RRD-Q6D6M-3MHG9-CDKTR,"Using as Spare Mini desktop PCnew keyboard assigned 13102025"
BD-01564,,,,Phone,CIPT,Stock,FCH1109A1XV,Cisco,7940,"3,500",2009-03-02,,,,MIS,LWR,,SDL,,,,,,,,,,,,,,,,,
BD-01565,,,,Phone,CIPT,Stock,INM081323ZT,Cisco,7940,"3,500",2009-03-02,,,,MIS,LWR,,SDL,,,,,,,,,,,,,,,,,
BD-01566,,,,Phone,CIPT,Stock,FCH11108GT0,Cisco,7940,"3,500",2014-03-20,,,,MIS,LWR,,SDL,,,,,,,,,,,,,,,,,"sent by Capel Hendre"
BD-01567,,,,"Computer Accessories",Mouse,Disposed,,Logitech,M90,450,2014-03-12,,,,MIS,LWR,,SDL,,,,,,,,,,,,,,,,,
BD-01568,,1,,"Computer Accessories",Mouse,Disposed,,Logitech,M90,450,2014-03-12,,,"Salim Raza",Finishing,LWR,SIL,SDL,sraza,,,,,,,,,,,,,,,,
BD-01569,,1,,"Computer Accessories",Mouse,Disposed,,Logitech,M90,450,2014-03-12,,,"Ekramul Hoque",Maintanance,LWR,SIL,SDL,ehoque,,,,,,,,,,,,,,,,
BD-01570,,,,"Computer Accessories",Mouse,Disposed,,Logitech,M90,450,2014-03-12,,,,MIS,LWR,,SDL,,,,,,,,,,,,,,,,,
BD-01571,,n/a,,"Computer Accessories",Mouse,Disposed,,Logitech,M90,450,2014-03-12,,,,Production,LWR,SIL,SDL,,,,,,,,,,,,,,,,,
BD-01572,,,,"Computer Accessories",Mouse,Disposed,,Logitech,M90,450,2014-03-12,,,,MIS,LWR,,SDL,,,,,,,,,,,,,,,,,
BD-01573,,1,,"Computer Accessories",Mouse,Disposed,,Logitech,M90,450,2014-03-12,,,"Mohammad Rasel",MNT,LWR,SIL,SDL,mrasel,,,,,,,,,,,,,,,,"(SD-01475 -Asset number) Computer Source,(CHL-CSLGR-2014-001038)"
BD-01574,,1,,"Computer Accessories",Mouse,Disposed,,Logitech,M90,450,2014-03-12,,,,MIS,LWR,SIL,SDL,,,,,,,,,,,,,,,,,"(SD-01476 -Asset number) Computer Source,(CHL-CSLGR-2014-001038)"
BD-01575,,,,"Computer Accessories",Mouse,Disposed,,Logitech,M90,450,2014-03-12,,,,MIS,LWR,,SDL,,,,,,,,,,,,,,,,,
BD-01576,,,,"Computer Accessories",Mouse,Disposed,,A4TECH,G3-200N,450,2014-03-12,,,,MIS,LWR,,SDL,,,,,,,,,,,,,,,,,
BD-01577,,,"Video conference room","VC Accessories","VC Microphone",Assigned,,Polycom,,"5,000",2014-04-03,,,"VC room",MIS,SWR,,SDL,System,,,,,,,,,,,,,,,,
BD-01578,,,"Video conference room","Remote Control","Remote Control",Assigned,,Polycom,,"5,000",2014-04-03,,,,MIS,SWR,,SDL,System,,,,,,,,,,,,,,,,
BD-01579,,,"Video conference room","Remote Control","Remote Control",Assigned,,NEC,RU-M117,500,2014-04-03,,,,MIS,SWR,,SDL,System,,,,,,,,,,,,,,,,
BD-01580,,,"Video conference room","Remote Control","Remote Control",Assigned,,NEC,RU-M117,500,2014-04-03,,,,MIS,SWR,,SDL,System,,,,,,,,,,,,,,,,
BD-01581,,,DEWBDSDLVC01,VC,"VC Device",Assigned,0DEE66,Polycom,"HDX 7000","574,000",2013-09-01,,,,MIS,LWR,,SDL,System,,,,,,,,,,,,,,,,
BD-01582,21004000117,n/a,SDLL320,Computer,Laptop,"Need to Dispose",HSYC9B2,Dell,"Vostro 14 5459","64,500",2016-06-29,"Computer Source",,"Rokibur Biswas",Merchandising,LWR,SIL,SDL,rbiswas,,,"Intelï¿½ Coreï¿½ i5",2.3,480,,8192,,,,"WIN10 Pro",2020-08-31,Yes,"Win 10 Pro",FVRJ8-JGNB9-B49MG-9C62F-369TR,"3 year warranty."
BD-01583,,1,,"Computer Accessories",Mouse,Disposed,1328HS00KWN8,Logitech,B-100,450,2014-03-12,,,"Ruhul Amin Khokon",PCC,LWR,SDL,SDL,rukhokon,,,,,,,,,,,,,,,,"Khan Brothers, (Challan No:413/2014), Date: 2nd April, 2014(warranty 3years)"
BD-01584,,,,"Computer Accessories",Mouse,Disposed,1328HS00KWS8,Logitech,B-100,450,2014-04-29,,,,MIS,LWR,,SDL,,,,,,,,,,,,,,,,,
BD-01585,,1,,"Computer Accessories",Mouse,Disposed,1328HS00KYL8,Logitech,B-100,450,2014-03-12,,,"Joynal Abedin",Finishing,LWR,SDL,SDL,jabedin,,,,,,,,,,,,,,,,"Khan Brothers, (Challan No:413/2014), Date: 2nd April, 2014(warranty 3years)"
BD-01586,,,,"Computer Accessories",Mouse,Disposed,1348HS055NH8,Logitech,B-100,450,2014-04-29,,,,MIS,LWR,,SDL,,,,,,,,,,,,,,,,,
BD-01587,,1,,"Computer Accessories",Mouse,Disposed,1348HS055NL8,Logitech,B-100,450,2014-03-12,,,"Hasan Shaheen",HR,LWR,SDL,SDL,hshaheen,,,,,,,,,,,,,,,,"Khan Brothers, (Challan No:413/2014), Date: 2nd April, 2014(warranty 3years)"
BD-01588,,1,,"Computer Accessories",Mouse,Disposed,1348HS055NK8,Logitech,B-100,450,2014-04-29,,,"Nazmul Hossain","Marketing & Merchandising",LWR,SDL,SDL,nahossain,,,,,,,,,,,,,,,,
BD-01589,,,,"Computer Accessories",Mouse,Disposed,1348HS055NQ8,Logitech,B-100,450,2014-04-29,,,,MIS,LWR,,SDL,,,,,,,,,,,,,,,,,
BD-01590,21004000118,NA,DBOL126E,Computer,Laptop,Service,6PYC9B2,Dell,"Vostro 14 5459","64,500",2016-08-03,"Computer Source",,"Ex user Russel Ahmed",MIS,LWR,SIL,"Shanta Denim Limited",,,,"Intel Core  i5",2.3,480,,8192,,,,"WIN10 Pro",,B-340,"Win 10 Pro",N22VH-FQVBB-M7Y9G-DYBMR-GXXTR,"1 Year Warranty"
BD-01591,,,,UPS,UPS,Stock,E1401005566,NPS,EA280,"2,800",2014-04-07,,,,MIS,LWR,,SDL,,,,,,,,,,,,,,,,,"Numeric Technology, 800VA, (INV-STS-201415 )"
BD-01592,,,,UPS,UPS,Transferred,E1401005567,NPS,EA280,"2,800",2014-11-01,,,,MIS,LWR,,DBO,,,,,,,,,,,,,,,,,
BD-01593,,n/a,,UPS,UPS,Assigned,E1401005568,NPS,"EA280 (800VA)","2,800",2014-05-03,,,"Aminul Islam",Quality,LWR,SIL,SDL,aminislam,,,,,,,,,,,,,,,,
BD-01594,,,,UPS,UPS,Assigned,E1401005521,NPS,EA280,"2,800",2014-04-07,,,"Ashish Gain",Fabric,LWR,,SDL,again,,,,,,,,,,,,,,,,"Numeric Technology, 800VA, (INV-STS-201415 )"
BD-01595,,,,UPS,UPS,Transferred,E1401005522,NPS,EA280,"2,800",2014-07-04,,,,MIS,LWR,,DBO,,,,,,,,,,,,,,,,,
BD-01596,,,,UPS,UPS,Assigned,E1401005523,NPS,"EA280 (800VA)","2,800",2014-05-03,,,"Ashish KumarGhosh",HR,LWR,,SDL,akumarghosh,,,,,,,,,,,,,,,,
BD-01597,,,,UPS,UPS,Disposed,E1401005548,NPS,"EA280 (800VA)","2,800",2014-06-04,,,,MIS,LWR,,SDL,,,,,,,,,,,,,,,,,
BD-01598,,,,UPS,UPS,Assigned,E1401005549,NPS,"EA280 (800VA)","2,800",2014-06-04,,,"Nahid Sultana",HR,LWR,SDL,SDL,nsultana,,,,,,,,,,,,,,,,
BD-01599,,N/A,,UPS,UPS,Assigned,E1401005550,NPS,EA265,"2,800",2014-06-04,,,"Mahmudul Hasan4",Finishing,LWR,SIL,SDL,mahmuhasan,,,,,,,,,,,,,,,,
BD-01600,,,,"Computer Accessories",Keyboard,Assigned,1347MG00PL88,Logitech,K120,600,2010-01-01,,,"Helal Udden",Production,LWR,,SDL,hudden,,,,,,,,,,,,,,,,"Khan Brothers, (Challan No:  ), Date: 15th April, 2014(warranty 3years)"
BD-01601,,,,"Computer Accessories",Keyboard,Assigned,1333MG01UBA8,Logitech,K120,650,2014-05-24,,,"Abu Hossain",Store,LWR,,SDL,abhossain,,,,,,,,,,,,,,,,
BD-01602,,1,,"Computer Accessories",Mouse,Disposed,1348HS06DK8,Logitech,B-100,450,2014-04-29,,,"Obaiedur Rahman","Marketing & Merchandising",LWR,SDL,SDL,orahman,,,,,,,,,,,,,,,,
BD-01603,,1,,"Computer Accessories",Mouse,Disposed,1328HS00KVW8,Logitech,B-100,450,2014-04-29,,,"Mohiuddin Mohammad",Commercial,LWR,SIL,SDL,mmohammad,,,,,,,,,,,,,,,,
BD-01604,,,DBOP009,Printer,Printer,Assigned,CNCKR08934,HP,"Laser Jet 2055DN","18,000",2014-11-29,"Khan Brothers",,Common,Commercial,LWR,,SHO,"Commrcial All SHO",,,,,,,,,,,,,,,,
BD-01605,110011000004,n/a,SDLL196A,Computer,Laptop,Transferred,9VYC9B2,Dell,"Vostro 14 5459","64,500",2016-06-29,"Computer Source",,"Mark Matthews",PCC,LWR,SDL,SDL,mmatthews,,,"Intelï¿½ Coreï¿½ i5",2.3,500,,8192,,,,"WIN10 Pro",,Yes,"Win 10 Pro",DGNMM-69W6F-J7M2V-JT2DH-MBH24,"1 Year Warranty."
BD-01606,,NA,DBOL127A,Computer,Laptop,Disposed,GRYC9B2,Dell,"Vostro 14 5459","64,500",2016-08-03,"Computer Source",,"Anas Haque",Commercial,LWR,HO,SHO,ahaque,,,"Intelï¿½ Core ï¿½  i5",2.3,,500,8192,,,,"WIN10 Pro",,Yes,"Win 10 Pro",TQB93-B2N72-JQR8X-VJKPH-DRR9F,"1 Year Warranty. Stolen"
BD-01607,,1,,"Computer Accessories",Mouse,Disposed,1348HS055NM8,Logitech,B-100,450,2014-04-29,,,"Ex.Jabed Hossain",MIS,LWR,SDL,SDL,,,,,,,,,,,,,,,,,"Khan Brothers, (Challan No:423/2014), Date: 29th April, 2014(warranty 3years)"
BD-01608,,,,"Computer Accessories",Mouse,Disposed,1348HS055M08,Logitech,B-100,450,2014-04-29,,,,MIS,LWR,,SDL,,,,,,,,,,,,,,,,,
BD-01609,,,,Scanner,Scanner,Assigned,RZ2W001159,Epson,J232C,"6,900",2014-04-30,,,"TCQC SHANTA",Quality,LWR,,SDL,tshanta,,,,,,,,,,,,,,,,
BD-01610,11004000080,n/a,,Scanner,Scanner,Disposed,RZ2W001385,Epson,"J232C (V37)","6,900",2014-04-30,,,"Sayed Rahman",Quality,LWR,SDL,SDL,sayrahman,,,,,,,,,,,,,,,,
BD-01611,,n/a,,UPS,UPS,Disposed,E1405037364,NPS,EA2120,"4,800",2015-02-08,Bunon,,"Jamal Uddin",Cutting,LWR,SIL,SDL,juddin,,,,,,,,,,,,,,,,
BD-01612,,,,Display,Monitor,Assigned,ZV5SH4LD501613P,HP,S19B150N,"8,600",2014-03-12,,,"Shohidul Islam",CAD,LWR,,SDL,sislam,,,,,,,,,,,,,,,,"Need to chk Monitor Make"
BD-01613,,n/a,,UPS,UPS,Stock,E1401005402,NPS,EA280,"2,800",2014-05-08,,,,MIS,LWR,SDL,SDL,,,,,,,,,,,,,,,,,"Numeric Technology, 800VA, (INV-201405089 )"
BD-01614,,,,"Computer Accessories",Mouse,Disposed,1348HS055MZ8,Logitech,B-100,450,2014-05-24,,,,MIS,LWR,,SDL,,,,,,,,,,,,,,,,,"Khan Brothers, (Challan No:439/2014), Date: 7th May, 2014(warranty 3years)"
BD-01615,,,,"Computer Accessories",Keyboard,Disposed,1404MG00BT68,Logitech,K120,600,2014-05-24,,,,MIS,LWR,,SDL,,,,,,,,,,,,,,,,,"Khan Brothers, (Challan No:439/2014), Date: 7th May, 2014(warranty 3years)"
BD-01616,,n/a,,"Computer Accessories",Keyboard,Disposed,1404MG00HKR8,Logitech,K120,650,2014-05-24,,,,MIS,LWR,SIL,SDL,,,,,,,,,,,,,,,,,
BD-01617,,,,"Computer Accessories",Mouse,Disposed,1348HS055N58,Logitech,B-100,450,2014-05-24,,,,MIS,LWR,,SDL,,,,,,,,,,,,,,,,,
BD-01618,,,,"Computer Accessories",Mouse,Disposed,1348HS055MH8,Logitech,B-100,450,2014-05-24,,,,MIS,LWR,,SDL,,,,,,,,,,,,,,,,,
BD-01619,,,,"Computer Accessories",Keyboard,Assigned,1404MG00C7X8,Logitech,K120,650,2014-05-24,,,"Lall Chand",Oparetion,LWR,,SDL,lchand,,,,,,,,,,,,,,,,
BD-01620,,,,"Computer Accessories",Mouse,Disposed,1348HS055NX8,Logitech,B-100,450,2014-05-24,,,,MIS,LWR,,SDL,,,,,,,,,,,,,,,,,
BD-01621,,,,"Computer Accessories",Mouse,Disposed,1348HS055P48,Logitech,B-100,450,2014-05-24,,,,MIS,LWR,,SDL,,,,,,,,,,,,,,,,,
BD-01622,,,,CCTV,"CCTV Camera",Assigned,07030116062300255,Jovision,JVS-N4DL-AL,6000/=,,"STS Automantion",,,MIS,LWR,,SDL,Security,,,,,,,,,,,,,,,,
BD-01623,,,,"Computer Accessories",Mouse,Disposed,1348HS057A08,Logitech,B-100,450,2014-04-02,,,,MIS,LWR,,SDL,,,,,,,,,,,,,,,,,
BD-01624,,,,"Computer Accessories",Mouse,Disposed,1348HS055NW8,Logitech,B-100,450,2014-04-02,,,,MIS,LWR,,SDL,,,,,,,,,,,,,,,,,
BD-01625,,,,"Computer Accessories",Mouse,Disposed,1348HS055NV8,Logitech,B-100,450,2014-04-02,,,,MIS,LWR,,SDL,,,,,,,,,,,,,,,,,
BD-01626,,,,"Computer Accessories",Mouse,Disposed,1348HS0579W8,Logitech,B-100,450,2014-04-02,,,,MIS,LWR,,SDL,,,,,,,,,,,,,,,,,
BD-01627,,,,"Computer Accessories",Mouse,Disposed,1348HS0579V8,Logitech,B-100,450,2014-04-02,,,,MIS,LWR,,SDL,,,,,,,,,,,,,,,,,
BD-01628,,1,,"Computer Accessories",Mouse,Disposed,1348HS0579X8,Logitech,B-100,450,2014-04-02,,,,MIS,LWR,SDL,SDL,,,,,,,,,,,,,,,,,
BD-01629,,,,"Computer Accessories",Mouse,Disposed,1348HS0579S8,Logitech,B-100,450,2014-04-02,,,,MIS,LWR,,SDL,,,,,,,,,,,,,,,,,
BD-01630,,,,"Computer Accessories",Mouse,Disposed,1348HS0579T8,Logitech,B-100,450,2014-04-02,,,,MIS,LWR,,SDL,,,,,,,,,,,,,,,,,
BD-01631,,,,"Computer Accessories",Mouse,Disposed,1348HS0578U8,Logitech,B-100,450,2014-04-02,,,,MIS,LWR,,SDL,,,,,,,,,,,,,,,,,
BD-01632,,,,"Computer Accessories",Mouse,Disposed,1348HS0579R8,Logitech,B-100,450,2014-04-02,,,,MIS,LWR,,SDL,,,,,,,,,,,,,,,,,
BD-01633,,1,,"Computer Accessories",Mouse,Disposed,1348HS0579Q8,Logitech,B-100,450,2014-04-02,,,,MIS,LWR,SDL,SDL,,,,,,,,,,,,,,,,,
BD-01634,,,,"Computer Accessories",Mouse,Disposed,1348HS0579Y8,Logitech,B-100,450,2014-04-02,,,,MIS,LWR,,SDL,,,,,,,,,,,,,,,,,
BD-01635,,1,,"Computer Accessories",Mouse,Disposed,1348HS055PM8,Logitech,B-100,450,2014-04-29,,,"Helal Udden",Production,LWR,SDL,SDL,hudden,,,,,,,,,,,,,,,,"PR563, Khan Brothers, (Challan No:460/2014), Date: 31St May, 2014(warranty 3years)"
BD-01636,,1,,"Computer Accessories",Mouse,Disposed,1348HS055PB8,Logitech,B-100,450,2014-04-29,,,"Selina Shelley",Compliance,LWR,SDL,SDL,sshelley,,,,,,,,,,,,,,,,"PR567, Khan Brothers, (Challan No:464/2014), Date: 1St June, 2014(warranty 3years)"
BD-01637,,1,,"Computer Accessories",Mouse,Disposed,1348HS055NZ8,Logitech,B-100,450,2014-04-29,,,"Milton Rahman","Marketing & Merchandising",LWR,SDL,SDL,rmilton,,,,,,,,,,,,,,,,"PR567, Khan Brothers, (Challan No:464/2014), Date: 1St June, 2014(warranty 3years)"
BD-01638,,,,"Computer Accessories",Keyboard,Stock,1312MG017P58,Logitech,K120,650,2014-05-24,,,,MIS,LWR,,SDL,,,,,,,,,,,,,,,,,
BD-01639,,1,,"Computer Accessories",Mouse,Disposed,,A4TECH,OP-620D,450,2014-04-02,,,,MIS,LWR,SDL,SDL,,,,,,,,,,,,,,,,,
BD-01640,,,,"Computer Accessories",Keyboard,Disposed,,A4TECH,"KR-83 PS2",650,2014-05-24,,,,MIS,LWR,,SDL,,,,,,,,,,,,,,,,,
BD-01641,,1,,"Computer Accessories",Mouse,Disposed,1348HS055HC8,Logitech,B-100,450,2014-06-15,,,"Muraduzzaman Murad","Marketing & Merchandising",LWR,SDL,SDL,mmurad,,,,,,,,,,,,,,,,"PR575, Khan Brothers, (Challan No:478/2014), Date: 15th June, 2014(warranty 3years)"
BD-01642,,1,,"Computer Accessories",Mouse,Disposed,1348HS055HG8,Logitech,B-100,450,2014-06-15,,,"Ataour Rahman",Planning,LWR,SDL,SDL,atrahman,,,,,,,,,,,,,,,,"PR575, Khan Brothers, (Challan No:478/2014), Date: 15th June, 2014(warranty 3years)"
BD-01643,,,,"Computer Accessories",Mouse,Disposed,1348HS055HM8,Logitech,B-100,450,2014-05-31,,,,MIS,LWR,,SDL,,,,,,,,,,,,,,,,,
BD-01644,,1,,"Computer Accessories",Mouse,Disposed,1348HS055HK8,Logitech,B-100,450,2014-06-15,,,"Shanta Lab",LAB,LWR,SDL,SDL,slab,,,,,,,,,,,,,,,,"PR575, Khan Brothers, (Challan No:478/2014), Date: 15th June, 2014(warranty 3years)"
BD-01645,,1,,"Computer Accessories",Mouse,Disposed,1348HS055HE8,Logitech,B-100,450,2014-05-31,,,"Raju Barua",CAD,LWR,SDL,SDL,rbarua,,,,,,,,,,,,,,,,
BD-01646,,,,"Computer Accessories",Mouse,Disposed,1348HS055HJ8,Logitech,B-100,450,2014-05-31,,,,MIS,LWR,,SDL,,,,,,,,,,,,,,,,,
BD-01647,,,,"Computer Accessories",Keyboard,Assigned,1411MG00P9H8,Logitech,K120,650,2014-05-24,,,"Subel Hasan",CAD,LWR,,SDL,suhasan,,,,,,,,,,,,,,,,
BD-01648,,,,"Computer Accessories",Keyboard,Assigned,1411MG00P9F8,Logitech,K120,650,2014-05-24,,,"T.R Talent",HR,LWR,,SDL,ttalent,,,,,,,,,,,,,,,,
BD-01649,,1,,"Computer Accessories",Mouse,Disposed,1348HS055NS8,Logitech,B-100,450,2014-05-31,,,"Sarwar Jahan",Sample,LWR,SDL,SDL,sjahan,,,,,,,,,,,,,,,,
BD-01650,,,,"Computer Accessories",Keyboard,Stock,,A4TECH,"KR-83 PS2",650,2014-05-24,,,,MIS,LWR,,SDL,,,,,,,,,,,,,,,,,
BD-01651,11004000143,NA,SDLL276A,Computer,Laptop,Assigned,2CE4080J4M,HP,"Probook 440 G1","68,000",2014-03-12,"Smart Technologies",,"Amitabh Roy","Marketing & Merchandising",LWR,SIL,SDL,aroy,,,"Intelï¿½ Core ï¿½ i5 -4200M",2.5,480,,8192,,,,"WIN10 Pro",2021-06-26,B-253,"WIN 8.1 Pro",JC2JN-48RJK-2J6XG-YY2WK-9HHPQ,"Motherboard replaced by Khan Brothers in December 2020"
BD-01652,,,"Ex. SDLL148A",Computer,Laptop,Disposed,,HP,"Probook 4321s","54,000",2013-01-01,,,,MIS,LWR,,SDL,,,,"Intel® Core™ i3-M350",2.27,,320,2048,,,,"WIN7 Pro",,,"WIN 7 Pro",VPMSM-YDPKV-JTOR4R-QPH0J-VR4MK,
BD-01653,,,10.140.40.30,Phone,CIPT,Stock,FCH10068GX4,Cisco,7960,"4,000",2014-06-28,,,,MIS,SWR,,SDL,,,,,,,,,,10.140.40.30,,,,,,,"Sent by uk spw( Emma) (IP Adress 10.140.40.18)"
BD-01654,,,,"Computer Accessories",Mouse,Disposed,1348S055MS8,Logitech,B-100,450,2014-06-26,,,,MIS,LWR,,SDL,,,,,,,,,,,,,,,,,"PR582, Khan Brothers, (Challan No:485/2014), Date: 26th June, 2014(warranty 3years)"
BD-01655,,1,,"Computer Accessories",Mouse,Disposed,1348S055NE8,Logitech,B-100,450,2014-06-26,,,"Lutfor Rahman2",Cutting,LWR,SDL,SDL,lurahman,,,,,,,,,,,,,,,,"PR582, Khan Brothers, (Challan No:485/2014), Date: 26th June, 2014(warranty 3years)"
BD-01656,,,,"Computer Accessories",Mouse,Disposed,1348S055MM8,Logitech,B-100,450,2014-06-26,,,,MIS,LWR,,SDL,,,,,,,,,,,,,,,,,
BD-01657,,,,"Computer Accessories",Keyboard,Assigned,1411MG00P9G8,Logitech,K120,600,2014-06-26,,,"Monju Murshid",IE,LWR,,SDL,mmurshid,,,,,,,,,,,,,,,,"PR582, Khan Brothers, (Challan No:485/2014), Date: 26th June, 2014(warranty 3years)"
BD-01658,,,,"Computer Accessories",Keyboard,Disposed,1410MG00TSD8,Logitech,K120,650,2014-05-24,,,,MIS,LWR,,SDL,,,,,,,,,,,,,,,,,
BD-01659,11004000108,n/a,SDLD368C,Computer,Desktop,Assigned,DWLK102,Dell,"Optiplex 3020","48,000",2014-07-19,,,"Saharia Shaiket",Commercial,LWR,SIL,SDL,sshaiket,,,"Intel ï¿½ Core ï¿½ i5 ",3.20,,500,"8192 ",,,,"WIN10 Pro",2021-04-12,,"WIN 8.1 Pro",NMPQQ-9FB4C-6GWRR-PDYVB-XBRW3,
BD-01660,,,,Display,Monitor,Disposed,CN-0X0T4K-72872-3CO-DFRB,DELL,E1914H,"8,600",2014-07-19,,,,MIS,LWR,,SDL,,,,,,,,,,,,,,,,,"PR597, Smart Technologi (Challan no. SDLDEW_2014_658) Date 19th July, 2014 (warranty 3 Years)"
BD-01661,11004000114,n/a,SDLP035,Printer,Printer,Service,CNHST07048,HP,"Color Laserjet CP2025n","56,000",2008-06-30,,,"SIL MIS Room",MIS,LWR,SIL,SDL,,,,,,,,,,10.140.7.35,,,,,,,
BD-01662,11004000109,n/a,SDLD369D,Computer,Desktop,"Need to Dispose",JNGK102,Dell,"Optiplex 3020","48,000",2014-07-19,,,"Mojahedul Islam",Maintenance,SWR,SDL,SDL,mojislam,,,"Intel ï¿½ Core ï¿½ i5 ",3.20,,500,"4096 ",,,,"WIN10 Pro",2021-01-01,,"WIN 8.1 Pro",76W33-NHY8K-YQDMD-VT3B8-JFFW3,"PR597 Smart Technologi Challan no SDLDEW2014658 Date 19th July 2014 warranty 3 Years"
BD-01663,,,,Display,Monitor,Assigned,CN-0X0T4K-72872-3C7-F25U,DELL,E1914H,"8,600",2014-09-06,,,"Mostafizur Rahman",Cutting,LWR,,SDL,mosrahman,,,,,,,,,,,,,,,,"PR597, Smart Technologi (Challan no. SDLDEW_2014_658) Date 19th July, 2014 (warranty 3 Years)"
BD-01664,11004000110,n/a,SDLD370B,Computer,Desktop,Assigned,1JFK102,Dell,"Optiplex 3020","48,000",2014-07-19,,,"Abdullah Alnoman",Store,LWR,SIL,SDL,aalnoman,,,"Intel ï¿½ Core ï¿½ i5 ",3.20,,1024,"8192 ",,,,"WIN10 Pro",2021-09-01,,"WIN 8.1 Pro",NH3M7-QX48Q-733VF-H6JKB-YWP6D,"PR597, Smart Technologi (Challan no. SDLDEW_2014_658) Date 19th July, 2014 (warranty 3 Years)"
BD-01665,,,,Display,Monitor,Assigned,CN-0X0T4K-72872-3C9-DJHU,DELL,E1914H,"8,600",2014-07-19,,,"Israt Jahan",IE,LWR,,SDL,ijahan,,,,,,,,,,,,,,,,"PR597, Smart Technologi (Challan no. SDLDEW_2014_658) Date 19th July, 2014 (warranty 3 Years)"
BD-01666,210011000000,,SDLP040,Printer,Printer,Disposed,E72405G4F435952,Brother,MFC-J3520,"26,000",2014-10-01,," ",,MIS,LWR,"SIL Server room",SDL,,,,,,,,,,,,,,,,,"GOT From DBO"
BD-01667,210011000001,n/a,SDLP037,Printer,Printer,Disposed,E72405C4F393179,Brother,MFC-J3520,"26,000",2014-09-06,,,"Nike Merchandising","Marketing & Merchandising",LWR,SDL,SDL,"Nike Merchandising",,,,,,,,,,,,,,,,"PR607, Global Brands Bangaldesh Date 6th September (Warrenty 1 Year)"
BD-01668,11004000111,n/a,SDLD386B,Computer,Desktop,Assigned,HKKK102,Dell,"Optiplex 3020","48,000",2014-07-19,,,"Shamim Sarwer",MNT,LWR,SIL,SDL,ssarwer,,,"Intel ï¿½ Core ï¿½ i5 ",3.20,,500,4096,,,,"WIN10 Pro",,,"WIN 8.1 Pro",HNC6R-9MW78-RJ8HW-6RDDF-HQVPQ,
BD-01669,11004000112,n/a,SDLD388B,Computer,Desktop,Assigned,HRJK102,Dell,"Optiplex 3020","48,000",2014-02-15,,,"Jakir Hossain 2",Finishing,LWR,SDL,SDL,jhossain2,,,"Intel ï¿½ Core ï¿½ i5 ",3.20,"250 GB",,"4096 ",,,,"WIN10 Pro",,,"WIN 8.1 Pro","OEM STICKER MISSING","PR597, Smart Technologi (Challan no. SDLDEW_2014_658) Date 19th July, 2014 (warranty 3 Years)
SSD installed date-24/3/2024"
BD-01670,11004000217,n/a,SDLD475A,Computer,Desktop,Assigned,41NK102,Dell,"Optiplex 3020","48,000",2014-07-19,,,"Fazlur Rahman",Quality,LWR,SIL,SDL,farahman,,,"Intel ï¿½ Core ï¿½ i5 ",3.20,,500,8192,,,,"WIN10 Pro",,,"Win 10 Pro",CM92M-NHTK9-64MTF-7KTKT-FVV24,"PR597, Smart Technologi (Challan no. SDLDEW_2014_658) Date 19th July, 2014 (warranty 3 Years)"
BD-01671,11004000218,n/a,SDLD393B,Computer,Desktop,Assigned,8LHK102,Dell,"Optiplex 3020","48,000",2014-07-19,,,"Asiful Islam",Cutting,LWR,SIL,SDL,asiislam,,,"Intel  Core i5 ",3.20,,500,8192,,,,"WIN10 Pro",2020-09-22,,"WIN 8.1 Pro",WC7KC-C3NWB-66293-38YPK-66MCQ,
BD-01672,,NA,,Computer,Desktop,"Need to Dispose",D2JK102,Dell,"Optiplex 3020","48,000",2014-07-19,,,,MIS,LWR,SDL,SDL,,,,"Intel ï¿½ Core ï¿½ i5 ",3.20,,500,"4096 ",,,,"WIN7 Pro",,,"PC 8.1 pro",,
BD-01673,11004000219,n/a,SDLD390B,Computer,Desktop,Assigned,F2PK102,Dell,"Optiplex 3020","48,000",2014-07-19,,,"Sultan Mahmud",Operations,LWR,SIL,SDL,smahmud,,,"Intel ï¿½ Core ï¿½ i5 ",3.20,,500,8192,,,,"WIN10 Pro",2020-08-20,,"WIN 8.1 Pro",FKTBN-792KQ-PFDDR-FH494-FCYCQ,
BD-01674,,,,CCTV,"DOME CAMERA",Disposed,2300324,Jovision,JVS-N4DL-AL,6000/=,,"STS Automantion",PR-1002,,MIS,LWR,,SDL,,,,,,,,,,,,,,,,,
BD-01675,,,,CCTV,"DOME CAMERA",Assigned,07030116062300323,Jovision,JVS-N4DL-AL,6000/=,,"STS Automantion",,,MIS,LWR,,SDL,,,`,,,,,,,,,,,,,,
BD-01676,,n/a,SDLD409D,Computer,Desktop,Service,JZHK102,Dell,"Optiplex 3020",6000/=,2016-08-24,"STS Automantion",,"MD Zakaria",Cutting,LWR,SDL,SDL,mzakaria,,,"Intel ï¿½ Core ï¿½ i5 ",3.20,,500,8192,,,,"WIN10 Pro",2020-09-22,,"WIN 8.1 Pro",8NKR6-CBTPP-QDD9C-YFGV6-D3VPQ,"PR597 Smart Technologi Challan no SDLDEW2014658 Date 19th July 2014 warranty 3 Years"
BD-01677,11004000220,,SDLD371B,Computer,Desktop,Assigned,2ZFK102,Dell,"Optiplex 3020","48,000",2014-07-19,,,"Abdur Razzak2",Embroidery,SWR,,SDL,abrazzak,,,"Intel ® Core ™ i5 ",3.20,,500,"4096 ",,,,"WIN10 Pro",,,"WIN 8.1 Pro",2QNKM-CDG84-FMT4X-3GHHB-7MGTD,"PR597, Smart Technologi (Challan no. SDLDEW_2014_658) Date 19th July, 2014 (warranty 3 Years)"
BD-01678,21004000191,n/a,SDLD382A,Computer,Desktop,Assigned,H7GK102,Dell,"Optiplex 3020","48,000",2014-11-29,,,"Rubel Miah",IE,LWR,SDL,SDL,rmiah,,,"Intel  Core  i5 ",3.20,,500,"4096 ",,,,"WIN10 Pro",,,"WIN 8.1 Pro",JBTFB-NDJWY-FGBQ7-7YG74-WFFW3,"PR597, Smart Technologi (Challan no. SDLDEW_2014_658) Date 19th July, 2014 (warranty 3 Years)"
BD-01679,,,,Display,Monitor,Assigned,CN-0X0T4K-72872-3C9-E5JU,DELL,E1914H,"8,600",2014-07-19,,,"Acktura Jaman",IE,LWR,,SDL,ajaman,,,,,,,,,,,,,,,,"PR597, Smart Technologi (Challan no. SDLDEW_2014_658) Date 19th July, 2014 (warranty 3 Years)"
BD-01680,,,,Display,Monitor,Disposed,CN-0X0T4K-72872-3C7-AOUU,DELL,E1914H,"8,600",2014-07-19,,,,MIS,LWR,,SDL,,,,,,,,,,,,,,,,,
BD-01681,,,,CCTV,"DOME CAMERA",Assigned,2300261,Jovision,JVS-N4DL-AL,6000/=,,"STS Automantion",PR-1002,,MIS,LWR,,SDL,,,,,,,,,,,,,,,,,
BD-01682,,n/a,,Display,Monitor,Disposed,CN-0X0T4K-72872-3CB-AP5U,DELL,E1914H,6000/=,1900-01-01,"STS Automantion",,"Arif Moinuddin",PCC,SWR,SDL,SDL,amoinuddin,,,,,,,,,,,,,,,,"PR597, Smart Technologi (Challan no. SDLDEW_2014_658) Date 19th July, 2014 (warranty 3 Years)"
BD-01683,,2,,Display,Monitor,Assigned,CN-0X0T4K-72872-3C7-C48U,Dell,E1912HF,"8,600",2014-07-19,,,"Hachibur Rahaman",Commercial,LWR,SIL,SDL,hrahaman,,,,,,,,,,,,,,,,
BD-01684,,,,CCTV,"DOME CAMERA",Assigned,2300264,Jovision,JVS-N4DL-AL,6000/=,,"STS Automantion",PR-1002,,MIS,LWR,,SDL,,,,,,,,,,,,,,,,,
BD-01685,,,,Display,Monitor,Disposed,CN-0X0T4K-72872-3CO-DMMB,DELL,E1914H,6000/=,2014-07-19,"STS Automantion",,,MIS,LWR,,SDL,,,,,,,,,,,,,,,,,"PR597, Smart Technologi (Challan no. SDLDEW_2014_658) Date 19th July, 2014 (warranty 3 Years)"
BD-01686,,,,Display,Monitor,Disposed,CN-0X0T4K-72872-3CO-DMOB,DELL,E1914H,"8,600",2014-07-19,,,,MIS,LWR,,SDL,,,,,,,,,,,,,,,,,
BD-01687,,1,,Display,Monitor,"Need to Dispose",CN-0X0T4K-72872-3C7-A18U,DELL,E1914H,"8,600",2014-07-19,,,"Shamim Hossain",Finishing,LWR,Portlink,Portlink,shamhossain,,,,,,,,,,,,,,,,"PR597, Smart Technologi (Challan no. SDLDEW_2014_658) Date 19th July, 2014 (warranty 3 Years)"
BD-01688,,,,Display,Monitor,Assigned,CN-0X0T4K-72872-3CA-A2WU,DELL,E1914H,"8,600",2014-07-19,,,"Shahidul Islam2","Store ",LWR,,SDL,sislam2,,,,,,,,,,,,,,,,"PR597, Smart Technologi (Challan no. SDLDEW_2014_658) Date 19th July, 2014 (warranty 3 Years)"
BD-01689,,,,Display,Monitor,Assigned,CN-0X0T4K-72872-3CO-DEGB,Dell,E1912HF,"8,600",2014-07-19,,,"Nahid Sultana",HR,LWR,SDL,SDL,nsultana,,,,,,,,,,,,,,,,"Need New Asset Number"
BD-01690,,,,UPS,UPS,Stock,E1405037383,NPS,EA2120,"4,800",2014-08-30,,,,MIS,SWR,,SDL,,,,,,,,,,,,,,,,,"PR604,605,606, Neumaric Technologies Date 30th August, 2014 (Warrenty 1 year)"
BD-01691,,,,UPS,UPS,Assigned,E1405037384,NPS,EA2120,"4,800",2014-08-30,"Neumeric tech",,"Masum Billah",HR,LWR,,SDL,mbillah,,,,,,,,,,,,,,,,"PR604,605,606, Neumaric Technologies Date 30th August, 2014 (Warrenty 1 year)"
BD-01692,,,,UPS,UPS,Assigned,E1405036744,NPS,EA2120,"4,800",2014-08-30,,,"Shefat Jahan",HR,LWR,,SDL,shjahan,,,,,,,,,,,,,,,,"PR604,605,606, Neumaric Technologies Date 30th August, 2014 (Warrenty 1 year)"
BD-01693,,,,UPS,UPS,Assigned,E1405037185,NPS,EA2120,"4,800",2014-08-30,,,"Shamim Hossain",Finishing,LWR,Portlink,Portlink,shamhossain,,,,,,,,,,,,,,,,"PR604,605,606, Neumaric Technologies Date 30th August, 2014 (Warrenty 1 year)"
BD-01694,,,,UPS,UPS,Assigned,E1405037379,NPS,EA2120,"4,800",2014-06-04,,,surana+maiiislam,Cutting,LWR,,SDL,surana+maiiislam,,,,,,,,,,,,,,,,"PR604,605,606, Neumaric Technologies Date 30th August, 2014 (Warrenty 1 year)"
BD-01695,,,,UPS,UPS,Disposed,E1405037380,NPS,EA2120,"4,800",2014-08-30,,,,MIS,LWR,,SDL,,,,,,,,,,,,,,,,,"PR604,605,606, Neumaric Technologies Date 30th August, 2014 (Warrenty 1 year)"
BD-01696,,,,UPS,UPS,Assigned,E1405037382,NPS,EA2120,"4,800",2014-08-30,,,BMT,BMT,LWR,,SDL,BMT,,,,,,,,,,,,,,,,"PR604,605,606, Neumaric Technologies Date 30th August, 2014 (Warrenty 1 year)"
BD-01697,,1,,UPS,UPS,Assigned,E1405037381,NPS,EA2120,"4,800",2014-08-30,,,"Arafath Shuvo2",Cutting,LWR,SDL,SDL,arshuvo,,,,,,,,,,,,,,,,
BD-01698,,n/a,,UPS,UPS,Disposed,E1405036749,NPS,EA2120,"4,800",2014-08-30,,,"Abdullah Mamun2","Industrial Engineering",LWR,SIL,SDL,abmamun,,,,,,,,,,,,,,,,
BD-01699,,,,UPS,UPS,Disposed,E1405036750,NPS,EA2120,"4,800",2014-08-30,,,,MIS,LWR,,SDL,,,,,,,,,,,,,,,,,
BD-01700,,,,UPS,UPS,Disposed,E1405037136,NPS,EA2120,"4,800",2014-08-30,,,,MIS,LWR,,SDL,,,,,,,,,,,,,,,,,
BD-01701,,,,UPS,UPS,Disposed,E1405037135,NPS,EA2120,"4,800",2014-08-30,,,,MIS,LWR,,SDL,,,,,,,,,,,,,,,,,
BD-01702,,,,UPS,UPS,Assigned,E1405037409,NPS,EA2120,"4,800",2014-08-30,,,"Abdus Salam2",PCC,LWR,,SDL,absalam,,,,,,,,,,,,,,,,"PR604,605,606, Neumaric Technologies Date 30th August, 2014 (Warrenty 1 year)"
BD-01703,,n/a,,UPS,UPS,Assigned,E1405037408,NPS,EA2120,"4,800",2014-08-30,,,"Rashedul Hasan","Human Resource",LWR,SDL,SDL,rashasan,,,,,,,,,,,,,,,,"PR604,605,606, Neumaric Technologies Date 30th August, 2014 (Warrenty 1 year)"
BD-01704,,,,UPS,UPS,Assigned,E1405036726,NPS,EA2120,"4,800",2014-08-30,,,BMT,BMT,LWR,,SDL,BMT,,,,,,,,,,,,,,,,"PR604,605,606, Neumaric Technologies Date 30th August, 2014 (Warrenty 1 year)"
BD-01705,,,,UPS,UPS,Disposed,E1405036725,NPS,EA2120,"4,800",2014-08-30,,,,MIS,LWR,,SDL,,,,,,,,,,,,,,,,,
BD-01706,,,,UPS,UPS,Assigned,E1405037387,NPS,EA2120,"4,800",2014-08-30,,,BMT,BMT,LWR,,SDL,BMT,,,,,,,,,,,,,,,,"PR604,605,606, Neumaric Technologies Date 30th August, 2014 (Warrenty 1 year)"
BD-01707,,,,UPS,UPS,Disposed,E1405037386,NPS,EA2120,"4,800",2014-08-30,,,,MIS,LWR,,SDL,,,,,,,,,,,,,,,,,"PR604,605,606, Neumaric Technologies Date 30th August, 2014 (Warrenty 1 year)"
BD-01708,,1,,UPS,"UPS ",Disposed,E1405037405,NPS,EA2120,"4,800",2014-06-04,,,"CAD Rack",MIS,LWR,"SIL CAD rack",SDL,"SIL CAD rack",,,,,,,,,,,,,,,,
BD-01709,,N/A,,UPS,UPS,Assigned,E1405037404,NPS,EA2120,"4,800",2014-06-04,,,"Faruqur Rahman(Loc-30)",Cutting,LWR,SIL,SDL,farahman,,,,,,,,,,,,,,,,
BD-01710,,,,UPS,UPS,Assigned,E1405036873,NPS,EA2120,"4,800",2014-06-04,,,"Mohammad Hamidul",Finance,LWR,,SDL,mhamidul,,,,,,,,,,,,,,,,
BD-01711,,,,UPS,UPS,Assigned,E1405036874,NPS,EA2120,"4,800",2014-08-30,,,BMT,BMT,LWR,,SDL,BMT,,,,,,,,,,,,,,,,"PR604,605,606, Neumaric Technologies Date 30th August, 2014 (Warrenty 1 year)"
BD-01712,21004000192,n/a,SDLD372A,Computer,Desktop,Assigned,GRLK102,Dell,"Optiplex 3020","48,000",2014-07-19,,,"Hafijur Rahman","Industrial Engineering",LWR,SDL,SDL,harahman,,,"Intel ï¿½ Core ï¿½ i5 ",3.20,,500,4096,,,,"WIN10 Pro",,,"WIN 8.1 Pro",46N6M-MFK98-JKMCV-FMPK6-Y97PQ,
BD-01713,,,,Display,Monitor,Assigned,CN-0X0T4K-72872-3CB-APJU,Dell,E1912HF,"8,600",2014-07-19,,,"Alemul Islam",IE,LWR,,SDL,alislam,,,,,,,,,,,,,,,,
BD-01714,41004000037,na,SDLD472A,Computer,Desktop,Assigned,CJFK102,Dell,"Optiplex 3020","48,000",2014-07-19,,,"Miran Chandra",Fabric,LWR,SIL,SDL,mchandra,,,"Intel ï¿½ Core ï¿½ i5 ",3.20,,500,"4096 ",,,,"WIN10 Pro",2020-06-20,,"WIN 8.1 Pro",2TT6N-W4H88-TDBF9-YQKRP-XTMCQ,"PR597, Smart Technologi (Challan no. SDLDEW_2014_658) Date 19th July, 2014 (warranty 3 Years)"
BD-01715,,n/a,,Display,Monitor,Assigned,CN-0X0T4K-72872-3CB-A90U,Dell,E1912HF,"8,600",2014-07-19,,,,"Human Resource",LWR,SWL,SDL,,,,,,,,,,,,,,,,,
BD-01716,41004000038,n/a,SDLD374B,Computer,Desktop,Assigned,4YFK102,Dell,"Optiplex 3020","48,000",2014-07-19,,,"Rasel Hosen",Store,LWR,SDL,SDL,rhossen,,,"Intel  Core i5 ",3.20,,500,8192,,,,"WIN10 Pro",2021-03-28,,"WIN 8.1 Pro",KJ2R3-NGQF7-Y8HY7-2P346-QYGTD,
BD-01717,,,,Display,Monitor,Assigned,CN-0X0T4K-72872-3CB-A8WU,Dell,E1912HF,"8,600",2014-07-19,,,"Sufia Begum",IE,LWR,,SDL,sbegum,,,,,,,,,,,,,,,,
BD-01718,11004000161,n/a,,Printer,Printer,Assigned,69J141200502,Zebra,"105SL PLUS","200,000",2014-09-20,,,"Md Rubel",Finishing,LWR,SIL,SDL,mrubel,,,,,,,,,,,,,,,,"PR610, Ganarel Automation (Warrenty 1 year)"
BD-01719,11004000057,n/a,SDLD375A,Computer,Desktop,Assigned,3BGK102,Dell,"Optiplex 3020","48,000",2014-07-19,,,"Sazzadur Rahman,",Commercial,LWR,SIL,SDL,sarahman,,,"Intel ï¿½ Core ï¿½ i5 ",3.20,,500,4096,,,,"WIN10 Pro",,,"WIN 8.1 Pro",KHDNM-CXY8G-RXGCV-C38MK-3RQ2Q,
BD-01720,,,,Display,Monitor,Assigned,CN-0X0T4K-72872-3CO-DL8B,Dell,E1912HF,"8,600",2014-07-19,,,"Mohiuddin Ahmed",Commercial,LWR,,SDL,mahmed,,,,,,,,,,,,,,,,
BD-01721,11004000058,,SDLD376A,Computer,Desktop,Assigned,G2JK102,Dell,"Optiplex 3020","48,000",2014-07-19,,,"Kamal Hossen",Sample,LWR,,SDL,khossen,,,"Intel ® Core ™ i5 ",3.20,,500,4096,,,,"WIN10 Pro",,,"WIN 8.1 Pro",TCNP9-DBTVG-4QX7V-T6VXP-3YGTD,
BD-01722,,,,Display,Monitor,Assigned,CN-0X0T4K-72872-3C7-C5CU,Dell,E1912HF,"8,600",2014-07-19,,,"Kamal Hossen",Sample,LWR,,SDL,khossen,,,,,,,,,,,,,,,,
BD-01723,11004000059,n/a,SDLD377E,Computer,Desktop,"Need to Dispose",CBGK102,Dell,"Optiplex 3020","48,000",2014-07-19,,,"Samol Roy",Prodcution,LWR,SDL,SDL,sroy,,,"Intel Core i5 ",3.20,,1024,8192,,,,"WIN10 Pro",2020-11-03,,"WIN 8.1 Pro",GV6HW-NFFJH-Y6QXC-27BQV-3JY83,"PR597 Smart Technologi Challan no SDLDEW2014658 Date 19th July 2014 warranty 3 Years3rd Nov2020 checked CPU fan is not functional"
BD-01724,,1,,Display,Monitor,"Need to Dispose",CN-0X0T4K-72872-3CO-DMPB,DELL,E1914H,"8,600",2014-07-19,,,"Rakibul Islam/Dulal Chandro",Store,LWR,SWL,SDL,rislam/dchandro,,,,,,,,,,,,,,,,
BD-01725,11004000060,1,SDLD378C,Computer,Desktop,Assigned,JCKK102,Dell,"Optiplex 3020","48,000",2014-07-19,,,"Toufiqul Islam",Operation,LWR,SIL,"Shanta Denim Limited",toislam,,,"Intel ï¿½ Core ï¿½ i5 ",3.20,"250 GB",,8192,,,,"WIN10 Pro",2022-10-08,,"WIN 8.1 Pro",NC298-Y4GY2-GCJX2-KDPY3-49BCQ,
BD-01726,,n/a,,Display,Monitor,Assigned,CN-0X0T4K-72872-3C7-F9PU,Dell,E1912HF,"8,600",2014-07-19,,,"Asish Gain",Fabric,LWR,SIL,SDL,again,,,,,,,,,,,,,,,,
BD-01727,11004000061,n/a,SDLD379A,Computer,Desktop,Assigned,8NHK102,Dell,"Optiplex 3020","48,000",2014-07-19,,,"Billal Hossain",Finance,LWR,SIL,SDL,bihossain,,,"Intel ï¿½ Core ï¿½ i5 ",3.20,,500,8192,,,,"WIN10 Pro",,,"WIN 8.1 Pro",87DY7-GNGW8-3K87F-D29KR-W8D2Q,
BD-01728,,n/a,,Display,Monitor,"Need to Dispose",CN-0X0T4K-72872-3CB-A95U,Dell,E1912HF,"8,600",2014-07-19,,,"Abul Bashar ",Sample,LWR,SIL,SDL,abashar,,,,,,,,,,,,,,,,
BD-01729,11004000071,n/a,,Projector,"Projector ",Service,F4DH07113,HITACHI,CP-EX300,"33,500",2013-03-06,,,,MIS,LWR,SDL,SDL,,,,,,,,,,,,,,,,,"PR611, Ryans Computer, Date 10th sep-2014 (warranty-1 Years)
Last serviced on 6 sept 2022 by Dynamic tech bd "
BD-01730,,,,Phone,CIPT,Stock,FCH10068GYS,Cisco,7940,"3,500",2009-03-02,,,,MIS,SWR,,SDL,,,,,,,,,,,,,,,,,"""MAC: 00170ec84ee9,OFFLINE NUMBER: 7015, IP: 10.140.40.7, @ 09/30/2014,Division: SWR, Sent by Emma (UK)"
BD-01731,,,SDLL149,Computer,Laptop,Disposed,"CNU8363W TS",HP,"Compaq 2230s","22,000",2008-06-02,,,,MIS,LWR,,SDL,,,,"Intel® Core ™ 2 Duo-T5670",1.8,,250,2048,,,,"WIN7 Pro",,,"WIN Vista Buiness",HQJX6-8CW76-V8XXJ-KBC6C-P7DGH,
BD-01732,21004000172,n/a,SDLP038,Printer,"Printer ",Disposed,E72405F4F330295,"Brother ",MFC-J3520,"26,000",2014-10-20,,,"PCC ALL",PCC,SWR,SDL,SDL,common,,,,,,,,,,,,,,,,"Assigned @ 02/102014, Purchased from Global Brand Limited, Ink -  "
BD-01733,,,,"Computer Accessories",Mouse,Disposed,1418HS063RA8,Logitech,B-100,450,2014-06-26,,,,MIS,LWR,,SDL,,,,,,,,,,,,,,,,,
BD-01734,,1,,"Computer Accessories",Mouse,Disposed,1348HS055MJ8,Logitech,B-100,450,2014-06-26,,,"Khondokar Rahman","Marketing & Merchandising",LWR,SDL,SDL,krahman,,,,,,,,,,,,,,,,
BD-01735,,,,Network,Switch,Disposed,L6DV3SAFB30C0,3Com,"4400 SE 24 PT ","11,000",2014-06-26,,,,MIS,LWR,,SDL,,,,,,,,,,,,,,,,,
BD-01736,11004000062,n/a,SDLD384C,Computer,Desktop,"Need to Dispose",2HHK102,Dell,"Optiplex 3020","48,000",2014-07-19,,,,MIS,LWR,SWL,SDL,,,,"Intel ï¿½ Core ï¿½ i5 ",3.20,,500,4096,,,,"WIN10 Pro",,,"WIN 8.1 Pro",YVFN4-RCBY9-48MW8-PWQXY-HT8J3,
BD-01737,,n/a,,Display,Monitor,Assigned,CN-0X0T4K-72872-3CB-AALU,Dell,E1914HF,"8,600",2014-07-19,,,"Kamrul Hasan",Fabric,LWR,SIL,SDL,kahasan,,,,,,,,,,,,,,,,
BD-01738,11004000063,n/a,SDLD385B,Computer,Desktop,Assigned,6QGK102,Dell,"Optiplex 3020","48,000",2014-07-19,,,"Zahangir Alam",Store,LWR,SIL,SDL,zaalam,,,"Intel ï¿½ Core ï¿½ i5 ",3.20,,500,8192,,,,"WIN10 Pro",2020-11-11,,"WIN 8.1 Pro",7WN8H-27MYJ-TXC6T-VJVWW-82M83,
BD-01739,,n/a,,Display,Monitor,"Need to Dispose",CN-0X0T4K-72872-3C7-A0UU,Dell,E1912HF,"8,600",2014-07-19,,,"Azwad Safwan","Marketing & Merchandising",LWR,SIL,SDL,asafwan,,,,,,,,,,,,,,,,
BD-01740,,,,Network,Switch,Assigned,L6DV4TBF4A440,3Com,"4400 SE 24 PT ","11,000",2004-05-20,,,,MIS,LWR,,SDL,,,,,,,,,,,,,,,,,"Sara Brought from Malaysia"
BD-01741,,,,Computer,Laptop,Disposed,8B093229H,Toshiba,"Portege R830-13C","60,000",2014-05-04,,,"EX- Taniahaque Mukta",Compliance,LWR,SDL,SDL,,,,"Intel® Core ™  i5",2.5,1024,,8192,,,,"WIN10 Pro",,B-017,"WIN 7 Pro",,"Transferred from Winsford with Pahollins"
BD-01742,,,,Network,Switch,Disposed,AB/9WQC980064645,3Com,"Baseline 2824","11,000",2004-05-20,,,"SDL Server room Rack2",MIS,LWR,,SDL,System,,,,,,,,,,,,,,,,
BD-01743,,,SDLCAM1,CCTV,"CCTV Camera",Assigned,QHPG1406040228,QVIS,P400-1000-V2G,"8,000",2014-01-10,,,,MIS,LWR,,SDL,Security,,,,,,,,,,,,,,,,
BD-01744,,,SDLCAM2,CCTV,"CCTV Camera",Assigned,QHPG1406041163,QVIS,P400-1000-V2G,"8,000",2014-01-10,,,,MIS,LWR,,SDL,Security,,,,,,,,,,,,,,,,
BD-01745,,,SDLCAM3,CCTV,"CCTV Camera",Assigned,QHPG1406040805,QVIS,P400-1000-V2G,"8,000",2014-01-10,,,,MIS,LWR,,SDL,Security,,,,,,,,,,,,,,,,
BD-01746,,,SDLCAM4,CCTV,"CCTV Camera",Assigned,QHPG1406041194,QVIS,P400-1000-V2G,"8,000",2014-01-10,,,,MIS,LWR,,SDL,Security,,,,,,,,,,,,,,,,
BD-01747,,,SDLCAM5,CCTV,"CCTV Camera",Assigned,QHPG1406040004,QVIS,P400-1000-V2G,"8,000",2014-01-10,,,,MIS,LWR,,SDL,Security,,,,,,,,,,,,,,,,
BD-01748,,,SDLCAM6,CCTV,"CCTV Camera",Assigned,QHPG1406041191,QVIS,P400-1000-V2G,"8,000",2014-01-10,,,,MIS,LWR,,SDL,Security,,,,,,,,,,,,,,,,
BD-01749,,,SDLCAM7,CCTV,"CCTV Camera",Assigned,QHPG1406041175,QVIS,P400-1000-V2G,"8,000",2014-01-10,,,,MIS,LWR,,SDL,Security,,,,,,,,,,,,,,,,
BD-01750,,,SDLCAM8,CCTV,"CCTV Camera",Assigned,QHPG1406041212,QVIS,P400-1000-V2G,"8,000",2014-01-10,,,,MIS,LWR,,SDL,Security,,,,,,,,,,,,,,,,
BD-01751,,,SDLCAM9,CCTV,"CCTV Camera",Assigned,QHPG1406041192,QVIS,P400-1000-V2G,"8,000",2014-01-10,,,,MIS,LWR,,SDL,Security,,,,,,,,,,,,,,,,
BD-01752,,,SDLCAM10,CCTV,"CCTV Camera",Disposed,QHPG1406041179,QVIS,P400-1000-V2G,"8,000",2014-01-10,,,,MIS,LWR,,SDL,Security,,,,,,,,,,,,,,,,
BD-01753,,,SDLCAM11,CCTV,"CCTV Camera",Disposed,QHPG1406041518,QVIS,P400-1000-V2G,"8,000",2014-01-10,,,,MIS,LWR,,SDL,Security,,,,,,,,,,,,,,,,
BD-01754,,,SDLCAM12,CCTV,"CCTV Camera",Assigned,QHPG1406041511,QVIS,P400-1000-V2G,"8,000",2014-01-10,,,,MIS,LWR,,SDL,Security,,,,,,,,,,,,,,,,
BD-01755,,,SDLCAM13,CCTV,"CCTV Camera",Assigned,QHPG1406041558,QVIS,P400-1000-V2G,"8,000",2014-01-10,,,,MIS,LWR,,SDL,Security,,,,,,,,,,,,,,,,
BD-01756,,,SDLCAM14,CCTV,"CCTV Camera",Assigned,QHPG1406041230,QVIS,P400-1000-V2G,"8,000",2014-01-10,,,,MIS,LWR,,SDL,Security,,,,,,,,,,,,,,,,
BD-01757,,,SDLCAM15,CCTV,"CCTV Camera",Assigned,QHPG1406040011,QVIS,P400-1000-V2G,"8,000",2014-01-10,,,,MIS,LWR,,SDL,Security,,,,,,,,,,,,,,,,
BD-01758,,,SDLCAM16,CCTV,"CCTV Camera",Assigned,QHPG1406040012,QVIS,P400-1000-V2G,"8,000",2014-01-10,,,,MIS,LWR,,SDL,Security,,,,,,,,,,,,,,,,
BD-01759,,,SDLCAM17,CCTV,"CCTV Camera",Assigned,QHPG1406041125,QVIS,P400-1000-V2G,"8,000",2014-01-10,,,,MIS,LWR,,SDL,Security,,,,,,,,,,,,,,,,
BD-01760,,,SDLCAM18,CCTV,"CCTV Camera",Assigned,QHPG1406040005,QVIS,P400-1000-V2G,"8,000",2014-01-10,,,,MIS,LWR,,SDL,Security,,,,,,,,,,,,,,,,
BD-01761,,,SDLCAM19,CCTV,"CCTV Camera",Assigned,QHPG1406040008,QVIS,P400-1000-V2G,"8,000",2014-01-10,,,,MIS,LWR,,SDL,Security,,,,,,,,,,,,,,,,
BD-01762,,,SDLCAM20,CCTV,"CCTV Camera",Assigned,QHPG1406041204,QVIS,P400-1000-V2G,"8,000",2014-01-10,,,,MIS,LWR,,SDL,Security,,,,,,,,,,,,,,,,
BD-01763,,,SDLCAM21,CCTV,"CCTV Camera",Assigned,QHPG1406040247,QVIS,P400-1000-V2G,"8,000",2014-01-10,,,,MIS,LWR,,SDL,Security,,,,,,,,,,,,,,,,
BD-01764,,,SDLCAM22,CCTV,"CCTV Camera",Stock,QHPG1406040554,QVIS,P400-1000-V2G,"8,000",2014-01-10,,,,MIS,LWR,,SDL,Security,,,,,,,,,,,,,,,,
BD-01765,,,SDLCAM23,CCTV,"CCTV Camera",Assigned,QHPG1406040775,QVIS,P400-1000-V2G,"8,000",2014-01-10,,,,MIS,LWR,,SDL,Security,,,,,,,,,,,,,,,,
BD-01766,,,SDLCAM24,CCTV,"CCTV Camera",Assigned,QHPG1406040783,QVIS,P400-1000-V2G,"8,000",2014-01-10,,,,MIS,LWR,,SDL,Security,,,,,,,,,,,,,,,,
BD-01767,,,SDLCAM25,CCTV,"CCTV Camera",Assigned,QHPG1406040788,QVIS,P400-1000-V2G,"8,000",2014-01-10,,,,MIS,LWR,,SDL,Security,,,,,,,,,,,,,,,,
BD-01768,,,SDLCAM26,CCTV,"CCTV Camera",Assigned,QHPG1406041183,QVIS,P400-1000-V2G,"8,000",2014-01-10,,,,MIS,LWR,,SDL,Security,,,,,,,,,,,,,,,,
BD-01769,,,SDLCAM27,CCTV,"CCTV Camera",Assigned,QHPG1406041162,QVIS,P400-1000-V2G,"8,000",2014-01-10,,,,MIS,LWR,,SDL,Security,,,,,,,,,,,,,,,,
BD-01770,,,SDLCAM28,CCTV,"CCTV Camera",Assigned,QHPG1406041169,QVIS,P400-1000-V2G,"8,000",2014-01-10,,,,MIS,LWR,,SDL,Security,,,,,,,,,,,,,,,,
BD-01771,,N/A,SDLCAM29,CCTV,"CCTV Camera","Need to Dispose",QHPG1406040003,QVIS,P400-1000-V2G,"8,000",2014-01-10,,,,MIS,LWR,SDL,SDL,Security,,,,,,,,,,,,,,,,
BD-01772,,,SDLCAM30,CCTV,"CCTV Camera",Assigned,QHPG1406041172,QVIS,P400-1000-V2G,"8,000",2014-01-10,,,,MIS,LWR,,SDL,Security,,,,,,,,,,,,,,,,
BD-01773,,,SDLCAM31,CCTV,"CCTV Camera",Assigned,QHPG1406040001,QVIS,P400-1000-V2G,"8,000",2014-01-10,,,,MIS,LWR,,SDL,Security,,,,,,,,,,,,,,,,
BD-01774,,,SDLCAM32,CCTV,"CCTV Camera",Assigned,QHPG1406041188,QVIS,P400-1000-V2G,"8,000",2014-01-10,,,,MIS,LWR,,SDL,Security,,,,,,,,,,,,,,,,
BD-01775,,,SDLCAM33,CCTV,"CCTV Camera",Assigned,QHPG1406041203,QVIS,P400-1000-V2G,"8,000",2014-01-10,,,,MIS,LWR,,SDL,Security,,,,,,,,,,,,,,,,
BD-01776,,,SDLCAM34,CCTV,"CCTV Camera",Assigned,QHPG1406041182,QVIS,P400-1000-V2G,"8,000",2014-01-10,,,,MIS,LWR,,SDL,Security,,,,,,,,,,,,,,,,
BD-01777,,,SDLCAM35,CCTV,"CCTV Camera",Assigned,QHPG1406041166,QVIS,P400-1000-V2G,"8,000",2014-01-10,,,,MIS,LWR,,SDL,Security,,,,,,,,,,,,,,,,
BD-01778,,,SDLCAM36,CCTV,"CCTV Camera",Assigned,QHPG1406041167,QVIS,P400-1000-V2G,"8,000",2014-01-10,,,,MIS,LWR,,SDL,Security,,,,,,,,,,,,,,,,
BD-01779,,,SDLCAM37,CCTV,"CCTV Camera",Assigned,QHPG1406040770,QVIS,P400-1000-V2G,"8,000",2014-01-10,,,,MIS,LWR,,SDL,Security,,,,,,,,,,,,,,,,
BD-01780,,,SDLCAM38,CCTV,"CCTV Camera",Assigned,QHPG1406041171,QVIS,P400-1000-V2G,"8,000",2014-01-10,,,,MIS,LWR,,SDL,Security,,,,,,,,,,,,,,,,
BD-01781,,,SDLCAM39,CCTV,"CCTV Camera",Assigned,QHPG1406040007,QVIS,P400-1000-V2G,"8,000",2014-01-10,,,,MIS,LWR,,SDL,Security,,,,,,,,,,,,,,,,
BD-01782,,,SDLCAM40,CCTV,"CCTV Camera",Assigned,QHPG1406040239,QVIS,P400-1000-V2G,"8,000",2014-01-10,,,,MIS,LWR,,SDL,Security,,,,,,,,,,,,,,,,
BD-01783,,,SDLCAM41,CCTV,"CCTV Camera",Assigned,QHPG1406040223,QVIS,P400-1000-V2G,"8,000",2014-01-10,,,,MIS,LWR,,SDL,Security,,,,,,,,,,,,,,,,
BD-01784,,,SDLCAM42,CCTV,"CCTV Camera",Assigned,QHPG1406040242,QVIS,P400-1000-V2G,"8,000",2014-01-10,,,,MIS,LWR,,SDL,Security,,,,,,,,,,,,,,,,
BD-01785,,,SDLCAM43,CCTV,"CCTV Camera",Assigned,QHPG1406040225,QVIS,P400-1000-V2G,"8,000",2014-01-10,,,,MIS,LWR,,SDL,Security,,,,,,,,,,,,,,,,
BD-01786,,,SDLCAM44,CCTV,"CCTV Camera",Stock,QHPG1406040243,QVIS,P400-1000-V2G,"8,000",2014-01-10,,,,MIS,LWR,,SDL,Security,,,,,,,,,,,,,,,,
BD-01787,,,SDLCAM45,CCTV,"CCTV Camera",Assigned,QHPG1406041165,QVIS,P400-1000-V2G,"8,000",2014-01-10,,,,MIS,LWR,,SDL,Security,,,,,,,,,,,,,,,,
BD-01788,,N/A,SDLCAM46,CCTV,"CCTV Camera","Need to Dispose",QHPG1406041170,QVIS,P400-1000-V2G,"8,000",2014-01-10,,,,MIS,LWR,SDL,SDL,Security,,,,,,,,,,,,,,,,
BD-01789,,,SDLCAM47,CCTV,"CCTV Camera",Assigned,QHPG1406040787,QVIS,P400-1000-V2G,"8,000",2014-01-10,,,,MIS,LWR,,SDL,Security,,,,,,,,,,,,,,,,
BD-01790,,,SDLCAM48,CCTV,"CCTV Camera",Assigned,QHPG1406040006,QVIS,P400-1000-V2G,"8,000",2014-01-10,,,,MIS,LWR,,SDL,Security,,,,,,,,,,,,,,,,
BD-01791,,,SDLCAM49,CCTV,"CCTV Camera",Disposed,QHPG1406040010,QVIS,P400-1000-V2G,"8,000",2014-01-10,,,,MIS,LWR,,SDL,Security,,,,,,,,,,,,,,,,
BD-01792,,,SDLCAM50,CCTV,"CCTV Camera",Disposed,QHPG1406041227,QVIS,P400-1000-V2G,"8,000",2014-01-10,,,,MIS,LWR,,SDL,Security,,,,,,,,,,,,,,,,
BD-01793,,,SDLCAM51,CCTV,"CCTV Camera",Disposed,QHPG1406040774,QVIS,P400-1000-V2G,"8,000",2014-01-10,,,,MIS,LWR,,SDL,Security,,,,,,,,,,,,,,,,
BD-01794,,,SDLCAM52,CCTV,"CCTV Camera",Assigned,QHPG1406040002,QVIS,P400-1000-V2G,"8,000",2014-01-10,,,,MIS,LWR,,SDL,Security,,,,,,,,,,,,,,,,
BD-01795,,,"SDLCAM53   ",CCTV,"CCTV Camera",Stock,QHPG1406040009,QVIS,P400-1000-V2G,"8,000",2014-01-10,,,,MIS,LWR,,SDL,Security,,,,,,,,,,,,,,,,
BD-01796,,,SDLCAM54,CCTV,"DOME CAMERA",Assigned,QHSW1406192538,QVIS,EYE-1000-FW,"8,000",2014-01-10,,,,MIS,LWR,,SDL,Security,,,,,,,,,,,,,,,,"3RD FLOOR DEWHIRST MARCHENDISE"
BD-01797,,,SDLCAM55,CCTV,"CCTV Camera",Assigned,QHSW1406192666,QVIS,EYE-1000-FW,"8,000",2014-01-10,,,,MIS,LWR,,SDL,Security,,,,,,,,,,,,,,,,
BD-01798,,,SDLCAM56,CCTV,"DOME CAMERA",Assigned,QHSW1406192687,QVIS,EYE-1000-FW,"8,000",2014-01-10,,,,MIS,LWR,,SDL,Security,,,,,,,,,,,,,,,,CCTV
BD-01799,,,SDLCAM57,CCTV,"DOME CAMERA",Assigned,QHSW1406192682,QVIS,EYE-1000-FW,"8,000",2014-01-10,,,,MIS,LWR,,SDL,Security,,,,,,,,,,,,,,,,CCTV
BD-01800,,,SDLCAM58,CCTV,"DOME CAMERA",Assigned,QHSW1406192681,QVIS,EYE-1000-FW,"8,000",2014-01-10,,,,MIS,LWR,,SDL,Security,,,,,,,,,,,,,,,,CCTV
BD-01801,,,SDLCAM59,CCTV,"DOME CAMERA",Assigned,QHSW1406192670,QVIS,EYE-1000-FW,"8,000",2014-01-10,,,,MIS,LWR,,SDL,Security,,,,,,,,,,,,,,,,CCTV
BD-01802,,,SDLCAM60,CCTV,"DOME CAMERA",Assigned,QHSW1406192669,QVIS,EYE-1000-FW,"8,000",2014-01-10,,,,MIS,LWR,,SDL,Security,,,,,,,,,,,,,,,,CCTV
BD-01803,,,SDLCAM61,CCTV,"DOME CAMERA",Disposed,QHSW1406192667,QVIS,EYE-1000-FW,"8,000",2014-01-10,,,,MIS,LWR,,SDL,Security,,,,,,,,,,,,,,,,CCTV
BD-01804,,,SDLCAM62,CCTV,"DOME CAMERA",Assigned,QHSW1406192665,QVIS,EYE-1000-FW,"8,000",2014-01-10,,,,MIS,LWR,,SDL,Security,,,,,,,,,,,,,,,,CCTV
BD-01805,,,SDLCAM63,CCTV,"DOME CAMERA",Assigned,QHSW1406192663,QVIS,EYE-1000-FW,"8,000",2014-01-10,,,,MIS,LWR,,SDL,Security,,,,,,,,,,,,,,,,CCTV
BD-01806,,,SDLCAM64,CCTV,"DOME CAMERA",Assigned,QHSW1406192662,QVIS,EYE-1000-FW,"8,000",2014-01-10,,,,MIS,LWR,,SDL,Security,,,,,,,,,,,,,,,,CCTV
BD-01807,,,SDLCAM65,CCTV,"DOME CAMERA",Stock,QHSW1406192661,QVIS,EYE-1000-FW,"8,000",2014-01-10,,,,MIS,LWR,,SDL,Security,,,,,,,,,,,,,,,,CCTV
BD-01808,,,SDLCAM66,CCTV,"DOME CAMERA",Assigned,QHSW1406192660,QVIS,EYE-1000-FW,"8,000",2014-01-10,,,,MIS,LWR,,SDL,Security,,,,,,,,,,,,,,,,CCTV
BD-01809,,,SDLCAM67,CCTV,"CCTV Camera",Disposed,QHPG1406040191,QVIS,P400-1000-V2G,"8,000",2014-01-10,,,,MIS,LWR,,SDL,Security,,,,,,,,,,,,,,,,
BD-01810,,,SDLCAM68,CCTV,"CCTV Camera",Assigned,QHPG1406040174,QVIS,P400-1000-V2G,"8,000",2014-01-10,,,,MIS,LWR,,SDL,Security,,,,,,,,,,,,,,,,
BD-01811,,,SDLCAM69,CCTV,"CCTV Camera",Disposed,QHPG1406040192,QVIS,P400-1000-V2G,"8,000",2014-01-10,,,,MIS,LWR,,SDL,Security,,,,,,,,,,,,,,,,
BD-01812,,,SDLCAM70,CCTV,"CCTV Camera",Assigned,QHPG1406040168,QVIS,P400-1000-V2G,"8,000",2014-01-10,,,,MIS,LWR,,SDL,Security,,,,,,,,,,,,,,,,
BD-01813,,,SDLCAM71,CCTV,"CCTV Camera",Assigned,QHPG1406040200,QVIS,P400-1000-V2G,"8,000",2014-01-10,,,,MIS,LWR,,SDL,Security,,,,,,,,,,,,,,,,
BD-01814,,,SDLCAM72,CCTV,"CCTV Camera",Disposed,QHPG1406040188,QVIS,P400-1000-V2G,"8,000",2014-01-10,,,,MIS,LWR,,SDL,Security,,,,,,,,,,,,,,,,
BD-01815,,,SDLCAM73,CCTV,"CCTV Camera",Assigned,QHPG1406040177,QVIS,P400-1000-V2G,"8,000",2014-01-10,,,,MIS,LWR,,SDL,Security,,,,,,,,,,,,,,,,
BD-01816,,,SDLCAM74,CCTV,"CCTV Camera",Assigned,QHPG1406040180,QVIS,P400-1000-V2G,"8,000",2014-01-10,,,,MIS,LWR,,SDL,Security,,,,,,,,,,,,,,,,
BD-01817,,,SDLCAM75,CCTV,"CCTV Camera",Assigned,QHPG1406040163,QVIS,P400-1000-V2G,"8,000",2014-01-10,,,,MIS,LWR,,SDL,Security,,,,,,,,,,,,,,,,
BD-01818,,,SDLCAM76,CCTV,"CCTV Camera",Assigned,QHPG1406041020,QVIS,P400-1000-V2G,"8,000",2014-01-10,,,,MIS,LWR,,SDL,Security,,,,,,,,,,,,,,,,
BD-01819,,,SDLCAM77,CCTV,"CCTV Camera",Assigned,QHPG1406040976,QVIS,P400-1000-V2G,"8,000",2014-01-10,,,,MIS,LWR,,SDL,Security,,,,,,,,,,,,,,,,
BD-01820,,,SDLCAM78,CCTV,"CCTV Camera",Assigned,QHPG1406040287,QVIS,P400-1000-V2G,"8,000",2014-01-10,,,,MIS,LWR,,SDL,Security,,,,,,,,,,,,,,,,
BD-01821,,,SDLCAM79,CCTV,"CCTV Camera",Assigned,QHPG1406040992,QVIS,P400-1000-V2G,"8,000",2014-01-10,,,,MIS,LWR,,SDL,Security,,,,,,,,,,,,,,,,
BD-01822,,,SDLCAM80,CCTV,"CCTV Camera",Assigned,QHPG1406040990,QVIS,P400-1000-V2G,"8,000",2014-01-10,,,,MIS,LWR,,SDL,Security,,,,,,,,,,,,,,,,
BD-01823,,,SDLCAM81,CCTV,"CCTV Camera",Assigned,QHPG1406040273,QVIS,P400-1000-V2G,"8,000",2014-01-10,,,,MIS,LWR,,SDL,Security,,,,,,,,,,,,,,,,
BD-01824,,,SDLCAM82,CCTV,"CCTV Camera",Assigned,QHPG1406040274,QVIS,P400-1000-V2G,"8,000",2014-01-10,,,,MIS,LWR,,SDL,Security,,,,,,,,,,,,,,,,
BD-01825,,,SDLCAM83,CCTV,"CCTV Camera",Assigned,QHPG1406040268,QVIS,P400-1000-V2G,"8,000",2014-01-10,,,,MIS,LWR,,SDL,Security,,,,,,,,,,,,,,,,
BD-01826,,,SDLCAM84,CCTV,"CCTV Camera",Assigned,QHPG1406040276,QVIS,P400-1000-V2G,"8,000",2014-01-10,,,,MIS,LWR,,SDL,Security,,,,,,,,,,,,,,,,
BD-01827,,,SDLCAM85,CCTV,"CCTV Camera",Assigned,QHPG1406040278,QVIS,P400-1000-V2G,"8,000",2014-01-10,,,,MIS,LWR,,SDL,Security,,,,,,,,,,,,,,,,
BD-01828,,,SDLCAM86,CCTV,"CCTV Camera",Assigned,QHPG1406040272,QVIS,P400-1000-V2G,"8,000",2014-01-10,,,,MIS,LWR,,SDL,Security,,,,,,,,,,,,,,,,
BD-01829,,,SDLCAM87,CCTV,"CCTV Camera",Assigned,QHPG1406040267,QVIS,P400-1000-V2G,"8,000",2014-01-10,,,,MIS,LWR,,SDL,Security,,,,,,,,,,,,,,,,
BD-01830,,,SDLCAM88,CCTV,"CCTV Camera",Assigned,QHPG1406040395,QVIS,P400-1000-V2G,"8,000",2014-01-10,,,,MIS,LWR,,SDL,Security,,,,,,,,,,,,,,,,
BD-01831,,,SDLCAM89,CCTV,"CCTV Camera",Assigned,QHPG1406040407,QVIS,P400-1000-V2G,"8,000",2014-01-10,,,,MIS,LWR,,SDL,Security,,,,,,,,,,,,,,,,
BD-01832,,,SDLCAM90,CCTV,"CCTV Camera",Assigned,QHPG1406040397,QVIS,P400-1000-V2G,"8,000",2014-01-10,,,,MIS,LWR,,SDL,Security,,,,,,,,,,,,,,,,
BD-01833,,,SDLCAM91,CCTV,"CCTV Camera",Assigned,QHPG1406040406,QVIS,P400-1000-V2G,"8,000",2014-01-10,,,,MIS,LWR,,SDL,Security,,,,,,,,,,,,,,,,
BD-01834,,,SDLCAM92,CCTV,"CCTV Camera",Assigned,QHPG1406040405,QVIS,P400-1000-V2G,"8,000",2014-01-10,,,,MIS,LWR,,SDL,Security,,,,,,,,,,,,,,,,
BD-01835,,,SDLCAM93,CCTV,"CCTV Camera",Assigned,QHPG1406040390,QVIS,P400-1000-V2G,"8,000",2014-01-10,,,,MIS,LWR,,SDL,Security,,,,,,,,,,,,,,,,
BD-01836,,,SDLCAM94,CCTV,"CCTV Camera",Assigned,QHPG1406040392,QVIS,P400-1000-V2G,"8,000",2014-01-10,,,,MIS,LWR,,SDL,Security,,,,,,,,,,,,,,,,
BD-01837,,,SDLCAM95,CCTV,"CCTV Camera",Assigned,QHPG1406040398,QVIS,P400-1000-V2G,"8,000",2014-01-10,,,,MIS,LWR,,SDL,Security,,,,,,,,,,,,,,,,
BD-01838,,,SDLCAM96,CCTV,"CCTV Camera",Assigned,QHPG1406040396,QVIS,P400-1000-V2G,"8,000",2014-01-10,,,,MIS,LWR,,SDL,Security,,,,,,,,,,,,,,,,
BD-01839,,,SDLCAM97,CCTV,"CCTV Camera",Assigned,QHPG1406040401,QVIS,P400-1000-V2G,"8,000",2014-01-10,,,,MIS,LWR,,SDL,Security,,,,,,,,,,,,,,,,
BD-01840,,,SDLCAM98,CCTV,"CCTV Camera",Disposed,QHPG1406040391,QVIS,P400-1000-V2G,"8,000",2014-01-10,,,,MIS,LWR,,SDL,Security,,,,,,,,,,,,,,,,
BD-01841,,,SDLCAM99,CCTV,"CCTV Camera",Assigned,QHPG1406040400,QVIS,P400-1000-V2G,"8,000",2014-01-10,,,,MIS,LWR,,SDL,Security,,,,,,,,,,,,,,,,
BD-01842,,,SDLCAM100,CCTV,"CCTV Camera",Assigned,QHSW1406192522,QVIS,EYE-1000-FW,"8,000",2014-01-10,,,,MIS,LWR,,SDL,Security,,,,,,,,,,,,,,,,
BD-01843,,,SDLCAM101,CCTV,"CCTV Camera",Assigned,QHSW1406192523,QVIS,EYE-1000-FW,"8,000",2014-01-10,,,,MIS,LWR,,SDL,Security,,,,,,,,,,,,,,,,
BD-01844,,,SDLCAM102,CCTV,"DOME CAMERA",Assigned,QHSW1406192537,QVIS,EYE-1000-FW,"8,000",2014-01-10,,,,MIS,LWR,,SDL,Security,,,,,,,,,,,,,,,,CCTV
BD-01845,,,SDLCAM103,CCTV,"CCTV Camera",Assigned,QHSW1406192623,QVIS,EYE-1000-FW,"8,000",2014-01-10,,,,MIS,LWR,,SDL,Security,,,,,,,,,,,,,,,,
BD-01846,,,SDLCAM104,CCTV,"CCTV Camera",Assigned,QHSW1406192637,QVIS,EYE-1000-FW,"8,000",2014-01-10,,,,MIS,LWR,,SDL,Security,,,,,,,,,,,,,,,,
BD-01847,,,SDLCAM105,CCTV,"CCTV Camera",Assigned,QHSW1406192638,QVIS,EYE-1000-FW,"8,000",2014-01-10,,,,MIS,LWR,,SDL,Security,,,,,,,,,,,,,,,,
BD-01848,,,SDLCAM106,CCTV,"CCTV Camera",Assigned,QHSW1406192640,QVIS,EYE-1000-FW,"8,000",2014-01-10,,,,MIS,LWR,,SDL,Security,,,,,,,,,,,,,,,,
BD-01849,,,SDLCAM107,CCTV,"DOME CAMERA",Assigned,QHSW1406192641,QVIS,EYE-1000-FW,"8,000",2014-01-10,,,,MIS,LWR,,SDL,Security,,,,,,,,,,,,,,,,CCTV
BD-01850,,,SDLCAM108,CCTV,"DOME CAMERA",Assigned,QHSW1406192642,QVIS,EYE-1000-FW,"8,000",2014-01-10,,,,MIS,LWR,,SDL,Security,,,,,,,,,,,,,,,,CCTV
BD-01851,,,SDLCAM109,CCTV,"DOME CAMERA",Assigned,QHSW1406192652,QVIS,EYE-1000-FW,"8,000",2014-01-10,,,,MIS,LWR,,SDL,Security,,,,,,,,,,,,,,,,CCTV
BD-01852,,,SDLCAM110,CCTV,"DOME CAMERA",Assigned,QHSW1406192653,QVIS,EYE-1000-FW,"8,000",2014-01-10,,,,MIS,LWR,,SDL,Security,,,,,,,,,,,,,,,,CCTV
BD-01853,,,SDLCAM111,CCTV,"DOME CAMERA",Stock,QHSW1406192654,QVIS,EYE-1000-FW,"8,000",2014-01-10,,,,MIS,LWR,,SDL,Security,,,,,,,,,,,,,,,,CCTV
BD-01854,,,SDLCAM112,CCTV,"DOME CAMERA",Assigned,QHSW1406192655,QVIS,EYE-1000-FW,"8,000",2014-01-10,,,,MIS,LWR,,SDL,Security,,,,,,,,,,,,,,,,CCTV
BD-01855,,,SDLCAM113,CCTV,"DOME CAMERA",Assigned,QHSW1406192656,QVIS,EYE-1000-FW,"8,000",2014-01-10,,,,MIS,LWR,,SDL,Security,,,,,,,,,,,,,,,,CCTV
BD-01856,,,SDLCAM114,CCTV,"DOME CAMERA",Assigned,QHSW1406192657,QVIS,EYE-1000-FW,"8,000",2014-01-10,,,,MIS,LWR,,SDL,Security,,,,,,,,,,,,,,,,CCTV
BD-01857,,,SDLCAM115,CCTV,"DOME CAMERA",Assigned,QHSW1406192658,QVIS,EYE-1000-FW,"8,000",2014-01-10,,,,MIS,LWR,,SDL,Security,,,,,,,,,,,,,,,,CCTV
BD-01858,,,SDLCAM116,CCTV,"CCTV Camera",Assigned,QHPG1406040288,QVIS,P400-1000-V2G,"8,000",2014-01-10,,,,MIS,LWR,,SDL,Security,,,,,,,,,,,,,,,,
BD-01859,,,SDLCAM117,CCTV,"CCTV Camera",Assigned,QHPG1406040285,QVIS,P400-1000-V2G,"8,000",2014-01-10,,,,MIS,LWR,,SDL,Security,,,,,,,,,,,,,,,,
BD-01860,,,SDLCAM118,CCTV,"CCTV Camera",Assigned,QHPG1406040282,QVIS,P400-1000-V2G,"8,000",2014-01-10,,,,MIS,LWR,,SDL,Security,,,,,,,,,,,,,,,,
BD-01861,,,SDLCAM119,CCTV,"CCTV Camera",Assigned,QHPG1406040281,QVIS,P400-1000-V2G,"8,000",2014-01-10,,,,MIS,LWR,,SDL,Security,,,,,,,,,,,,,,,,
BD-01862,,,SDLCAM120,CCTV,"DOME CAMERA",Assigned,QHSW1406192659,QVIS,EYE-1000-FW,"8,000",2014-01-10,,,,MIS,LWR,,SDL,Security,,,,,,,,,,,,,,,,CCTV
BD-01863,,,SDLCAM121,CCTV,"CCTV Camera",Assigned,QHPG1406040279,QVIS,P400-1000-V2G,"8,000",2014-01-10,,,,MIS,LWR,,SDL,Security,,,,,,,,,,,,,,,,
BD-01864,,,SDLCAM122,CCTV,"CCTV Camera",Assigned,QHPG1406041028,QVIS,P400-1000-V2G,"8,000",2014-01-10,,,,MIS,LWR,,SDL,Security,,,,,,,,,,,,,,,,
BD-01865,,,SDLCAM123,CCTV,"CCTV Camera",Assigned,QHPG1406040975,QVIS,P400-1000-V2G,"8,000",2014-01-10,,,,MIS,LWR,,SDL,Security,,,,,,,,,,,,,,,,
BD-01866,,,SDLCAM124,CCTV,"CCTV Camera",Assigned,QHPG1406041021,QVIS,P400-1000-V2G,"8,000",2014-01-10,,,,MIS,LWR,,SDL,Security,,,,,,,,,,,,,,,,
BD-01867,,,SDLCAM125,CCTV,"CCTV Camera",Assigned,QHPG1406040999,QVIS,P400-1000-V2G,"8,000",2014-01-10,,,,MIS,LWR,,SDL,Security,,,,,,,,,,,,,,,,
BD-01868,,,SDLCAM126,CCTV,"CCTV Camera",Assigned,QHPG1406041019,QVIS,P400-1000-V2G,"8,000",2014-01-10,,,,MIS,LWR,,SDL,Security,,,,,,,,,,,,,,,,
BD-01869,,,SDLCAM127,CCTV,"CCTV Camera",Assigned,QHPG1406040988,QVIS,P400-1000-V2G,"8,000",2014-01-10,,,,MIS,LWR,,SDL,Security,,,,,,,,,,,,,,,,
BD-01870,,,SDLCAM128,CCTV,"CCTV Camera",Assigned,QHPG1406040271,QVIS,P400-1000-V2G,"8,000",2014-01-10,,,,MIS,LWR,,SDL,Security,,,,,,,,,,,,,,,,
BD-01871,,,SDLCAM129,CCTV,"CCTV Camera",Assigned,QHPG1406040991,QVIS,P400-1000-V2G,"8,000",2014-01-10,,,,MIS,LWR,,SDL,Security,,,,,,,,,,,,,,,,
BD-01872,,,SDLCAM130,CCTV,"CCTV Camera",Assigned,QHPG1406040994,QVIS,P400-1000-V2G,"8,000",2014-01-10,,,,MIS,LWR,,SDL,Security,,,,,,,,,,,,,,,,
BD-01873,,,SDLCAM131,CCTV,"CCTV Camera",Assigned,QHPG1406040275,QVIS,P400-1000-V2G,"8,000",2014-01-10,,,,MIS,LWR,,SDL,Security,,,,,,,,,,,,,,,,
BD-01874,,,SDLCAM132,CCTV,"CCTV Camera",Disposed,QHPG1406040269,QVIS,P400-1000-V2G,"8,000",2014-01-10,,,,MIS,LWR,,SDL,Security,,,,,,,,,,,,,,,,
BD-01875,,,SDLCAM133,CCTV,"CCTV Camera",Assigned,QHPG1406040277,QVIS,P400-1000-V2G,"8,000",2014-01-10,,,,MIS,LWR,,SDL,Security,,,,,,,,,,,,,,,,
BD-01876,,,SDLCAM134,CCTV,"CCTV Camera",Assigned,QHPG1406040347,QVIS,P400-1000-V2G,"8,000",2014-01-10,,,,MIS,LWR,,SDL,Security,,,,,,,,,,,,,,,,
BD-01877,,,SDLCAM135,CCTV,"CCTV Camera",Assigned,QHPG1406040345,QVIS,P400-1000-V2G,"8,000",2014-01-10,,,,MIS,LWR,,SDL,Security,,,,,,,,,,,,,,,,
BD-01878,,,SDLCAM136,CCTV,"CCTV Camera",Assigned,QHPG1406040344,QVIS,P400-1000-V2G,"8,000",2014-01-10,,,,MIS,LWR,,SDL,Security,,,,,,,,,,,,,,,,
BD-01879,,,SDLCAM137,CCTV,"CCTV Camera",Assigned,QHPG1406040354,QVIS,P400-1000-V2G,"8,000",2014-01-10,,,,MIS,LWR,,SDL,Security,,,,,,,,,,,,,,,,
BD-01880,,,SDLCAM138,CCTV,"CCTV Camera",Assigned,QHPG1406040352,QVIS,P400-1000-V2G,"8,000",2014-01-10,,,,MIS,LWR,,SDL,Security,,,,,,,,,,,,,,,,
BD-01881,,,SDLCAM139,CCTV,"CCTV Camera",Assigned,QHPG1406040349,QVIS,P400-1000-V2G,"8,000",2014-01-10,,,,MIS,LWR,,SDL,Security,,,,,,,,,,,,,,,,
BD-01882,,,SDLCAM140,CCTV,"CCTV Camera",Assigned,QHPG1406040339,QVIS,P400-1000-V2G,"8,000",2014-01-10,,,,MIS,LWR,,SDL,Security,,,,,,,,,,,,,,,,
BD-01883,,,SDLCAM141,CCTV,"CCTV Camera",Assigned,QHPG1406040340,QVIS,P400-1000-V2G,"8,000",2014-01-10,,,,MIS,LWR,,SDL,Security,,,,,,,,,,,,,,,,
BD-01884,,,SDLCAM142,CCTV,"CCTV Camera",Assigned,QHPG1406040346,QVIS,P400-1000-V2G,"8,000",2014-01-10,,,,MIS,LWR,,SDL,Security,,,,,,,,,,,,,,,,
BD-01885,,,SDLCAM143,CCTV,"CCTV Camera",Assigned,QHPG1406040318,QVIS,P400-1000-V2G,"8,000",2014-01-10,,,,MIS,LWR,,SDL,Security,,,,,,,,,,,,,,,,
BD-01886,,,SDLCAM144,CCTV,"CCTV Camera",Assigned,QHPG1406040315,QVIS,P400-1000-V2G,"8,000",2014-01-10,,,,MIS,LWR,,SDL,Security,,,,,,,,,,,,,,,,
BD-01887,,,SDLCAM145,CCTV,"CCTV Camera",Assigned,QHPG1406040351,QVIS,P400-1000-V2G,"8,000",2014-01-10,,,,MIS,LWR,,SDL,Security,,,,,,,,,,,,,,,,
BD-01888,,,SDLCAM146,CCTV,"PTZ CAMERA",Stock,APOIR-PTZ2313081400081,"PTZ OYN-X",APOIR-PTZ23,"56,000",2014-01-10,,,,MIS,LWR,,SDL,Security,,,,,,,,,,,,,,,,
BD-01889,,,SDLCAM147,CCTV,"PTZ CAMERA",Assigned,APOIR-PTZ2313081400091,"PTZ OYN-X",APOIR-PTZ23,"57,000",2014-01-10,,,,MIS,LWR,,SDL,Security,,,,,,,,,,,,,,,,
BD-01890,,,SDLCAM148,CCTV,"PTZ CAMERA",Assigned,APOIR-PTZ2313081400001,"PTZ OYN-X",APOIR-PTZ23,"57,000",2014-01-10,,,,MIS,LWR,,SDL,Security,,,,,,,,,,,,,,,,
BD-01891,,,SDLCAM149,CCTV,"PTZ CAMERA",Assigned,APOIR-PTZ2313081400011,"PTZ OYN-X",APOIR-PTZ23,"57,000",2014-01-10,,,,MIS,LWR,,SDL,Security,,,,,,,,,,,,,,,,
BD-01892,,,SDLCAM150,CCTV,"PTZ CAMERA",Assigned,APOIR-PTZ2313081400039,"PTZ OYN-X",APOIR-PTZ23,"57,000",2014-01-10,,,,MIS,LWR,,SDL,Security,,,,,,,,,,,,,,,,
BD-01893,,,SDLCAM151,CCTV,"PTZ CAMERA",Assigned,APOIR-PTZ2313081400085,"PTZ OYN-X",APOIR-PTZ23,"56,000",2014-01-10,,,,MIS,LWR,,SDL,Security,,,,,,,,,,,,,,,,
BD-01894,,,SDLCAM152,CCTV,"PTZ CAMERA",Assigned,APOIR-PTZ2313081400039,"PTZ OYN-X",APOIR-PTZ23,"56,000",2014-01-10,,,,MIS,LWR,,SDL,Security,,,,,,,,,,,,,,,,
BD-01895,,,SDLCAM153,CCTV,"PTZ CAMERA",Assigned,APOIR-PTZ2313081400025,"PTZ OYN-X",APOIR-PTZ23,"56,000",2014-01-10,,,,MIS,LWR,,SDL,Security,,,,,,,,,,,,,,,,
BD-01896,,,SDLCAM154,CCTV,"PTZ CAMERA",Assigned,APOIR-PTZ2313081400038,"PTZ OYN-X",APOIR-PTZ23,"56,000",2014-01-10,,,,MIS,LWR,,SDL,Security,,,,,,,,,,,,,,,,
BD-01897,,,,"Power Supply","POWER SUPPLY",Assigned,14SJ033700140,QVIS,PSU-20A-18,"12,000",2014-01-10,,,,MIS,LWR,,SDL,Security,,,,,,,,,,,,,,,,
BD-01898,,,,"Power Supply","POWER SUPPLY",Assigned,14SJ033700115,QVIS,PSU-20A-18,"12,000",2014-01-10,,,,MIS,LWR,,SDL,Security,,,,,,,,,,,,,,,,
BD-01899,,,,"Power Supply","POWER SUPPLY",Stock,14SJ033700058,QVIS,PSU-20A-18,"12,000",2014-01-10,,,,MIS,LWR,,SDL,Security,,,,,,,,,,,,,,,,
BD-01900,,,,"Power Supply","POWER SUPPLY",Assigned,14SJ033700067,QVIS,PSU-20A-18,"12,000",2014-01-10,,,,MIS,LWR,,SDL,Security,,,,,,,,,,,,,,,,
BD-01901,,,,"Power Supply","POWER SUPPLY",Assigned,14SJ033700124,QVIS,PSU-20A-18,"12,000",2014-01-10,,,,MIS,LWR,,SDL,Security,,,,,,,,,,,,,,,,
BD-01902,,,,"Power Supply","POWER SUPPLY",Stock,14SJ033700149,QVIS,PSU-20A-18,"12,000",2014-01-10,,,,MIS,LWR,,SDL,Security,,,,,,,,,,,,,,,,
BD-01903,,,,"Power Supply","POWER SUPPLY",Assigned,14SJ033700100,QVIS,PSU-20A-18,"12,000",2014-01-10,,,,MIS,LWR,,SDL,Security,,,,,,,,,,,,,,,,
BD-01904,,,,"Power Supply","POWER SUPPLY",Assigned,14SJ033700171,QVIS,PSU-20A-18,"12,000",2014-01-10,,,,MIS,LWR,,SDL,Security,,,,,,,,,,,,,,,,
BD-01905,,,,"Power Supply","POWER SUPPLY",Assigned,14SJ033700071,QVIS,PSU-20A-18,"12,000",2014-01-10,,,,MIS,LWR,,SDL,Security,,,,,,,,,,,,,,,,
BD-01906,,,,"Power Supply","POWER SUPPLY",Assigned,14SJ033700177,QVIS,PSU-20A-18,"12,000",2014-01-10,,,,MIS,LWR,,SDL,Security,,,,,,,,,,,,,,,,
BD-01907,,N/A,,CCTV,"CCTV Camera",Assigned,2300327,Jovision,JVS-N4DL-AL,"6,000",1900-01-01,"STS Automantion",PR-1002,,MIS,LWR,SDL,SDL,,,,,,,,,,,,,,,,,
BD-01908,,n/a,,CCTV,"CCTV Camera",Assigned,5030116011805810,Jovision,JVS-N81-HY,,1900-01-01,"STS Automantion",PR-1002,,MIS,LWR,SDL,SDL,,,,,,,,,,,,,,,,,"Canteen Up stair."
BD-01909,,STS/SG-210101,10.140.20.12,CCTV,NVR,Assigned,2L02CBAPAMHY07F,Dahua,"NVR 4832 4KS2","60,000",2021-01-19,"STS Automation",SIL0000143,"SIL CCTV",MIS,LWR,SDL,SDL,MIS,,,,,,32TB,,10.140.20.12,10.140.20.12,,,,,,,"12month warranty."
BD-01910,,n/a,,CCTV,"CCTV Camera",Stock,05030116010703005,Jovision,JVS-N81-HY,,1900-01-01,"STS Automation",PR-1002,,MIS,LWR,SDL,SDL,,,,,,,,,,,,,,,,,
BD-01911,,,,UPS,UPS,Disposed,163256,Digilog,UPS-1200VA,"5,040",2016-07-25,"DIgilog System ",1010,"Ex.SDL CCTV",MIS,LWR,,SDL,,,,,,,,,,,,,,,,,"UPS sent to Mr Salauddin for claim warranty 03.10.2017."
BD-01912,,n/a,,UPS,UPS,Assigned,163257,Digilog,UPS-1200VA,"5,040",2016-07-25,"DIgilog System ",1011,"Jamil Hossen","Qaulity Assurance",LWR,SIL,SDL,jamhossain,,,,,,,,,,,,,,,,"Circuit Service Date: 27/11/2023"
BD-01913,,,,Display,Monitor,Assigned,3655536,Sony,KDL-48W700C,59000/=,,"Shan Electronics Multiplan",1010,"SWL CCTV",HR,LWR,,SDL,swlcctv,,,,,,,,,,,,,,,,"Security controle room Monitor right side. 5years warranty."
BD-01914,,,,Display,Monitor,Assigned,3655542,Sony,KDL-48W700C,59000/=,,"Shan Electronics Multiplan",1011,"SIL CCTV",HR,LWR,,SDL,silcctv,,,,,,,,,,,,,,,,"Security controle room Monitor middle.5years warranty."
BD-01915,,,,Display,Monitor,Assigned,3655551,Sony,KDL-48W700C,59000/=,,"Shan Electronics Multiplan",1012,"SDL CCTV",HR,LWR,,SDL,sdlcctv,,,,,,,,,,,,,,,,"Security controle room Monitor Left side. 5years warranty."
BD-01916,11004000171,,SDLFP66,T&A,"Access Controle",Assigned,15101ABJ0056,NITGEN,"NAC-2500 PLUS",,,Bioaccess,,"SDL Gate 1",HR,SWR,,SDL,,,,,,,,,,10.140.8.66,,,,,,,"Temporary assign to SDL gate1 for security attandence."
BD-01917,,,,"Power Supply","POWER SUPPLY",Assigned,14SJ033700155,QVIS,PSU-20A-18,"12,000",2014-01-10,,,,MIS,LWR,,SDL,Security,,,,,,,,,,,,,,,,
BD-01918,,,,"Power Supply","POWER SUPPLY",Assigned,14SJ033700040,QVIS,PSU-20A-18,"12,000",2014-01-10,,,,MIS,LWR,,SDL,Security,,,,,,,,,,,,,,,,
BD-01919,,,10.140.40.34,Phone,CIPT,Assigned,INM08201CW2,Cisco,7940,"3,500",2009-03-02,,,"Mohmodul Hasan",PCC,SWR,,SDL,mahmhasan,,,,,,,,,10.140.40.34,,,,,,,"IP: 10.140.40.16"
BD-01920,,,10.140.40.17,Phone,CIPT,Assigned,INM08271K2N,Cisco,7940,"3,500",2009-03-02,,,"Ashikur Rahman ",PCC,SWR,,SDL,asrahman,,,,,,,,,10.140.40.17,,,,,,,"IP: 10.140.40.17"
BD-01922,,,,"Computer Accessories",Mouse,Disposed,HS150HC02KR,Logitech,B-100,450,2014-11-11,,,,MIS,LWR,,SDL,,,,,,,,,,,,,,,,,
BD-01923,,1,,"Computer Accessories",Mouse,Disposed,HS150HC02KB,Logitech,B-100,450,2014-11-11,,,"Sohorab Ali",Finishing,LWR,SDL,SDL,sali,,,,,,,,,,,,,,,,
BD-01924,,1,,"Computer Accessories",Mouse,Disposed,HS151HA0B1M,Logitech,B-100,450,2014-11-11,,,,MIS,LWR,SIL,SDL,,,,,,,,,,,,,,,,,
BD-01925,,1,,"Computer Accessories",Mouse,Disposed,HS151HA0BGL,Logitech,B-100,450,2014-11-11,,,,MIS,LWR,SDL,SDL,,,,,,,,,,,,,,,,,
BD-01926,,,,"Computer Accessories",Mouse,Disposed,HS150HCO1UK,Logitech,B-100,450,2014-11-11,,,,MIS,LWR,,SDL,,,,,,,,,,,,,,,,,
BD-01927,,1,,"Computer Accessories",Mouse,Disposed,HS151HA0BGV,Logitech,B-100,450,2014-11-11,,,,MIS,LWR,SDL,SDL,,,,,,,,,,,,,,,,,
BD-01928,,,,"Computer Accessories",Mouse,Disposed,HS150HC01QQ,Logitech,B-100,450,2014-11-11,,,,MIS,LWR,,SDL,,,,,,,,,,,,,,,,,
BD-01929,,1,,"Computer Accessories",Mouse,Disposed,HS150HC01QF,Logitech,B-100,450,2014-11-11,,,"Mahede Hassan","Marketing & Merchandising",LWR,SDL,SDL,mahasan,,,,,,,,,,,,,,,,
BD-01930,,,,"Computer Accessories",Mouse,Disposed,HS150HC01P0,Logitech,B-100,450,2014-11-11,,,,MIS,LWR,,SDL,,,,,,,,,,,,,,,,,
BD-01931,,,,"Computer Accessories",Mouse,Disposed,HS150HC01UJ,Logitech,B-100,450,2014-11-11,,,,MIS,LWR,,SDL,,,,,,,,,,,,,,,,,"Khan Brothers, Date: 11th NOV, 2014(warranty 3years)"
BD-01932,,,,"Computer Accessories",Mouse,Disposed,HS148HB0SXR,Logitech,B-100,450,2014-11-11,,,,MIS,LWR,,SDL,,,,,,,,,,,,,,,,,
BD-01933,,,SDLCAM155,CCTV,"CCTV Camera",Assigned,QHPG1406040792,QVIS,P400-1000-V2G,"8,000",2014-01-10,,,,MIS,LWR,,SDL,Security,,,,,,,,,,,,,,,,
BD-01934,,,SDLCAM156,CCTV,"CCTV Camera",Assigned,QHPG1406040241,QVIS,P400-1000-V2G,"8,000",2014-01-10,,,,MIS,LWR,,SDL,Security,,,,,,,,,,,,,,,,
BD-01935,,,SDLCAM157,CCTV,"CCTV Camera",Assigned,QHPG1406040226,QVIS,P400-1000-V2G,"8,000",2014-01-10,,,,MIS,LWR,,SDL,Security,,,,,,,,,,,,,,,,
BD-01936,,,10.140.20.4,CCTV,"CCTV DVR",Assigned,HYBRIDPRODC32BB19061400010,QVIS,HYBRID-PRODC-32BB,"77,000",2014-01-10,,,"SDL CCTV rack",MIS,LWR,,SDL,Security,,,,,,,,,,,,,,,,
BD-01937,,,10.140.20.5,CCTV,"CCTV DVR",Assigned,HYBRIDPRODC32BB19061400038,QVIS,HYBRID-PRODC-32BB,"77,000",2014-01-10,,,"SDL CCTV rack",MIS,LWR,,SDL,Security,,,,,,,,,,,,,,,,
BD-01938,,,10.140.20.6,CCTV,"CCTV DVR",Assigned,HYBRIDPRODC32BB19061400018,QVIS,HYBRID-PRODC-32BB,"77,000",2014-01-10,,,"SDL CCTV rack",MIS,LWR,,SDL,Security,,,,,,,,,,,,,,,,
BD-01939,,,10.140.20.7,CCTV,"CCTV DVR",Disposed,HYBRIDPRODC32BB01081400004,QVIS,HYBRID-PRODC-32BB,"77,000",2014-01-10,,,"SDL CCTV rack",MIS,LWR,,SDL,Security,,,,,,,,,,,,,,,,
BD-01940,,,10.140.20.8,CCTV,"CCTV DVR",Assigned,HYBRIDPRODC32BB013091400078,QVIS,HYBRID-PRODC-32BB,"77,000",2014-01-10,,,"SDL CCTV rack",MIS,LWR,,SDL,Security,,,,,,,,,,,,,,,,
BD-01941,,,10.140.20.9,CCTV,"CCTV DVR",Assigned,HYBRIDPRODC32BB01081400050,QVIS,HYBRID-PRODC-32BB,"77,000",2014-01-10,,,"SDL CCTV rack",MIS,LWR,,SDL,Security,,,,,,,,,,,,,,,,
BD-01942,,,10.140.20.10,CCTV,"CCTV DVR",Assigned,HYBRIDPRODC32BB01081400003,QVIS,HYBRID-PRODC-32BB,"77,000",2014-01-10,,,"SDL CCTV rack",MIS,LWR,,SDL,Security,,,,,,,,,,,,,,,,
BD-01943,,,10.140.20.11,CCTV,"CCTV DVR",Disposed,HYBRIDPRODC32BB010814000049,QVIS,HYBRID-PRODC-32BB,"77,000",2014-01-10,,,"SDL CCTV rack",MIS,LWR,,SDL,Security,,,,,,,,,,,,,,,,
BD-01944,11004000088,n/a,,Display,Monitor,Assigned,OK2THTKFC00327M,SAMSUNG,S22D390H,"11,200",2014-01-29,,,"SIL Security Gate 1","Human Resource",LWR,SIL,SDL,sgate1,,,,,,,,,,,,,,,,
BD-01945,11004000088,1,,Display,Monitor,Assigned,OK2THTKFC00224M,SAMSUNG,S22D390H,"11,200",2014-01-29,,,"Tanjina Sultana","Human Resource",LWR,SDL,SDL,,,,,,,,,,,,,,,,,
BD-01946,110011000005,n/a,,Display,Monitor,Disposed,OK2THTKFC00222B,SAMSUNG,S22D390H,"11,200",2014-01-29,,,"SIL Gate 1",HR,LWR,SIL,SDL,sgate1,,,,,,,,,,,,,,,,
BD-01947,41004000004,1,,Display,Monitor,"Need to Dispose",0K2THTKF600355J,SAMSUNG,S22D390H,"8,500",2014-01-29,,,"Mahbub Masum",MIS,LWR,SIL,SDL,mmasum,,,,,,,,,,,,,,,,"CCTV  MONITORING PURPOSE"
BD-01948,,,,Display,Monitor,Disposed,OK2THTKFC00234H,SAMSUNG,S22D390H,"11,200",2014-01-29,,,,MIS,LWR,,SDL,,,,,,,,,,,,,,,,,
BD-01949,21004000004,1,,Display,Monitor,Disposed,OK2THTKFC00312B,SAMSUNG,S22D390H,"11,200",2014-01-29,,,"Siddiqur Rahman",PCC,SWR,SIL,SDL,sidrahman,,,,,,,,,,,,,,,,Damage
BD-01950,11004000085,,,Display,Monitor,Assigned,OK2THTKFC00185R,SAMSUNG,S22D390H,"11,200",2014-01-29,,,"Zakir Khan",Finance,LWR,DBO,SDL,zkhan,,,,,,,,,,,,,,,,
BD-01951,11004000085,1,,Display,Monitor,"Need to Dispose",OK2THTKFC00515L,SAMSUNG,S22D390H,"11,200",2014-01-29,,,"SDL Server Room Desk",MIS,LWR,SDL,SDL,,,,,,,,,,,,,,,,,
BD-01952,11004000064,n/a,SDLD502,Computer,Desktop,Stock,JQ1XQ12,Dell,"Optiplex 3020","48,000",2014-07-19,,,"Ex user Acktura Jaman","Industrial Engineering",LWR,SIL,SDL,ajaman,,,"Intel ï¿½ Core ï¿½ i5 ",3.20,,500,8196,,,,"WIN10 Pro",2020-10-12,,"WIN 8.1 Pro",NK2YG-9RXPG-84P2B-MPR9H-B7RDH,
BD-01953,,n/a,SDLD406F,Computer,Desktop,Assigned,GV1XQ12,Dell,"Optiplex 3020","48,000",2014-07-19,,,"Shamim Reza",Production,LWR,SWL,SDL,sreza,,,"Intel  Core  i5 ",3.20,,500,8192,,,,"WIN10 Pro",2020-11-20,,"Win 8 Pro",4R3VN-JCBQW-G4BBV-HWFGQ-T6JXV,
BD-01954,11004000065,n/a,SDLD409D,Computer,Desktop,Assigned,821XQ12,DELL,"Optiplex 3020","48,000",2015-01-01,,,"Md Zakaria ",Cutting,LWR,SDL,SDL,mzakaria,,,"Intel Core i5",3.20,,1024,"8192 ",,,,"WIN10 Pro",2020-02-17,,"WIN 8.0 Pro",JBCND-6RMGJ-67PPJ-4TFPG-QYFDH,
BD-01955,,n/a,SDLD579,Computer,Desktop,Assigned,421XQ12,Dell,"Optiplex 3020","48,000",2014-07-19,,,"Shifat Rajonee","Human Resource",LWR,SDL,SDL,srajonee,,,"Intel  Core  i5 ",3.20,256,,"8192 ",,,,"WIN10 Pro",2023-09-30,,"WIN 8.0 Pro",N78V8-36GBW-V866W-D4WXT-YG667,
BD-01956,,NA,SDLD422D,Computer,Desktop,Assigned,8V0XQ12,DELL,"Optiplex 3020","48,000",2015-01-01,,,"Romis Uddin",Embroidery,LWR,SDL,SDL,ruddin,,,"Intel Core i5",3.20,,500,"4096 ",,,,"WIN10 Pro",2019-10-01,,"WIN 8.0 Pro",TN4FP-4PXJ6-TB66F-8TRC7-KHF9V,
BD-01957,,,SDLCAM158,CCTV,"CCTV Camera",Assigned,QHPG1406040227,QVIS,P400-1000-V2G,"8,000",2014-01-10,,,,MIS,LWR,,SDL,Security,,,,,,,,,,,,,,,,
BD-01958,,,SDLCAM159,CCTV,"CCTV Camera",Assigned,QHPG1406041164,QVIS,P400-1000-V2G,"8,000",2014-01-10,,,,MIS,LWR,,SDL,Security,,,,,,,,,,,,,,,,
BD-01959,,,SDLCAM160,CCTV,"CCTV Camera",Assigned,QHPG1406040776,QVIS,P400-1000-V2G,"8,000",2014-01-10,,,,MIS,LWR,,SDL,Security,,,,,,,,,,,,,,,,
BD-01960,,,SDLCAM161,CCTV,"CCTV Camera",Assigned,QHPG1406040238,QVIS,P400-1000-V2G,"8,000",2014-01-10,,,"SIL Server room",MIS,LWR,,SDL,Security,,,,,,,,,,,,,,,,
BD-01961,,n/a,SDLD425C,Computer,Desktop,Assigned,SN161860050743,Clone,GA-H81M-S2PV,"12,550",2016-09-06,"Star Tech & engineering ltd.",1005,"Abdul Hannan",Operation,LWR,SDL,SDL,ahannan,,,"Intel Pentium R (2 cores)",3.2,256,,8192,,,12550,"WIN10 Pro",2023-08-05,,None,,"Star Tech & engineering Ltd (6th sep-2016) INV-STETB-2016-001690"
BD-01962,,,,Display,Monitor,Assigned,ZZNHH4TH304742K,SAMSUNG,S19F350HNW,"6,500",2016-08-30,"Multilink/UTC-INV012809/1 yars wrnty",999,"Mukter Hossain",Quality,LWR,,SDL,muhossain,,,,,,,,,,6500,,,,,,"Multilink/UTC-INV012809/1 yars wrnty"
BD-01963,,,10.140.40.62,Phone,CIPT,Assigned,INM08421Y25,Cisco,7940,"3,500",2009-03-02,,,"Thilina Hiripitiya",HR,SWR,,SDL,thiripitiya,,,,,,,,,10.140.40.62,,,,,,,10.140.40.34
BD-01964,,,10.140.40.35,Phone,CIPT,Assigned,INM08201EB9,Cisco,7940,"3,500",2009-03-02,,,"Shadi Rahman",IE,SWR,,SDL,sharahman,,,,,,,,,10.140.40.35,,,,,,,10.140.40.35
BD-01965,,,10.140.40.36,Phone,CIPT,Stock,INM08271K21,Cisco,7940,"3,500",2009-03-02,,,"Ex.Mahfuz Rana",MIS,SWR,,SDL,,,,,,,,,,10.140.40.36,,,,,,,10.140.40.36
BD-01966,,,10.140.40.37,Phone,CIPT,Assigned,INM08271K35,Cisco,7941,"9,000",2009-03-02,,,"Amina Khadid",PCC,SWR,,SDL,akhadid,,,,,,,,,10.140.40.37,,,,,,,10.140.40.37
BD-01967,,,SDLP041,Printer,Printer,Assigned,CNCK216314,HP,"Laser Jet 2055DN","18,000",2014-11-29,,,"Quality all",CQA,SWR,,SDL,,,,,,,,,,,,,,,,,"Assigned to CQA replace of SD-00919 Cannon LBP 3150."
BD-01968,11004000128,1,SDLP042,Printer,Printer,Service,CNCK216297,HP,"Laser Jet 2055DN","18,000",2014-11-29,,,Spare,Finishing,SWR,SDL,SDL,,,,,,,,,,,,,,,,,"Khan Brothers (29.11.2014)"
BD-01969,,,,UPS,UPS,Disposed,163285,Digilog,1200VA,"5,040",2016-09-26,"DIgilog System ",1026,,MIS,LWR,,SDL,,,,,,,,,,,5040,,,,,,
BD-01970,,,,UPS,UPS,Disposed,163286,Digilog,1200VA,"5,040",2016-09-26,"DIgilog System ",1006,,MIS,LWR,,SDL,,,,,,,,,,,,,,,,,
BD-01971,,,,UPS,UPS,Disposed,163287,Digilog,1200VA,"5,040",2016-09-26,"DIgilog System ",1040,,MIS,LWR,,SDL,,,,,,,,,,,,,,,,,
BD-01972,,,,UPS,UPS,Disposed,163288,Digilog,1200VA,"5,040",2016-09-26,"DIgilog System ",1040,,MIS,LWR,SIL,SDL,,,,,,,,,,,,,,,,,
BD-01973,,,10.140.40.43,Phone,CIPT,Stock,INM08271HAX,Cisco,7940,"3,500",2009-03-02,,,,MIS,LWR,,SDL,,,,,,,,,,10.140.40.43,,,,,,,
BD-01974,,,10.140.40.50,Phone,CIPT,Stock,INM08271JGN,Cisco,7940,"3,500",2009-03-02,,,,MIS,LWR,,SDL,,,,,,,,,,10.140.40.50,,,,,,,
BD-01975,,n/a,,UPS,UPS,Assigned,"E1405036750 ",NPS,EA2120,"4,800",2014-06-04,,,"Shahnur Rashid","Marketing & Merchandising",LWR,SIL,SDL,srashid,,,,,,,,,,,,,,,,
BD-01976,,,,UPS,UPS,Assigned,E1405037125,NPS,EA2120,"4,800",2014-06-04,,,"Store loading area1",Store,LWR,SDL,SDL,"Store loading area1",,,,,,,,,,,,,,,,
BD-01977,,,10.140.40.8,Phone,CIPT,Stock,INM08271K2E,Cisco,7940,"3,500",2009-03-02,,,,MIS,LWR,,SDL,,,,,,,,,,10.140.40.8,,,,,,,
BD-01978,,,"Video conference room",Display,"VC Monitor",Assigned,3305090,Sony,KDL-48W700C,,,,,,MIS,SWR,,SDL,System,,,,,,,,,,,,,,,,
BD-01979,,1,,Display,Monitor,Stock,ZZNHH4TH303287R,Samsung,S19F350HNW,"6,500",2016-09-28,"Multi Link",1031,"Ex Didarul Alam",Finishing,LWR,SDL,SDL,dalam,,,,,,,,,,,,,,,,"UTC-INV013360 (Multi Link)"
BD-01980,,,,Display,Monitor,Assigned,CN-ODFDMY-72872-63I-A2UU,Dell,E1916HF,"6,200",2016-10-04,,1047,"Jakir Hossain",Cutting,LWR,SDL,SDL,jhossain,,,,,,,,,,,,,,,,
BD-01981,,,,Display,Monitor,Assigned,CN0DFDMY72872596E54U,Dell,E1916HF,"6,200",2016-10-04,"Star Tech",1047,"Abu Sayed/Omar Faruk",Quality,LWR,SIL,SDL,asayed/ofaruk,,,,,,,,,,"6,200",,,,,,"INV-STETB-2016-044705 (warranty-1095 day)"
BD-01982,,n/a,,Display,Monitor,Assigned,CN0DFDMY72872587CC6U,Dell,E1916HF,"6,200",2016-10-04,"Star Tech",1047,"Ekramul Haque",Operations,LWR,SIL,SDL,ehaque,,,,,,,,,,,,,,,,"INV-STETB-2016-044705 (warranty-1095 day)"
BD-01983,110011000011,na,SDLL151D,Computer,Laptop,Disposed,CNF02020B,HP,"ProBook 4420s","36,000",2010-06-07,,,"Pushpa Siriwardena",Quality,LWR,SDL,SDL,Siriwardena,,,"Intelï¿½ Core ï¿½ i3 -M330",2.13,,500,4096,,,,"WIN10 Pro",,Yes,None,,
BD-01984,,NA,SDLL153C,Computer,Laptop,"Need to Dispose",CNU1502TXQ,HP,"Probook 4330s","61,000",2011-01-01,,,"Ex user Anwar Hossain","Qaulity Assurance",LWR,SDL,"Shanta Denim Limited",anhossain,,,"Intel core i3",2.30,480,,8192,,,,"WIN10 Pro",2020-03-21,,"WIN 7 Pro",PQ8B2-4WHV7-4FXT4-2FFT3-WF3CB,
BD-01985,11004000183,n/a,SDLL155C,Computer,Laptop,Assigned,3SFXC12,Dell,"Inspiron 7347","48,000",2015-01-05,,,"Rahman Milton",Commercial,LWR,SIL,SDL,rmilton,,,"Intel Core  i5",1.6,500,500,8192,,,,"WIN10 Pro",,Yes,"Win 8.1 Pro",DDQ9X-NKRVB-JVK6T-KHGYG-RRFW3,
BD-01986,210011000022,n/a,DBOL202,Computer,Laptop,"Need to Dispose",2CE25131XR,HP,"Probook 4440s","61,000",2013-01-01,,,"Sarfaraj Hossain",PCC,MWR,SDL,"Shanta Denim Limited",sarhossain,,,"Intel Core i5",2.60,480,,8192,,,,"WIN10 Pro",2021-01-26,Yes,"WIN 7 Pro",CQ2CV-4B6QM-R6DX4-V3Y99-24393,
BD-01987,11004000152,n/a,SDLL158B,Computer,Laptop,Assigned,2CE31611TZ,HP,"Probook 4440s","61,000",2013-01-01,1,1,"Md Rafsan","Industrial Engineering",LWR,SIL,"Shanta Denim Limited",mrafsan,,,"Intel Core i5",2.60,480,,8192,,,,"WIN10 Pro",2021-06-05,Yes,"WIN 7 Pro",2R62W-V3BFB-JB2JB-DWPWH-Y893J,
BD-01988,,,,UPS,UPS,Stock,E1405037240,NPS,EA2120,"4,800",2015-03-02,,,,MIS,LWR,,SDL,,,,,,,,,,,,,,,,,
BD-01989,,1,,UPS,UPS,Assigned,E1407053432,NPS,EA2120,"4,800",2015-03-02,,,"SDL-1 LWR Board Room",MIS,LWR,SDL,SDL,"SDL-1 LWR Board Room",,,,,,,,,,,,,,,,
BD-01990,11004000149,,10.140.8.77,T&A,"Attendance Device",Assigned,7311922,FingerTec,Timeline-100,"26,000",2015-09-15,"GENERAL AUTOMATION LTD.",617,"SIL Payroll",HR,LWR,,SDL,Payroll,,,,,,,,,10.140.8.77,,,,,,,"Device Activation Code: PN993NJL (Product Key: HQS6-QL75-5HD9)"
BD-01991,11004000149,,10.140.8.78,T&A,"Attendance Device",Assigned,7311936,FingerTec,Timeline-100,"26,000",2015-09-15,"GENERAL AUTOMATION LTD.",617,"SIL Payroll",HR,LWR,,SDL,Payroll,,,,,,,,,10.140.8.78,,,,,,,"Device Activation Code: KL66LKJN (Product Key: J9BD-MYG3-LZS7)"
BD-01992,,n/a,SDLD427B,Computer,Desktop,Assigned,SN160460065392,Clone,H81M-S2PV,"21,800",2016-10-04,"Star Tech",1047,"Motiur Mizan","Sampel Development",LWR,SIL,SDL,mmizan,,GIGABYTE,"Core i3-4160",3.6,,500,8192,,,,"WIN10 Pro",,,None,,"INV-STETB-2016-044705 (warranty-1095 day)"
BD-01993,,,,UPS,UPS,Stock,163294,Digilog,1200VA,"5,040",2016-10-06,"DIgilog System ",1049,,MIS,SWR,,SDL,,,,,,,,,,,,,,,,,"Digilig System 1 year warenty from 06 th October-2016"
BD-01994,,,,UPS,UPS,Disposed,163292,ATA,1200VA,"5,040",2016-10-06,"DIgilog System ",1045,"Shamsuzzaman Akand, ",Quality,LWR,,SDL,sakand,,,,,,,,,,,,,,,,"Digilig System 1 year warenty from 06 th October-2016"
BD-01995,,,,UPS,UPS,Disposed,163293,Digilog,1200VA,"5,040",2016-10-06,"DIgilog System ",,,MIS,LWR,,SDL,,,,,,,,,,,,,,,,,"Digilig System 1 year warenty from 06 th October-2016"
BD-01996,,,,Display,Monitor,Assigned,CN-0MMK39-72872-58J-A67I-A00,Dell,E1916HVI,"7,000",,,,"TCQC Milon",Quality,LWR,,SDL,tmilon,,,,,,,,,,,,,,,,
BD-01997,,,SDLL217,Computer,Laptop,Disposed,CNF0165J6Y,HP,"Presario CQ42","35,000",2010-01-01,,,,MIS,LWR,,SDL,,,,"Intel® Core ™  i3 -M350",2.27,,500,4096,,,,"WIN7 Pro",,,None,,"Need to new asset number"
BD-01998,,,10.140.40.15,Phone,CIPT,Stock,INM08201CZS,Cisco,7940,"3,500",2009-03-02,,,,MIS,LWR,,SDL,,,,,,,,,,10.140.40.15,,,,,,,
BD-01999,,,DEWBDSDLS101,Network,Switch,Assigned,S30R1F8000560,D-Link,DGS-1210-28P,30000/=,2016-09-07,"STS Atumation/STS/SIL/010716/1 yars wrany",1002,MIS,MIS,LWR,,SDL,,,,,,,,,,10.140.2.101,30000/=,,,,,,"SIL SERVER ROOM RACK(FOR CCTV CAMERA)"
BD-02000,,n/a,SDLL163D,Computer,Laptop,Disposed,CNU0031B80,HP,"ProBook 4410s","40,000",2013-01-01,,,"Nayeem Bhuyan",Fabric,LWR,SIL,SDL,nbhuyan,,,"Intel Core 2 Duo",2.53,480,,4096,,,,"WIN10 Pro",,B-128,,,
BD-02001,,,DEWBDSDLA10,Network,"Access Point",Assigned,FCZ1716Q01B,Cisco,AIR-AP1131G,"35,000",2011-01-01,,,"LWR Q.A Audit room",Quality,LWR,,SDL,anhossain,,,,,,,,,10.140.25.10,,,,,,,
BD-02002,,,,UPS,UPS,Assigned,E1405036969,NPS,EA2120,"4,800",2015-03-02,,,"Ruhul Amin Khokon",PCC,LWR,,SDL,rukhokon,,,,,,,,,,,,,,,,
BD-02003,,,,UPS,UPS,Assigned,E1405036771,NPS,EA2120,"4,800",2015-03-02,,,"Helal Udden",Production,LWR,,SDL,hudden,,,,,,,,,,,,,,,,
BD-02004,,,,UPS,UPS,Assigned,E1405036743,NPS,EA2120,"4,800",2015-03-02,,,"Masud Rana",Quality,LWR,,SDL,mrana,,,,,,,,,,,,,,,,
BD-02005,,,,UPS,UPS,Assigned,E1405036725,NPS,EA2121,"4,800",2015-03-02,,,"Sakhawat Hossain",Store,LWR,,SDL,sahossain,,,,,,,,,,,,,,,,
BD-02006,,,,UPS,UPS,Assigned,E1405037136,NPS,EA2121,"4,800",2015-03-02,,,"SDL PABX",BMT,LWR,,SDL,"SDL PABX",,,,,,,,,,,,,,,,
BD-02007,,n/a,,UPS,UPS,Assigned,E1407053442,"Micro Max","1200 VA","4,800",2011-03-02,,,"Moznu mia",Store,SWR,SDL,SDL,mmia,,,,,,,,,,,,,,,,
BD-02008,,,DEWBDSDLS51,Network,Switch,Assigned,DNI19090B0H,Linksys,"SF300-24 24-Port 10/100 ","10,500",2014-01-01,,,"SDL Ground Floor RACK",MIS,LWR,,SDL,System,,,,,,,,,10.140.2.51,,,,,,,
BD-02009,,,,Computer,Laptop,Disposed,CNU7420R4R,HP,"Compaq 6715s","37,000",2010-01-01,,,,MIS,SWR,,SDL,,,,"AMD Turlon",1.90,,160,2048,,,,,,,"WIN Vista Buiness",GGGYV-87DHV-WFDD4-CCQVJ-FTYV2,"Came from DRF (UK)"
BD-02010,21004000045,1,,Display,Monitor,Disposed,0A04HYCFB05495M,"Samsung ",S19C170B,"8,500",2015-05-03,,,"Ahad Mia",Cutting,LWR,SDL,SDL,amia,,,,,,,,,,,,,,,,
BD-02011,,,,UPS,UPS,Disposed,1505071000198,NPS,PCX-1000,"4,800",2015-03-02,,,"Ex. Nazmul Huda",MIS,LWR,,SDL,,,,,,,,,,,,,,,,,
BD-02012,,,SDLL174,Computer,Laptop,Disposed,CNU83539N7,HP,"Compaq 6715b","25,000",2010-04-04,,,"Ex. Taniahaque Mukta",MIS,LWR,,SDL,,,,"AMD Turion2-TL-60",2,,160,4096,,,,"WIN7 Pro",,Yes,None,,"OEM Have but can't read "
BD-02013,,,DEWBDSDL111,Network,Switch,Assigned,,D-Link,DGS-1210-28P,"30,000",2016-09-07,"STS Atumation/STS/SIL/010716/1 yars wrany",1002,MIS,MIS,LWR,,SDL,,,,,,,,,,10.140.2.111,30000/=,,,,,,"SIL CUTTING ROOM RACK(FOR CCTV CAMERA)"
BD-02014,,,DEWBDSDLS121,Network,Switch,Assigned,S30R1F8000628,D-Link,DGS-1210-28P,30000/=,2016-09-07,"STS Atumation/STS/SIL/010716/1 yars wrany",1002,MIS,MIS,LWR,,SDL,,,,,,,,,,10.140.2.121,30000/=,,,,,,"SWL BANDARA'S ROOM (FOR CCTV CAMERA)"
BD-02015,,n/a,SDLL128G,Computer,Laptop,"Need to Dispose",1D046165C,Toshiba,"Satelitite Pro L830","36,000",2012-01-01,,,,MIS,LWR,SDL,SDL,,,,"Intel Core i3",1.90,,500,8192,,,36000,"WIN10 Pro",,,"Win 8 Pro",Preloded,
BD-02016,,,DEWBDSDLS13,Network,Switch,Assigned,DNI1834063G,Linksys,"SF300-24 24-Port 10/100 ","10,500",2015-01-25,,,"SDL west side RACK",MIS,LWR,,SDL,System,,,,,,,,,10.140.2.70,,,,,,,
BD-02017,,,,Display,Monitor,Assigned,CN-0X0T4K-72872-3CB-AULU,Dell,E1914HF,"8,600",2014-07-19,,,"Store loading area1",Store,LWR,"Store loading area",SDL,"Store loading area1",,,,,,,,,,,,,,,,
BD-02018,,,,"Barcode Reader","Barcode Reader",Assigned,050GEB90514265FABB2,Casio,DT-930M50G,"15,000",2010-03-02,,,"Saiful Alam","Marketing & Merchandising",SWR,,SDL,salam,,,,,,,,,,,,,,,,
BD-02019,,,,"Power Supply","Battery Cradle",Assigned,MTL050234,Logicode,MT-LC-D960C2,"12,000",2010-01-01,,,"Saiful Alam","Marketing & Merchandising",SWR,,SDL,salam,,,,,,,,,,,,,,,,
BD-02020,,n/a,SDLD428B,Computer,Desktop,Assigned,SN162750166121,Clone,GA-H110M-DS2V-WP,"23,100",2016-11-07,"Smart Jamuna/27390/3 yars wrnty",,"Ahsan Kanak","Quality Assurance",LWR,SWL,SDL,akanak,,Gigabyte,"Intel Core I3 6100",3.7GHZ,"250 GB",,8192,,,,"WIN10 Pro",,,,,
BD-02021,210011000024,30353,SDLL271,Computer,Laptop,Disposed,HK9K962,Dell,"Vostro 14 5480","65,000",2015-10-31,"Smart Jamuna",,"Rashed Ahmed",Production,LWR,SIL,SDL,rahmed,,,"Intel Core i5",2.20,480,,8192,,,,"WIN10 Pro",2020-07-09,,"Win 10 Pro",D9KNQ-GF42P-HCKQJ-RDH84-VMH24,"Smat Tech 31/10/2015"
BD-02022,,,,Display,Monitor,Assigned,AU4A0621002726,Philips,150s7fb/00,"4,800",2009-02-04,"Smart Jamuna",,"Rebeka Sultana",HR,LWR,,SDL,resultana,,,,,,,,,,,,,,,,
BD-02023,11004000194,na,SDLL157E,Computer,Laptop,Assigned,YB06237174,Lenovo,Z40-70,"61,000",2014-08-04,,,"Ibrahim Mohammad","Marketing & Merchandising",LWR,SIL,SDL,imohammad,,,"Intel Core i7",2.40,480,,8192,,,,"WIN10 Pro",2020-10-25,Yes,"WIN 8.0 Pro",TVD4Q-4ND9V-GRT99-XFDQT-QYGVK,
BD-02024,41004000041,,,UPS,UPS,Assigned,,Digilog,3kVAH,"72,000",2015-09-21,,,"SWL CCTV",MIS,LWR,,SDL,Security,,,,,,,,,,,,,,,,
BD-02025,,,,Display,Monitor,Disposed,CN-0X0T4K-72872-3CO-DMDB,DELL,E1914H,"8,600",2014-07-19,,,,MIS,LWR,,SDL,,,,,,,,,,,,,,,,,
BD-02026,,,,UPS,UPS,Assigned,900031504240175,Digilog,3kVAH,"72,000",2015-09-21,,,"SDL CCTV",MIS,LWR,,SDL,Security,,,,,,,,,,,,,,,,"Digilog, 21st Sep-2015"
BD-02027,,,dewbdsdlr01,Network,Router,Assigned,FCZ142971H4,Cisco,02921,"130,000",2013-01-01,,,,MIS,LWR,,SDL,System,,,,,,,,,,,,,,,,
BD-02028,,,,UPS,UPS,Stock,E1405036970,NPS,EA2120,"4,800",2015-03-02,,,,MIS,LWR,,SDL,,,,,,,,,,,,,,,,,
BD-02029,21004000046,1,,Display,Monitor,Disposed,0A04HYCFC03314M,SAMSUNG,S19C170B,"8,500",2015-05-03,,,"Ex. Bidyut Talukder",Store,LWR,SDL,SDL,btalukder,,,,,,,,,,,,,,,,
BD-02030,21004000047,1,,Display,Monitor,Disposed,0A04HYCFC03771N,SAMSUNG,S19C170B,"8,500",2015-05-03,,,"Zahid Hasan","Marketing & Merchandising",LWR,SDL,SDL,zhasan,,,,,,,,,,,,,,,,
BD-02031,21004000048,1,,Display,Monitor,Disposed,0A04HYCFC04065V,SAMSUNG,S19C170B,"8,500",2015-05-03,,,"Raju Mia",HR,LWR,SDL,SDL,ramia,,,,,,,,,,,,,,,,
BD-02032,,n/a,SDLL162C,Computer,Laptop,"Need to Dispose",3C068662H,Toshiba,"Portege R830-13C","48,000",2011-01-05,,,,MIS,LWR,SIL,SDL,,,,"Intel core i5",2.50,,1024,"8192 ",,,,"WIN10 Pro",,B-051,"WIN 7 Pro",P678B-6R7JY-YFF8X-QPV2F-JKFXT,
BD-02033,,,,UPS,UPS,Assigned,E1405037239,NPS,EA2120,"4,800",2015-08-03,,,"Zakir Hossain",Store,LWR,SDL,SDL,zhossain,,,,,,,,,,,,,,,,
BD-02034,,,,UPS,UPS,Assigned,E1405037148,NPS,EA2120,"4,800",2015-08-03,,,"Shaheen Hasan",HR,LWR,,SDL,hshaheen,,,,,,,,,,,,,,,,
BD-02035,,,,UPS,UPS,Assigned,1603071000516,NPS,PCX-1200VA,"4,800",2015-08-03,,,"Abu Sayed/Omar Faruk",Quality,LWR,SIL,SDL,asayed/ofaruk,,,,,,,,,,,,,,,,
BD-02036,,1,,UPS,UPS,"Need to Dispose",,Micro,2000VA,"17,500",2015-02-02,,,"SDL West Side RAK",MIS,LWR,SDL,SDL,System,,,,,,,,,,,,,,,,
BD-02037,21004000200,30353,,Computer,Laptop,Transferred,6L9K962,Dell,"Vostro 14 5480","65,000",2015-10-31,"Smart Jamuna",,"Amina Khadid",PCC,SWR,SDL,CAM,Akhadid,,,"Intelï¿½ Coreï¿½ i5",2.20,,500,"8192 ",,,,"WIN10 Pro",,Yes,"Win 10 Pro",G3D2T-HN97C-Y2Y8D-DWFQV-DRR9F,"Smat Tech 31/10/2015"
BD-02038,,n/a,SDLL167B,Computer,Laptop,Disposed,CNU826M6H,HP,"Compaq 6715s","37,000",2010-01-01,"Smart Jamuna",,"Saiduzzaman Anik",CQA,SWR,SDL,SDL,sanik,,,"AMD Turlon",2.00,,1024,"2048 ",,,,"WIN10 Pro",,Yes,"WIN Vista Buiness",Q2393-TJMG4-CYBMJ-DX98B-9MQYT,"Came from (UK) Bring it by Fiona (Ex User Abu Hasnat, PCC)"
BD-02039,,,,UPS,UPS,Disposed,E1405037087,NPS,EA2120,"4,800",2015-08-03,,,,MIS,LWR,,SDL,,,,,,,,,,,,,,,,,
BD-02040,,n/a,SDLD432E,Computer,Desktop,Assigned,J3M0AB007668,Clone,H110M-E,"23,100",2016-11-07,"Global Barand/ 2018",,"Mainul Islam",Cutting,LWR,SDL,SDL,maiislam,,Asus,"Core i3-6100",3.7GHZ,256,,8192,,,,"WIN10 Pro",2023-06-18,,,,
BD-02041,11004000107,XXX,SDLL177C,Computer,Laptop,"Need to Dispose",4K9K962,Dell,"Vostro 14 5480","65,000",2015-10-31,"Smart Jamuna",,"Rokhsana Akter","Human Resource",LWR,SIL,SDL,rokakter,,,"Intel Core i5",2.2,480,,8192,,,,"WIN10 Pro",,Yes,"Win 10 Pro",662QN-37DR8-GD4BR-46MRQ-B98XF,"Smat Tech 31/10/2015"
BD-02042,,1,SDLD431C,Computer,Desktop,Assigned,SN162750166125,Clone,GA-H110M-DS2V-WP,"23,100",2016-11-07,"Smart Jamuna/27390/3 yars wrnty",,"MD Rubel",Finishing,LWR,SIL,SDL,mrubel,,Gigabyte,"Core i3-6100",3.7GHZ,256,,8192,,,,"WIN10 Pro",2023-04-10,,,,
BD-02043,11004000053,,,Computer,Laptop,Disposed,CNU2519TYK,HP,"Elitebook 2570p","60,000",2013-01-01,,,"Mohmodul Hasan",PCC,SWR,,SDL,mahmhasan,,,"Intel Core i5",2.50,,500,"8192 ",,,,"WIN10 Pro",,Yes,"WIN 8.0 Pro",,"Came from (UK) Bring it by Tracey Taylor (DRFL064A)"
BD-02044,,n/a,,Scanner,Scanner,Assigned,VCHY009274,Epson,V39,"7,500",2015-04-05,,,"Mojahedul Islam",MNT,LWR,SDL,SDL,Maislam,,,,,,,,,,,,,,,,
BD-02045,,,SDLL161B,Computer,Laptop,Disposed,8B092964H,"Toshiba ","Portege R830-13C","48,000",2015-01-05,,,,MIS,LWR,,SDL,,,,"Intel® Core ™  i5",2.5,,500,4096,,,,"WIN10 Pro",,,"WIN 7 Pro",BM8RG-2V73D-GYH7Y-CT8PJ-99KM3,"Need Asset no"
BD-02046,,1,,UPS,UPS,Assigned,E1405063036,NPS,EA2120,"4,800",2015-08-03,,,"Shakawat Mithu",Quality,LWR,SDL,SDL,smithu,,,,,,,,,,,,,,,,"Need New Asset Number"
BD-02047,,,,UPS,UPS,Assigned,E1405037093,NPS,EA2120,"4,800",2015-08-03,,,"Jakirul Alam",IE,LWR,,SDL,jalam,,,,,,,,,,,,,,,,"Need to new asset number "
BD-02048,21004000049,1,,Display,Monitor,Disposed,0A04HYCFB04968M,Samsung,S19C170B,"8,500",2015-05-03,,,"Didarul Islam","Store ",LWR,SDL,SDL,dislam,,,,,,,,,,,,,,,,"Need to New Asset Number"
BD-02049,,1,SDLD430A,Computer,Desktop,Assigned,SN163150192068,Clone,GA-H110M-DS2V-WP,"23,100",2016-11-01,"Smart Jamuna/27390/3 yars wrnty",PR-1066,"SDL CCTV","Human Resource",LWR,SDL,"Shanta Denim Limited",sdlcctv,,Gigabyte,"Core i3-6100",3.7GHZ,,500gb,8192,,,,"WIN10 Pro",,,,,
BD-02050,,,DEWBDSDLA11,Network,"Access Point",Stock,"FCW1408V02F ",Cisco,AIR-AP1131G,"35,000",2011-01-01,,,"Sent to Smart technology",MIS,LWR,,SDL,,,,,,,,,,10.140.25.11,,,,,,,"Need Asset no"
BD-02051,,,DEWBDSDLA09,Network,"Access Point",Assigned,FCW1408V02E,Cisco,AIR-AP1131G,"35,000",2011-01-01,,,,MIS,LWR,"Sample SIL",SDL,System,,,,,,,,,10.140.25.9,,,,,,,"Need Asset no"
BD-02052,11004000086,,DEWBDSDLS21,Network,Switch,Assigned,DNI19070EDG,Linksys,"SF300-24 24-Port 10/100 ","10,500",2015-07-08,,,"SIL Server room",MIS,LWR,,SDL,MIS,,,,,,,,,10.140.2.21,,,,,,,
BD-02053,,XYZ,DBOL146,Computer,Laptop,"Need to Dispose",5CB2221S8P,Hp,"Probook 6560b","48,000",2013-01-16,,,"Rafiqul Islam",Commercial,LWR,HO,SHO,raislam,,,"Intel Core i5",1.5Ghz,480,,8192,,,,"WIN10 Pro",,Yes,"Win 10 Pro",TRF6J-GJX4R-3VPWJ-84C27-YHPK3,
BD-02054,21004000123,GA/15/948,10.140.8.82,T&A,"Attendance Device",Assigned,7311620,FingerTec,Timeline-100,"26,000",2015-05-25,"GENERAL AUTOMATION LTD.",754,"SIL Payroll",HR,LWR,SIL,SDL,Payroll,,,,,,,,,10.140.8.82,,,,,,,"Device Activation Code: RLMQ8MYD(Product Key: UC84-QF8R-W2BT)"
BD-02055,210011000002,GA/15/948,10.140.8.83,T&A,"Attendance Device",Assigned,7311603,FingerTec,Timeline-100,"26,000",2015-05-25,"GENERAL AUTOMATION LTD.",754,"SIL Payroll",HR,LWR,SIL,SDL,Payroll,,,,,,,,,10.140.8.83,,,,,,,"Device Activation Code: QGB47TBA (Product Key: DFU4-2QHE-DCGN)"
BD-02056,21004000024,,10.140.8.86,T&A,"Attendance Device",Assigned,7306827,FingerTec,Timeline-100,"26,000",2015-07-11,"GENERAL AUTOMATION LTD.",830,"SIL Payroll",HR,LWR,,SDL,Payroll,,,,,,,,,10.140.8.86,,,,,,,"Device Activation Code: RBRGBJQH (Product Key: U6BJ-P49V-MWVF)"
BD-02057,11004000002,,10.140.8.79,T&A,"Attendance Device",Assigned,7306817,FingerTec,Timeline-100,"26,000",2015-07-11,"GENERAL AUTOMATION LTD.",830,"SIL Payroll",HR,LWR,,SDL,Payroll,,,,,,,,,10.140.8.79,,,,,,,"Device Activation Code: SNBQBDMQ (Product Key: R2U5-R87B-XL3P)"
BD-02058,21004000201,n/a,SDLL181B,Computer,Laptop,Assigned,"5CG5242VB0 ",HP,"Probook 640 G1","68,000",2016-05-01,"Smart Technology",,"Masum Anwar",Planning,LWR,SDL,SDL,manwar,,,"Intel Core i5",2.50,480,,"8192 ",,,,"WIN10 Pro",2020-10-21,B-109,"Win 10 Pro",NYYJK-PCMKP-GWQT4-2BBY8-PKCKF,
BD-02059,,n/a,SDLD402B,Computer,Desktop,"Need to Dispose",151660051649,Gigabyte,H81M,"14,500",2016-05-01,"Smart Technology",,"Mahabob Hasan",Cutting,LWR,SDL,SDL,mhasan,,,"Intel Pentium Processor",3.20,,500,"8192 ",,,,"WIN10 Pro",2021-07-05,,,,"Processor, M.board, RAM, HDD purchased from SMART Technology."
BD-02060,,n/a,,UPS,UPS,Stock,E1405037363,NPS,EA2120,"4,800",2015-08-03,,,,Cutting,LWR,SIL,SDL,,,,,,,,,,,,,,,,,
BD-02061,11004000227,n/a,SDLL182C,Computer,Laptop,Assigned,5CG5242VYB,HP,"Probook 640 G1","68,000",2016-04-01,"Smart Technology",4500126748,"Saiful Islam 5",Planning,LWR,SDL,SDL,saifulislam,,,"Intel Core i5",2.50,500,,"8192 ",,,,"WIN10 Pro",2020-11-22,Yes,"Win 10 Pro",F8TWF-W2NQF-YCMR7-D89H7-9BT6R,"Smart Technologies BD Ltd Challan no 30055New Bag assigned 13092025"
BD-02062,,Unknown,,Display,Monitor,Disposed,ZZAEH4LGA00075,SAMSUNG,S19D300NY,"6,400",2016-07-01,"Smart Technology",4500126712,"Rabiul Alam",Oparetion,LWR,SIL,SDL,ralam,,,,,,,,,,,,,,,,
BD-02063,,,,UPS,UPS,Assigned,16330,Digilog,1200VA,"5,040",2016-10-22,"DIgilog System ",1054,"Ahad Mia",Cutting,LWR,SIL,SDL,amia,,,,,,,,,,5040,,,,,,
BD-02064,21004000011,n/a,SDLD439D,Computer,Desktop,Assigned,3CR527015Z,HP,"AIO 23-R022I","61,500",2016-07-29,"Smart Jamuna/14-50941/1 yars wrnty",990,"Mojahedul Islam",Maintenance,LWR,SIL,"Shanta Denim Limited",mojislam,,,"Core i5",1.9,500,,8192,,,,"WIN11 Pro",2025-01-29,,"Win 10 Pro",VKCVN-CW6H7-MJ326-33WG8-TQ724,
BD-02065,,n/a,SDLD403F,Computer,Desktop,Assigned,SN152160061643,Clone,GA-H81M-S2PV,"14,450",2016-01-12,"Smart Technology (CH-30265)",845,"Omar Faruque",Cutting,LWR,SDL,SDL,omfaruque,,Gigabyte,"Intel Pentium R (2 cores)-G3250",3.20,,500,8192,,,,"WIN10 Pro",2020-01-22,,None,,"Smart Technologies (BD) Ltd. Challan no 30265"
BD-02066,,,,Display,Monitor,Assigned,CN-0657PN-64180-54J-0RMB,Dell,E1914H,"8,600",2015-01-05,,,"Amirul Islam2",PCC,SWR,,SDL,amiislam,,,,,,,,,,,,,,,,
BD-02067,11004000141,n/a,SDLD404B,Computer,Desktop,Assigned,5L6F862,Dell,"Optiplex 3020","48,000",2015-01-05,,,"Ayesha Nowrin","Human Resource",LWR,SDL,SDL,anowrin,,,"Intel ï¿½ Core ï¿½ i5 ",3.20,256,,"4096 ",,,,"WIN10 Pro",2022-01-25,,"Win 10 Pro",M7BHJ-NB98R-DY94P-KY72K-2YT6R,
BD-02068,,n/a,DBOL222,Computer,Laptop,Stock,5CG5242V6T,HP,"Probook 640 G1","68,000",2016-02-01,"Smart Technology",864,"Shahadat Hossain2","Qaulity Assurance",MWR,DBO,"Dhaka Buying Office",shahdhossain,,,"Intel core i5",2.50,480,,"8192 ",,,,"WIN10 Pro",2024-12-02,,"Win 10 Pro",YCDXT-BMNRD-T98G2-6YRFF-K4R9F,"Battery have 3 years warrenty"
BD-02069,,1,SDLD498,Computer,Desktop,Assigned,9TS8S62,Dell,"Optiplex 3020","48,000",2016-02-01,"Smart Technology",864,"Ariful Islam",Finishing,LWR,SDL,"Shanta Denim Limited",aislam,,,"Intel ï¿½ Core ï¿½ i5 ",3.20,256,,"4096 ",,,,"Win 11 Pro",2025-08-09,,"Win 10 Pro",,"Smart Technology SSD installed on 09082025"
BD-02070,,,,Printer,Printer,Assigned,VNF5G29606,HP,"laser Jet P1102W","8,500",2016-01-02,"Khan Brothers",,"Saravanan Jayaraman",MIS,LWR,,SDL,sjayaraman,,,,,,,,,,,,,,,,
BD-02071,,n/a,,Printer,Printer,Stock,CNCJC12876,HP,"Laser Jet 2055DN","18,000",2014-11-29,,,,MIS,LWR,"SIL Server room",SDL,,,,,,,,,,10.140.7.48,,,,,,,
BD-02072,,,,Scanner,Scanner,Assigned,VCHY009275,Epson,"Epson perfection v39","7,500",2016-02-07,"Flora Bana",,"Anwar Hossain/Shapna Pervin",Quality,LWR,,SDL,anhossain/spervin,,,,,,,,,,,,,,,,
BD-02073,21004000194,n/a,SDLP049,Printer,Printer,Service,VNF3R13082,HP,"Laser Jet P3015","62,500",2016-02-14,UTC-DL05569/UTC-INV008251/Multilink,,"Common PCC all",PCC,SWR,SDL,SDL,"PCC all",,,,,,,,,10.140.7.49,,,,,,,
BD-02074,,n/a,,Computer,Desktop,Disposed,GXRVY1S,Dell,"Vostro 220","14,500",2010-02-04,,,,MIS,LWR,SIL,SDL,,,,"Intel Core 2 duo",2.66,,160,4096,,,,"WIN10 Pro",,,,,"Receive from DBO February 2016."
BD-02075,,,,Display,Monitor,Assigned,CNT141B86W,HP,"Compaq LE1902x 19""","8,200",2014-03-12,,,"Joya Biswas",HR,LWR,,SDL,,,,,,,,,,,,,,,,,"Receive from DBO February 2016."
BD-02076,,,,UPS,UPS,Assigned,E1405036761,NPS,EA2021,"4,800",2015-08-03,,,"TCQC SHANTA",Quality,LWR,,SDL,tshanta,,,,,,,,,,,,,,,,
BD-02077,41004000017,n/a,DEWBDSDLP05,Projector,"Projector ",Assigned,F5KH05750,HITACHI,CP-X3041WN,"32,000",2016-02-14,,,"SIL PD Room",MIS,LWR,SIL,SDL,SIL,,,,,,,,,10.140.50.5,,,,,,,"Now Gamini Sir Room Ex SWL BOARD ROOM"
BD-02078,,n/a,SDLD501A,Computer,Desktop,Assigned,210180564500570,Clone,"Asus  Prime H410M CS",42000,2021-05-18,"Global Brand",,"TR Talent","Human Resource",LWR,SIL,"Shanta Denim Limited",ttalent,,Asus,"Intel Core i3 10100",3.6,256,,8192,,,,"WIN 10 Pro",2020-10-06,,"Win 10 Pro",FH288-NPRGD-VMM88-HD4T6-YG9TR,
BD-02079,,1,,Display,Monitor,Assigned,ZZAEH4LGA03380,SAMSUNG,S19D300NY,"6,400",2016-01-05,"Smart Technology",2335913646,"Rony Mia",Production,LWR,SIL,SDL,rmia,,,,,,,,,,,,,,,,
BD-02080,,1,,Display,Monitor,Assigned,ZZAEH4LGA00918,SAMSUNG,S19D300NY,"6,400",2016-01-05,"Smart Technology",851,"Rakib Shikder",Finishing,LWR,SIL,SDL,rshikder,,,,,,,,,,,,,,,,
BD-02081,,1,DEWBDSDLP04,Projector,"Projector ",Assigned,F5LH06667,HITACHI,CP-X3041WN,"32,800",2016-02-20,"UTC-INV008382/Multilink 1 yrs warranty",892,"SDL PCC",MIS,LWR,SDL,SDL,PCC,,,,,,,,,,,,,,,,"send for servicing"
BD-02082,,,,UPS,UPS,Disposed,E1405036864,NPS,EA2120,"4,800",2015-08-03,,,"Babu Rashel",Lean,LWR,,SDL,brasel+mahmudhasan,,,,,,,,,,,,,,,,
BD-02083,,n/a,SDLD547,Computer,Desktop,Service,PC05D9VB,Lenovo,"ThinkCentre M73","31,000",2016-02-16,Global,895,"Temp Assign to Ferdous Alam",Operation,LWR,SWL,SDL,falam,,,"Intel Core i3",3.00,250,,8192,,,,"WIN10 Pro",2022-06-28,,,,
BD-02084,,,,UPS,UPS,Assigned,E1405036822,NPS,EA2120,"31,000",2016-01-26,Bunon,873,"Zahid Hasan",Merchandising,SWR,SDL,SDL,zhasan,,,,,,,,,,"4,800",,,,,,"20161262/Bunon (1 yars warranty)"
BD-02085,,1,,UPS,UPS,"Need to Dispose",E1405036955,NPS,EA2120,"4,800",2016-01-26,Bunon,873,"Shaifuddin Khaled (Sumon)",BMT,LWR,SDL,SDL,skhaled,,,,,,,,,,4800,,,,,,"20161262/Bunon (1 yars warranty)"
BD-02086,,,,UPS,UPS,Assigned,E1405036956,NPS,EA2120,"4,800",2016-01-26,Bunon,873,"Imran Hossain(QMAT)",LAB,LWR,,SDL,imhossain,,,,,,,,,,4800,,,,,,"20161262/Bunon (1 yars warranty)"
BD-02087,11004000212,,,Display,Monitor,Assigned,CN-OMMK39-72872-58H-DR9I-A00,Dell,E1916HV,"8,600",2015-01-05,,,"Matiur Rahman ",Store,LWR,,SDL,matrahman,,,,,,,,,,,,,,,,
BD-02088,11004000213,1,,Display,Monitor,Disposed,CN-OMMK39-72872-58J-DTFI-A00,Dell,E1916HV,"8,600",2015-01-05,,,"Maksudul Haque",Cutting,LWR,SDL,SDL,mahaque,,,,,,,,,,,,,,,,
BD-02089,,N/A,,Display,Monitor,"Need to Dispose",ZZAEH4LGA02305V,SAMSUNG,S19D300NY,"6,400",2016-02-16,,,Mashruf,Cutting,LWR,SIL,SDL,mashhossain,,,,,,,,,,,,,,,,
BD-02090,,n/a,,Display,Monitor,Assigned,ZZAEH4LGB01679Y,SAMSUNG,S19D300NY,"6,400",2016-02-16,,,"Shohanur Rahman",Production,LWR,SWL,SDL,shorahman,,,,,,,,,,,,,,,,
BD-02091,,1,,Display,Monitor,Assigned,G05XHYCG301367,SAMSUNG,S19D300NY,"6,400",2016-03-20,"Smart Technology",920,"Rumana Khatun",Production,LWR,SDL,SDL,wali,,,,,,,,,,,,,,,,"Smart Jamuna/14 53400/3yars wrnty"
BD-02092,,,,UPS,UPS,Assigned,1505071000033,NPS,PCX-1200VA,"4,800",2016-03-19,Bunon,920,"Asish Kumar",Store,LWR,SDL,SDL,askumar,,,,,,,,,,4800,,,,,,
BD-02093,,,,UPS,UPS,Disposed,1505071000034,NPS,PCX-1200VA,"4,800",2016-03-19,Bunon,920,,MIS,LWR,,SDL,,,,,,,,,,,4800,,,,,,
BD-02094,11004000001,na,SDLD452A,Computer,Desktop,Assigned,1S10AXA22RIHPC05D9SL,Lenovo,"ThinkCentre M73","31,000",2016-02-16,Global,895,mahasan,Lab,LWR,SDL,SDL,"Mahmudul Hasan",,,"Intel Core i3",3.00,,500,8192,,,,"WIN 11 Pro",2025-07-14,,"Win 10 Pro",,"Temporary assign to LAB  SDL"
BD-02095,11004000193,n/a,SDLL185B,Computer,Laptop,Disposed,5CD5487XN4,HP,"Probook 440 G3","68,000",2016-04-07,"Smart Jamuna",936,"Mohammad Shafiq",Planning,LWR,SIL,SDL,mshafiq,,,"Intel Core i5",2.30,500,,"8192 ",,,,"WIN10 Pro",2020-10-24,Yes,"Win 10 Pro",QH66X-GFNGK-R3XKY-BGHG8-JFG6R,"Smart Jamuna/14 - 65325/1 yars wrnty"
BD-02096,,1,DEWBDSDLS22,Network,Switch,Assigned,"DNI191705ET ",Linksys,"SF300-24 24-Port 10/100 ","10,500",2016-03-02,"South Bangla",,"SILServer Room Rack",MIS,LWR,SDL,SDL,MIS,,,,,,,,10.140.2.22,,,,,,,,
BD-02097,,n/a,SDLL218A,Computer,Laptop,Assigned,CNU1423PQT,HP,"Probook 4330s","61,000",2013-01-01,,,"Rabiul Alam",Sample,LWR,SWL,SDL,ralam,,,"Intel Core i5",2.4,,500,8192,,,,"WIN10 Pro",,B-185,"Windows 7 Pro OEM",238PR-8DTC8-RH9V9-63447-GW3WW,
BD-02098,,,10.140.40.60,Phone,CIPT,Assigned,FCH10468320,Cisco,7940,"3,500",2009-03-02,,,"Sazzadur Khan","Marketing & Merchandising",SWR,,SDL,skhan,,,,,,,,,10.140.40.60,,,,,,,"Bring it from UK by David February-2016"
BD-02099,,,DEWBDSDLS23,Network,Switch,Assigned,DNI191904XV,Linksys,"SF300-24 24-Port 10/100 ","10,500",2016-03-02,"South Bangla",,"SILServer Room Rack",MIS,LWR,,SDL,MIS,,,,,,,,,,,,,,,,
BD-02100,11004000087,,DEWBDSDLS24,Network,Switch,Assigned,DNI191904XB,Linksys,"SF300-24 24-Port 10/100 ","10,500",2016-03-02,"South Bangla",,"SILServer Room Rack",MIS,LWR,,SDL,MIS,,,,,,,,,,,,,,,,
BD-02101,,,DEWBDSDLS25,Network,Switch,Assigned,DNI191705FN,Linksys,"SF300-24 24-Port 10/100 ","10,500",2016-03-02,"South Bangla",,"SILServer Room Rack",MIS,LWR,,SDL,MIS,,,,,,,,,,,,,,,,
BD-02102,,,,UPS,UPS,Disposed,,"Micro ",1000VR,"4,800",2012-05-18,"Micromax Power Solution",963,,MIS,LWR,,SDL,,,,,,,,,,,6700,,,,,,
BD-02103,,n/a,,UPS,UPS,Assigned,,"Micro ",1000VR,"4,800",2016-05-18,"Micromax Power Solution",946,"Shohanur Rahman",Production,LWR,SWL,SDL,shorahman,,,,,,,,,,4700,,,,,,
BD-02104,21004000198,n/a,SDLD417A,Computer,Desktop,"Need to Dispose",9T1CS62,Dell,"Optiplex 3020","48,000",2016-01-31,"Smart Jamuna",,"Tofiqul Islam",Operation,LWR,SIL,SDL,Toislam,,,"Intel  Core i5 ",3.20,,500,"4096 ",,,,"WIN10 Pro",,,"Windows 7 Pro OEM",B2WTD-DJNGF-7Y4RJ-JXWWD-GF4C4,
BD-02105,,N/A,,UPS,UPS,Assigned,1361604140098,Digilog,UPS-1200VA,"4,800",2016-05-18,"Micromax Power Solution",946,"Rubel Hossain",Production,LWR,SWL,SDL,ruhossain,,,,,,,,,,4700,,,,,,
BD-02106,11004000139,n/a,SDLD610,Computer,Desktop,Assigned,F7MSAC003795,Asus,"VIVO PC VM62","48,500",2016-07-25,"Global Brand",1010,"Temp. Assign Samol Roy",Production,LWR,SDL,SDL,"Samol Roy",,,"Intel core i5",3.00,500,,16384,,,,"WIN10 Pro",2024-10-03,,"Win 10 Pro",XKCKP-NPB7W-4HTDN-JHBKB-YWRC4,
BD-02107,,1,SDLD423E,Computer,Desktop,Assigned,25J7YC2,Dell,"Optiplex 5040","48,000",2014-07-19,,1013,"Imran Hossain2",Cutting,LWR,SDL,SDL,imrhossain,,,"Intel core i5",3.2,256,,8192,,,,"WIN10 Pro",,,"Win 10 Pro",32KD2-K9CTF-M3DJT-4J3WC-733WD,
BD-02108,,,,Display,Monitor,Assigned,ZZJLH4TH202745H,Samsung,LS19F350HNWXXL,"4,700",2016-05-18,"Micromax Power Solution",946,"Taslima Akter",IE,LWR,,SDL,takter,,,,,,,,,,"4,700",,,,,,
BD-02109,21004000120,1,,Projector,Projector,Assigned,BQWj44600300,InFocus,IN226,"39,000",2016-06-27,"IOE (Bangladesh) Limited",990,"Temp Assign For SDL HR","Human Resource",LWR,SDL,SDL,,,,,,,,,,,39000,,,,,,
BD-02110,41004000039,,,Projector,Projector,Stock,BQWJ44600176,InFocus,IN226,"39,000",2016-06-27,"IOE (Bangladesh) Limited",990,,MIS,LWR,,SDL,,,,,,,,,,,39000,,,,,,
BD-02111,,n/a,,UPS,UPS,Assigned,163230,"ATA ","UPS-1200VA ","4,800",2016-06-16,"DIgilog System ",982,"Mahfujul Alam",HR,LWR,SIL,"Shanta Denim Limited",maalam,,,,,,,,,,4800,,,,,,
BD-02112,,n/a,SDLL189,Computer,Laptop,Stock,HTYC9B2,Dell,"Vostro 14 5459","64,500",2016-08-03,"Computer Source/INV-CSLIR-2016-01026",991,"Ex user Nibaron Chandro",MIS,LWR,SDL,SDL,"Ex user nchandro",,,"Intel Core   i5",2.30,480,,"8192 ",,,,"WIN11 Pro",2025-09-10,B-371,"Win 10 Pro",KKVF9-NJHJK-TBM24-DGV7G-9KXTR,"Computer SourceINVCSLIR2016010261 yars wrnty"
BD-02113,11004000007,,10.140.8.54,T&A,"Attendance Device",Assigned,7306829,FingerTec,Timeline-100,"26,000",2016-09-12,"GENERAL AUTOMATION LTD.",806,"SDL Payroll",HR,LWR,,SDL,Payroll,,,,,,,,,10.140.8.54,,,,,,,"Device Activation Code: XTPXQJUW (Product Key: MSG2-V5MH-AJ86)"
BD-02114,110011000003,,10.140.8.55,T&A,"Attendance Device",Assigned,7306813,FingerTec,Timeline-100,"26,000",2016-09-12,"GENERAL AUTOMATION LTD.",806,"SDL Payroll",HR,LWR,,SDL,Payroll,,,,,,,,,10.140.8.55,,,,,,,"Device Activation Code: C9CPSQ6K (Product Key: J7BP-RC5F-D9FS)"
BD-02115,21004000099,,10.140.8.60,T&A,"Attendance Device",Assigned,7314060,FingerTec,Timeline-100,"26,000",2016-01-24,"GENERAL AUTOMATION LTD.",869,"SDL Payroll",HR,LWR,,SDL,Payroll,,,,,,,,,10.140.8.60,,,,,,,"Device Activation Code: 33QDJKZN (Product Key: PEL4-ED5T-AXVG)"
BD-02116,110011000006,,10.140.8.61,T&A,"Attendance Device",Assigned,7314064,FingerTec,Timeline-100,"26,000",2016-01-24,"GENERAL AUTOMATION LTD.",869,"SDL Payroll",HR,LWR,,SDL,Payroll,,,,,,,,,10.140.8.61,,,,,,,"Device Activation Code: K7673C8Z (Product Key:WXT7-6RQW-RWGV)"
BD-02117,110011000007,,10.140.8.65,T&A,"Attendance Device",Assigned,7314847,FingerTec,Timeline-100,"26,000",2016-05-10,"GENERAL AUTOMATION LTD.",937,"SDL Payroll",HR,LWR,,SDL,Payroll,,,,,,,,,10.140.8.65,,,,,,,"Device Activation Code: GSYMXWL8 (Product Key:TUQ5-43UW-YPW8)"
BD-02118,,n/a,SDLL180B,Computer,Laptop,Disposed,2CE2342JC6,HP,"Probook 4440s","61,000",2013-01-01,,,"Ashraful Karim",Store,LWR,SIL,SDL,askarim,,,"Intel Core i5",2.5,480,,8192,,,,"WIN10 Pro",2021-08-23,Yes,"PC 7 Pro",KG7B6-JQBFG-4HDDT-8RK6D-43TFC,
BD-02119,,,,Phone,CIPT,Stock,INM08421YFD,Cisco,7940,"3,500",2009-01-01,,,,MIS,LWR,,DBO,,,,,,,,,,,,,,,,,
BD-02120,,,,Computer,Laptop,Disposed,1C111876H,Toshiba,"Portage R830 - 13C","61,000",2011-01-01,,,,MIS,LWR,,DBO,,,,"Intel Core i5",2.5,500,,8192,,,,"WIN10 Pro",,,"PC 7 Pro",4HYWK-QKBYW-BVV8D-8P6M6-8G8V6,"This laptop past user was Christopher Craig"
BD-02121,,,,Phone,CIPT,Stock,FCH10298AFD,Cisco,7941,"3,500",2009-01-01,,,,,LWR,,DBO,Disposed,,,,,,,,,,,,,,,,"This phone was lost when the office move to 'Shehzad Place'"
BD-02122,,1,SDLP032,Printer,Printer,Assigned,CNC1T42474,HP,"Laserjet 2015n","15,000",2009-01-01,,,,HR,LWR,SDL,"Shanta Denim Limited",,,,,,,,,10.140.7.32,,,,,,,,"SIL Spare Printer HP Laserjet P2015 Toner Model 49X"
BD-02123,,,,Phone,CIPT,Stock,INM09341RH0,Cisco,7940,"3,500",2009-01-01,,,,MIS,LWR,,DBO,stock,,,,,,,,,,,,,,,,
BD-02124,,NA,DBOL111A,Computer,Laptop,Disposed,2CE0470C3R,HP,"Probook 4520s","48,000",2013-07-08,,,,MIS,LWR,DBO,"Dhaka Buying Office",,,,"Intel Core i5",2.53,,500,2048,,,,"WIN10 Pro",,Yes,,,
BD-02125,,,"Ex. DBOL015A",Computer,Laptop,Disposed,CNU948479D,HP,"Probook 4410s","28,000",2010-01-01,,,,,LWR,,DBO,Disposed,,,"Intel Core 2 duo",2.1,,320,2048,,,,"WIN7 Pro",,,,,
BD-02126,,,dewbddbor01,Network,Router,Assigned,FGL1914201T,Cisco,1941,"90,000",2013-01-01,,,,MIS,LWR,,DBO,System,,,,,,,,,10.139.1.1,,,,,,,
BD-02127,,,"Ex. DBOL027B",Computer,Laptop,Disposed,CNU91449N6,HP,"Compaq 2230s","28,000",2009-01-01,,,"Saikat Ruhul",Fabric,MWR,,DBO,"Kept in Server Room",,,"Intel Core 2 duo",2,,160,3072,,,,"WIN7 Pro",,,,,
BD-02128,,,,Phone,CIPT,Stock,FCH13288WW9,Cisco,7941,"3,500",2009-01-01,,,,MIS,MWR,,DBO,,,,,,,,,,,,,,,,,
BD-02129,,,,Phone,CIPT,Stock,FCH13309JZT,Cisco,7941,"3,500",2009-01-01,,,,MIS,LWR,,DBO,,,,,,,,,,,,,,,,,
BD-02130,,,"Ex. DBOL040C",Computer,Laptop,Disposed,CNU1502VC3,HP,"Probook 4330s","44,000",2011-01-01,,,"Mamunur Rashid","Marketing & Merchandising",LWR,,AKH,"mrashid (Stolen)",,,"Intel Core i3",2.3,,320,4096,,,,"WIN7 Pro",,,"PC 7 Pro",YW2WG-HRPKX-7GDR8-7Y3PR-HB329,"This laptop past user was Anupam Kumar, Fabric tech."
BD-02131,,,DBOL026B,Computer,Laptop,Disposed,2CE7393JXS,HP,"Compaq Preserio V3000","22,000",2007-01-01,,,"Carolyn Jones","Marketing & Merchandising",LWR,,DBO,"Kept in Server Room",,,"Intel Celeron",1.73,,80,1024,,,,"WIN7 Pro",,,,,
BD-02132,,,,Phone,CIPT,Stock,FCH1330ASWS,Cisco,7941,"3,500",2009-01-01,,,,MIS,MWR,,SHO,,,,,,,,,,,,,,,,,
BD-02133,11004000170,n/a,DBOL046D,Computer,Laptop,Disposed,CNU2022474,HP,"Probook 4430s","61,000",2013-01-01,,,"Abul Basher",Oparetion,LWR,DBO,DBO,abasher,,,"Intel Core i5",2.5,,500,4096,,,,"WIN10 Pro",,B-125,"PC 7 Pro",MR6CV-QGHRP-TJM4R-V2TVB-JVRKJ,
BD-02134,,,,Phone,CIPT,Assigned,FCH1330AS6Z,Cisco,7941,"3,500",2009-01-01,,,,MIS,LWR,,DBO,,,,,,,,,,,,,,,,,
BD-02135,,,,Network,Router,Stock,,Cisco,1941,"90,000",2013-01-01,,,,MIS,LWR,,DBO,,,,,,,,,,,,,,,,,
BD-02136,,,,Phone,CIPT,Stock,FCH10298L4K,Cisco,7941,"3,500",2009-01-01,,,,,LWR,,DBO,Stock,,,,,,,,,,,,,,,,
BD-02137,,NA,,Phone,CIPT,Stock,FCH132892HR,Cisco,7941,"3,500",2009-01-01,,,,MIS,LWR,SDL,SDL,,,,,,,,,,,,,,,,,
BD-02138,,,,Phone,CIPT,Stock,FCH102890VX,Cisco,7941,"3,500",2009-01-01,,,,MIS,LWR,,DBO,,,,,,,,,,,,,,,,,
BD-02139,,,"Ex. DBOL034A",Computer,Laptop,Disposed,CNF8170JLT,HP,"Compaq 2510p","28,000",2008-01-01,,,,MIS,LWR,,DBO,"Kept in Server Room",,,"Intel Core 2 duo",2.2,,320,2048,,,,,,,,,
BD-02140,,,"Ex. DBOL011A",Computer,Laptop,Disposed,CNU94308DF,HP,"Probook 4410s","28,000",2010-01-01,,,,MIS,LWR,,DBO,Disposed,,,"Intel Core 2 duo",2.53,,320,2048,,,,"WIN7 Pro",,,,,
BD-02141,,,,Phone,CIPT,Stock,FCH102989TV,Cisco,7941,"3,500",2009-01-01,,,,,LWR,,DBO,Stock,,,,,,,,,,,,,,,,
BD-02142,,,DBOL133,Computer,Laptop,Disposed,CNU1523F58,HP,"Probook 4430s","61,000",2013-01-01,,,,MIS,LWR,,DBO,,,,"Intel Core i5",2.5,,500,,,,,"WIN7 Pro",,,"PC 7 Pro",N/A,
BD-02143,,,,Phone,CIPT,Stock,FCH10288ZUN,Cisco,7941,"3,500",2009-01-01,,,,,LWR,,DBO,Stock,,,,,,,,,,,,,,,,
BD-02144,,,DBOL019A,Computer,Laptop,Disposed,CNF02022B,HP,"Probook 4420s","36,000",2010-06-07,,,,MIS,LWR,,SDL,,,,"Intel Core i3",2.13,,500,2048,,,,"WIN7 Pro",,,,,"Transfered to SDL (19/01/2015)"
BD-02145,21004000176,N/A,DBOL065F,Computer,Laptop,Assigned,2CE2252D9Y,HP,"Probook 4440s","61,000",2013-01-01,,,"Shahadat Hossain 2","Qaulity Assurance",LWR,DBO,"Dhaka Buying Office",shahdhossain,,,"Intel Core i5",2.5,500,,8192,,,,"WIN7 Pro",,Yes,"PC 7 Pro",FF66X-7XR9J-MTKPD-6V4WT-QJV48,
BD-02146,,,,Display,Monitor,Assigned,3CQ9293F98,HP,"1853m 18.5""","8,500",2012-01-01,,,"Shahen Hasan",Finance,LWR,,SHO,shasan,,,,,,,,,,,,,,,,
BD-02147,,n/a,SDLD470,Computer,Desktop,Disposed,SGH9340F02,HP,"Compaq Dx7500 MT","37,000",2010-01-01,,,"Shahidul Islam",Cutting,LWR,SIL,SDL,shahislam,,,"Intel Core 2 duo",2.8,,500,4096,,,,"WIN10 Pro",,,"PC 7 Pro",84RHY-JCTJR-HDWB2-7MH6J-969HT,
BD-02148,,,,UPS,UPS,Disposed,073480084IT00LI,Emerson,iton600,"2,800",2010-01-01,,,,Finance,LWR,,SHO,,,,,,,,,,,,,,,,,
BD-02149,,,,Phone,CIPT,Stock,FCH110595G4,Cisco,7940,"3,500",2009-01-01,,,,MIS,MWR,,DBO,,,,,,,,,,,,,,,,,
BD-02150,,,,Phone,CIPT,Stock,FCH102890JL,Cisco,7941,"3,500",2009-01-01,,,,MIS,LWR,,SHO,,,,,,,,,,,,,,,,,
BD-02151,,n/a,DBOL048B,Computer,Laptop,Disposed,CNU202242G,HP,"Probook 4430s","61,000",2013-01-01,,,"Lutfur Rahman3",Technical,MWR,DBO,"Dhaka Buying Office",lutrahman,,,"Intel Core i5",2.5,,500,4096,,,,"WIN10 Pro",,Yes,,,
BD-02152,,,"Ex. DBOL006A",Computer,Laptop,Disposed,CNU932556V,HP,"Compaq 510","28,000",2008-01-01,,,,MIS,MWR,,DBO,"Disposed (asaha  STOLEN)",,,"Intel Core 2 duo",2,,320,2048,,,,"WIN7 Pro",,,,,
BD-02153,,,,Phone,CIPT,Assigned,FCH123593EE,Cisco,7940,"3,500",2009-01-01,,,,"Marketing & Merchandising",MWR,,DBO,,,,,,,,,,,,,,,,,
BD-02154,21004000153,n/a,DBOL055D,Computer,Laptop,Disposed,CNU2131C0N,HP,"Probook 4530s","61,000",2012-01-01,,,"temp assign to Abu tarik",MIS,MWR,SIL,"Shanta Denim Limited",,,,"Intel Core i5",2.5,,500,8192,,,,"WIN10 Pro",2020-07-16,Yes,"PC 7 Pro",N/A,
BD-02155,11004000069,,DBOL109,Computer,Laptop,Disposed,CNF1037ZY7,HP,"Probook 4420s","36,000",2010-06-07,,,"Jahid Hossain",Quality,LWR,,DBO,jahossain,,,"Intel Core i3",2.53,,500,2048,,,,"WIN7 Pro",,,,,
BD-02156,,,,Phone,CIPT,Stock,FCH13318B1P,Cisco,7941,"3,500",2009-01-01,,,,MIS,MWR,,DBO,,,,,,,,,,,,,,,,,
BD-02157,,,,Phone,CIPT,Stock,FCH13338Y38,Cisco,7941,"3,500",2009-01-01,,,,MIS,LWR,,DBO,,,,,,,,,,,,,,,,,
BD-02158,,,,Display,Monitor,Assigned,3CQ9362ZVX,HP,"1859m 18.5""","8,500",2012-01-01,,,"Saravanan Jayaraman ",MIS,MWR,,DBO,sjayaraman,,,,,,,,,,,,,,,,
BD-02159,,n/a,SDLD112C,Computer,Desktop,Assigned,SGH110S51G,HP,"Pro 2000 MT","25,000",2010-01-01,,,"Afzal Hossain 2",Production,MWR,SIL,SDL,afzhossain,,,"Intel Duel Core",2.8,,320,4096,,,,"WIN10 Pro",,,None,,
BD-02160,,,,UPS,UPS,Disposed,93303293,Apollo,1065A,"2,800",2010-01-01,,,,,MWR,,DBO,"Disposed/Dumping Station",,,,,,,,,,,,,,,,
BD-02161,,,"Ex. DBOL112",Computer,Laptop,Disposed,5CG1030BBC,HP,"Compaq 420","28,000",2008-01-01,,,"Qc Eco",Quality,MWR,,AKH,qceco,,,"Intel Core 2 duo",2.2,,320,2048,,,,"WIN7 Pro",,,,,
BD-02162,,,DBOP004,Printer,Printer,Disposed,MOF434500,Brother,MFC-6490cw,"28,000",2011-01-01,,,,,LWR,,DBO,"Send to SIL",,,,,,,,,,,,,,,,
BD-02163,,,"Ex. DBOL014B",Computer,Laptop,Disposed,CNU0013SNM,HP,"Compaq 510","28,000",2008-01-01,,,,,MWR,,DBO,"Kept By Chancal",,,"Intel Core 2 duo",2,,320,2048,,,,"WIN7 Pro",,,,,"This laptop past user was Ziaur Rahman (Assistant Merchandising)"
BD-02164,,,,Phone,CIPT,Assigned,FCH1235AJ0C,Cisco,7940,"3,500",2009-01-01,,,"Abu Saleh",Compliance,LWR,,DBO,asaleh,,,,,,,,,,,,,,,,
BD-02165,11004000104,N/A,SDLL033F,Computer,Laptop,Disposed,CNU2131CPR,HP,"Probook 4530s","61,000",2012-01-01,,,"Masum Anwar",Planning,LWR,SDL,"Shanta Denim Limited",manwar,,,"Intel Core i5",2.5,500,,8192,,,,"WIN10 Pro",2021-04-15,Yes,"PC 7 Pro",N/A,
BD-02166,,,,Phone,CIPT,Assigned,FCH10298L1T,Cisco,7941,"3,500",2009-01-01,,,"Suman Maitra",Fabric,MWR,,DBO,smitra,,,,,,,,,,,,,,,,
BD-02167,,,DBOL002C,Computer,Laptop,Disposed,CNU9334TTM,HP,"Probook 4320s","28,000",2010-01-01,,,,MIS,MWR,,DBO,,,,"Intel Core 2Duo",2.1,,320,3072,,,,"WIN7 Pro",,,"PC Vista Business",D8MQK-2TYG8-XQFYW-QRKH8-X7KYR,
BD-02168,,,DBOP002,Printer,"Printer ",Disposed,EYV02269,Canon,MF8000,"3,900",2013-01-01,,,,,LWR,,DBO,"Send to SIL",,,,,,,,,,,,,,,,
BD-02169,,,,Phone,CIPT,Stock,INM08041DH4,Cisco,7940,"3,500",2009-01-01,,,,MIS,MWR,,DBO,,,,,,,,,,,,,,,,,
BD-02170,,,"Ex. DBOL023C",Computer,Laptop,Disposed,27758432G,Toshiba,"Satellite Pro U-200","28,000",2007-01-01,,,,,LWR,,DBO,"Kept in Server Room",,,"Intel Pentium 4",1.8,,80,1024,,,,,,,,,
BD-02171,,,DBOL039G,Computer,Laptop,Disposed,CNU1502V8T,HP,"Probook 4330s","44,000",2011-01-01,,,,MIS,LWR,SIL,DBO,,,,"Intel Core i3",2.3,,320,8192,,,,"WIN10 Pro",,no,"PC 7 Pro",BRJX2-BVK4M-H4H6H-36HQB-Q9PPR,
BD-02172,,,,Phone,CIPT,Stock,INM08271HX8,Cisco,7940,"3,500",2009-01-01,,,,,LWR,,DBO,Stock,,,,,,,,,,,,,,,,
BD-02173,,,,Phone,CIPT,Assigned,FCH13318AY7,Cisco,7941,"3,500",2009-01-01,,,"Shariful Islam","Marketing & Merchandising",LWR,,DBO,shaislam,,,,,,,,,,,,,,,,
BD-02174,,,,Phone,CIPT,Assigned,INM08271J1P,Cisco,7940,"3,500",2009-01-01,,,"Wahid Muhammed",Commercial,LWR,,SHO,wmuhammed,,,,,,,,,,,,,,,,"Keep it his home"
BD-02175,,,,UPS,UPS,Stock,"Not Visible",Smartguard,N/A,"2,800",2010-01-01,,,,MIS,LWR,,SDL,,,,,,,,,,,,,,,,,
BD-02176,,,DEWBDSDLS203,Network,Switch,Assigned,FOC1530X6AB,Cisco,"2960 S Series PoE+","90,000",2010-01-01,,,"SIL Cutting rack",MIS,LWR,,SDL,System,,,,,,,,,10.140.2.203,,,,,,,"Trannfer From DBO"
BD-02177,,,DEWBDDBOS05,Network,Switch,Assigned,FOC1530X5AK,Cisco,"2960 S Series PoE+","90,000",2010-01-01,,,,MIS,LWR,,DBO,"Swich Rack",,,,,,,,,,,,,,,,
BD-02178,,,DEWBDDBOS04,Network,Switch,Assigned,FOC1520Z2TY,Cisco,"2960 S Series PoE+","90,000",2010-01-01,,,,MIS,LWR,,DBO,"Swich Rack",,,,,,,,,,,,,,,,
BD-02179,,,DEWBDDBOS03,Network,Switch,Assigned,FOC1530X5D0,Cisco,"2960 S Series PoE+","90,000",2010-01-01,,,,MIS,LWR,,DBO,"Swich Rack",,,,,,,,,,,,,,,,
BD-02180,,NA,DBOL036E,Computer,Laptop,Disposed,CNU1423PZN,HP,"Probook 4330s","61,000",2011-01-01,,,,MIS,LWR,DBO,DBO,,,,"Intel Core i5",2.4,,620,4096,,,,"WIN10 Pro",,Yes,"PC 7 Pro",N/A,
BD-02181,,,DBOL009C,Computer,Laptop,Disposed,CNU9325SMR,HP,"Compaq 510","28,000",2008-01-01,,,"Abul Basher",Quality,MWR,,GBL,abasher,,,"Intel Core 2 duo",2,,160,2048,,,,"WIN7 Pro",,,,,"This laptop past user was Shakowat Hussain"
BD-02182,11004000170,n/a,SDLL301,Computer,Laptop,Disposed,CNU20500LV,HP,"Probook 4430s","61,000",2013-01-01,,,"Ex. Anik Khan",Quality,MWR,DBO,"Dhaka Buying Office",ankhan,,,"Intel Core i5",2.5,500,,8192,,,,"WIN10 Pro",2021-09-06,B-245,"PC 7 Pro",FDFVC-QP9JD-946CG-D4XJC-YV8HR,
BD-02183,,n/a,SDLL273,Computer,Laptop,"Need to Dispose",CNU1502VCJ,HP,"Probook 4330s","44,000",2011-01-01,,,"Jannatul Barik","Operation & Planning",LWR,SWL,"Shanta Denim Limited",jbarik,,,"Intel Core i3",2.3,500,,8192,,,,"WIN10 Pro",2019-12-29,,"PC 7 Pro",9H4P9-8QVXF-6BRBH-R7KF3-FKWG7,
BD-02184,21004000196,INV-STETB-2016-034800,SDLD429C,Computer,Desktop,Assigned,SN163150192065,Clone,GA-H110M-DS2V-WP,"20,100",2016-11-01,"Startech ",1060,"Badol Hossain",Sample,LWR,SWL,SDL,bhossain,,Gigabyte,"Intel Core i3",3.7GHZ,256,,8192,,,,"WIN10 Pro",2022-08-18,,,,
BD-02185,,,DBOL042C,Computer,Laptop,Transferred,CNU1502TX0,HP,"Probook 4330s","44,000",2011-01-01,,,,,LWR,,DBO,"Transfered to SDL (20/01/2015)",,,"Intel Core i3",2.3,,320,4096,,,,"WIN7 Pro",,,"PC 7 Pro",PQ8B2-4WHV7-4FXT4-2FFT3-WF3CB,"Transfered to SDL (20/01/2015)"
BD-02186,,,,Display,Monitor,Assigned,CN00N0DK7426163Q180U,Dell,E2416H,12000/=,2016-08-09,"Startech ",1013,Vstitcher,pcc,SWR,,SDL,vstitcher,,,,,,,,,,,,,,,,"Startech/INV-STETB-2016-034800/3 yrs wrnty"
BD-02187,,,DBOL008A,Computer,Laptop,Disposed,CNU9289MTL,HP,"Compaq 510","28,000",2008-01-01,,,"Rabbani Ali Rony",Quality,LWR,,DBO,rrony,,,"Intel Core 2Duo",2,,160,2048,,,,"WIN7 Pro",,,,,
BD-02188,11004000140,n/a,SDLD485A,Computer,Desktop,Service,F7MSAC003774,Asus,"VIVO PC VM62","48,500",2016-07-25,"Global Brand",1010,"Store Loading Area 1",Operation,LWR,SIL,SDL,"Store Loading Area 1",,,"Intel core i5",3.00,256,,8192,,,,"WIN10 Pro",,,"Win 10 Pro",MJDMJ-HWNPV-FXMMP-B6TPY-F9CKF,"Mini desktop PC"
BD-02189,11004000105,n/a,SDLL206C,Computer,Laptop,Assigned,CNU213110R,HP,"Probook 4530s","51,000",2012-01-01,,,"Ridwanul Hyder",Fabric,LWR,SIL,SDL,rihyder,,,"Intel Core i5",2.5,,500,4096,,,,"WIN10 Pro",2020-12-08,Yes,"PC 7 Pro",TPJH6-48QVW-Y6FHM-MGMQY-87DV2,
BD-02190,11004000084,1,,Display,Monitor,Assigned,CN41190WTK,HP,"S1932 19","8,500",2012-01-01,,,"Rezaul Karim",Commercial,LWR,HO,SHO,rkarim,,,,,,,,,,,,,,,,
BD-02191,,,EDI,Computer,Desktop,Disposed,BTAV52620841AAC64138402,Clone,"D915 ","13,000",2008-01-01,,,Disposed,Commercial,LWR,,SHO,Disposed,,,,,,,,,,,,,,,,
BD-02192,,,,UPS,UPS,Assigned,21454,Micro,UVS-1000,"4,800",2012-01-01,,,"Abu Rahat",Finance,LWR,,DBO,arahat,,,,,,,,,,,,,,,,
BD-02193,11004000113,NA,DBOL053G,Computer,Laptop,Assigned,CNU1152NTN,HP,"Probook 4530s","51,000",2012-01-01,,,"Temp Assign to Jahid Hossain","Qaulity Assurance",MWR,DBO,"Dhaka Buying Office",jahossain,,,"Intel Core i3",2.1,480,,8192,,,,"WIN10 Pro",2021-01-19,B-381,"PC 7 Pro",GQ3MT-8PQWB-2CRQT-JFRRM-8VBRY,
BD-02194,11004000084,,,Display,Monitor,Assigned,CN41190VVP,HP,"S1932 19""","8,500",2012-01-01,,,"Anisur Rahman",Procurement,LWR,,SHO,anisrahman,,,,,,,,,,,,,,,,
BD-02195,,n/a,SDLD283F,Computer,Desktop,"Need to Dispose",94M0AD024990,Clone,P5KPLAM,"14,000",2011-01-01,,,"Jahidul Islam 3",IE,LWR,SDL,SDL,jahislam,,,"Intel Duel Core",2.5,,1024,3116,,,,"WIN10 Pro",,,None,,
BD-02196,,,,UPS,UPS,Disposed,2201,Micro,UVS-1000,"4,800",2012-01-01,,,,,LWR,,SHO,Disposed,,,,,,,,,,,,,,,,
BD-02197,41004000028,NA,SDLL275,Computer,Laptop,Assigned,2CE2251S6R,HP,"Probook 4440s","61,000",2013-01-01,,,"Golam Rabbani",Production,LWR,SDL,"Shanta Denim Limited",grabbani,,,"Intel Core i5",2.5,480,,8192,,,,"WIN10 Pro",2021-01-21,B-420,"PC 7 Pro",Q66M2-QQV2R-YRD4B-4X73X-F884K,
BD-02198,11004000175,N/A,DBOL059E,Computer,Laptop,"Need to Dispose",CNU21311P9,HP,"Probook 4530s","51,000",2012-01-01,,,"Temp assign to TCQC Mannan",Compliance,LWR,SIL,"Shanta Denim Limited",matcqc,,,"Intel Core i5",2.5,256,,8192,,,,"WIN10 Pro",2022-06-20,B-118,"PC 7 Pro",YCYMG-JHWTV-7242V-3MXR6-P9H3X,
BD-02199,,,,Display,Monitor,Assigned,CNT141B84L,HP,"Compaq LE1902x 19""","8,500",2012-01-01,,,"Front Desk",HR,LWR,,SHO,Afrin,,,,,,,,,,,,,,,,
BD-02200,11004000142,n/a,,Computer,Desktop,Disposed,F7MSAC003800,Asus,"VIVO PC VM62","48,500",2016-07-25,"Global Brand",1010,,MIS,LWR,SIL,SDL,,,,"Intel core i5",3.00,,,,,,,"WIN10 Pro",2022-08-24,,"Win 10 Pro",YGCN4-XH47Q-GTGH9-FR3DN-RGDGR,"Last serviced on December15 2023 by Morshed"
BD-02201,,,,UPS,UPS,Disposed,B04K320020029A6,Luminous,"600VA Solo","2,800",2010-01-01,,,,MIS,LWR,,SHO,,,,,,,,,,,,,,,,,
BD-02202,,,,Display,Monitor,Assigned,CNT142B6NL,HP,"Compaq LE1902x 19""","8,500",2012-01-01,,,"Sanaulla Bhuiyan",Fianance,LWR,sbhuiyan,SHO,,,,,,,,,,,,,,,,,
BD-02203,21004000103,1,,Display,Monitor,Disposed,NE5UHMAZC01424J,Samsung,"B1930 19","8,500",2011-01-01,,,"Mahtab Hossain",Finance,LWR,HO,SHO,mahossain,,,,,,,,,,,,,,,,
BD-02204,,n/a,SDLD582,Computer,Desktop,Assigned,190449140006543,Clone,"PRIME H310M-E R2.0","29,805",2019-07-11,"Global Brand/inv-INV-GBLGL-2019-004238/2 yr wrnty(MainBoard)",,"Taslima Akter","Industrial Engineering",LWR,SIL,"Shanta Denim Limited",takter,,"ASUS Prime H310M-E","Intel Core i3",3.6,,1024,"8192 ",,,,"WIN7 Pro",,,None,,
BD-02205,,,,UPS,UPS,Disposed,2N08001215,Socomec,600VA,"2,800",2010-01-01,,,"Rafiqul Islam",Commercial,LWR,,SHO,raislam,,,,,,,,,,,,,,,,
BD-02206,,,,Display,Monitor,Assigned,CNT141B85H,HP,"Compaq LE1902x 19""","8,500",2012-01-01,,,"Masud Hossain",Finance,LWR,,SHO,mhossain,,,,,,,,,,,,,,,,
BD-02207,210011000013,N/A,SDLD109B,Computer,Desktop,Assigned,SGH152TDMW,HP,"Compaq 6200 Pro MT","37,000",2011-01-01,,,"Anwar Hossain 2","Building Mainentance",LWR,SWL,"Shanta Denim Limited",anwhossain,,,"Intel Core i3",3.1,,1000,8192,,,,"WIN7 Pro",2022-09-13,,"PC 7 Pro",38MR8-QVXR4-QF738-86RY8-76B8H,
BD-02208,21004000008,,,UPS,UPS,Disposed,N/A,Micro,UVS-1000,"4,800",2012-01-01,,,,MIS,LWR,,SHO,,,,,,,,,,,,,,,,,
BD-02209,,,,Display,Monitor,Assigned,G3LMTF130992,Asus,VS197,"6,500",2016-07-25,"Global Brand",1010,"Lal Chand",Production,LWR,,SDL,lchand,,,,,,,,,,,,,,,,
BD-02210,210011000014,,DBOD025,Computer,Desktop,Disposed,SGH152TDYK,HP,"Compaq 6200 Pro MT","37,000",2011-01-01,,,,MIS,LWR,,SDL,,,,"Intel Core i3",3.1,,500,4096,,,,"WIN7 Pro",,,"PC 7 Pro",4G494-RVH3B-R6K7F-TDX8K-HJFWC,"Send to SIL February 2016."
BD-02211,,,,UPS,UPS,Disposed,E100829934,"Power Guard",PG-2000AOF,"5,200",2010-01-01,,,,Finance,LWR,,SHO,Disposed,,,,,,,,,,,,,,,,
BD-02212,,,,Display,Monitor,Assigned,CNT141B84Y,HP,"Compaq LE1902x 19""","8,500",2012-01-01,,,"Mohammad Manir Hossain",Finance,LWR,,DBO,mmhossain,,,,,,,,,,,,,,,,
BD-02213,110011000001,N/A,SDLD585,Computer,Desktop,Assigned,SGH152TDSP,HP,"Compaq 6200 Pro MT","37,000",2011-01-01,,,"SIL Gate 1 CCTV ","Human Resource",LWR,SIL,"Shanta Denim Limited",scctv,,,"Intel Core i3",3.1,"120 GB",,8192,,,,"WIN7 Pro",,,"PC 7 Pro",HQPBV-DBK8V-6QXK7-HKFMM-VP4XR,
BD-02214,,,,UPS,UPS,Disposed,635500626,Vanstab,"Blazar 1000","4,800",2012-01-01,,,,,LWR,,SHO,"Disposed/Dumping Station",,,,,,,,,,,,,,,,
BD-02215,,,,Display,"CRT Monitor",Disposed,AU2A0711030840,Philips,107S7,"5,200",2005-01-01,,,,,LWR,,SHO,"Disposed/Dumping Station",,,,,,,,,,,,,,,,
BD-02216,,,"Ex. DBOD029",Computer,Desktop,Disposed,HFG311,Clone,865,"12,000",2007-01-01,,,"Scaner computer","SHO All",LWR,,SHO,"Stock (Keep in server room)",,,"intel P4",2.4,,80,1024,,,,"Win7 Pro",,,,,
BD-02217,,,,UPS,UPS,Disposed,267400,Micro,UVS-600,"2,800",2010-01-01,,,,MIS,LWR,,DBO,,,,,,,,,,,,,,,,,
BD-02218,,,,Scanner,Scanner,Disposed,CN2ABS714Z,HP,"Scanjet 5550c","36,800",2010-02-04,,,,Commercial,LWR,,SHO,Disposed,,,,,,,,,,,,,,,,
BD-02219,21004000063,1,,Display,Monitor,Disposed,CM17H9FS941438R,Samsung,733nw,"6,400",2009-01-01,,,"Jahanali Khan",Production,LWR,SIL,SDL,kjahanali,,,,,,,,,,,,,,,,"Transferred from SHO"
BD-02220,,n/a,SDLD490,Computer,Desktop,Disposed,6CF049C274A4,Clone,G41,"14,000",2010-01-01,,,"Swatch cut ",Operations,LWR,SDL,"Shanta Denim Limited",sysuser,,Asus,"Intel Duel Core",2.7,,250,2048,,,,"WIN10 Pro",,,None,,
BD-02221,21004000008,,,UPS,UPS,Assigned,22100,Micro,UVS-1000,"4,800",2012-01-01,,,"Shahen Hasan",Finance,LWR,,SHO,shasan,,,,,,,,,,,,,,,,
BD-02222,21004000122,,SDLP054,Printer,"Printer ",Assigned,CNCJB15141,HP,"Laser Jet 2055DN","44,000",2012-01-01,,,"Fabric Dept",Fabric,LWR,,SDL,common,,,,,,,,,,,,,,,,
BD-02223,,,SDLP053,Printer,"Printer ",Assigned,VNC3T27403,HP,"Laser Jet 2055DN","17,000",2010-01-01,,PR-1189,"Common Sapmle",Sample,LWR,,SDL,"Common Sapmle",,,,,,,,,,,,,,,,"Khan Brothers/ 0258/2017/ 1yer warenty"
BD-02224,21004000064,N/A,,Display,Monitor,Disposed,NE5UHMDB600225Y,Samsung,"B1930 19","8,500",2011-01-01,,,"Rahat, Abu",Finance,LWR,HO,SHO,arahat,,,,,,,,,,,,,,,,
BD-02225,110011000002,N/A,DBOD028E,Computer,Desktop,Disposed,SGH152TDQK,HP,"Compaq 6200 Pro MT","37,000",2011-01-01,,,"Kazi Marufa",HR,LWR,HO,"CastleCrafts Limited",kmarufa,,,"Intel Core i3",3.1,,500,8192,,,,"WIN10 Pro",,,"PC 7 Pro",MV3R7-GVWBW-6TK4J-BTYHR-6MWC4,
BD-02226,21004000008,,,UPS,UPS,Disposed,24672,Micro,UVS-1000,"4,800",2012-01-01,,,,MIS,LWR,,SHO,,,,,,,,,,,,,,,,,"Ex. Monjurul Islam"
BD-02227,,n/a,,Display,Monitor,Assigned,CNT141B86S,HP,"Compaq LE1902x 19","8,500",2012-01-01,,,"Mahfuzur Rahman3",Quality,LWR,SDL,"Shanta Denim Limited",marahman3,,,,,,,,,,,,,,,,
BD-02228,11004000131,n/a,SDLD491A,Computer,Desktop,Assigned,SGH152TDND,HP,"Compaq 6200 Pro MT","37,000",2011-01-01,,,"Saddam Hossen",Finishing,LWR,SIL,"Shanta Denim Limited",sahossen,,,"Intel Core i3",3.1,,500,4096,,,,"WIN10 Pro",,,"PC 7 Pro",HWMBF-BMYX3-Q3W3W-C88JP-8YX6C,
BD-02229,21004000008,,,UPS,UPS,Disposed,22099,Micro,UVS-1000,"4,800",2012-01-01,,,,Finance,LWR,,SHO,"monislam ( Disposed)",,,,,,,,,,,,,,,,
BD-02230,,,DEWBDDBOA05,Network,"Access Point",Assigned,FCZ1548Q0U1,Cisco,AIR-AP1131G,"35,000",2011-01-01,,,,MIS,LWR,,DBO,"DBO All Users",,,,,,,,,,,,,,,,
BD-02231,,,DEWBDSDLA14,Network,"Access Point",Assigned,FCZ1548QOU4,Cisco,AIR-AP1131G,"35,000",2011-01-01,,,,MIS,LWR,"Beside MIS Room",SDL,System,,,,,,,,,10.140.25.14,,,,,,,
BD-02232,,,,Display,Monitor,Assigned,KOBGM5N93000706,Mercury,"1790TWA 17""","6,400",2009-01-01,,,,Commercial,LWR,,SHO,,,,,,,,,,,,,,,,,
BD-02233,,,"Ex. DBOD011",Computer,Desktop,Disposed,99VM230,IBM,845,"12,000",2007-01-01,,,Disposed,MIS,LWR,,SHO,Disposed,,,,,,,,,,,,,,,,
BD-02234,,,,UPS,UPS,Disposed,2N082C91216,Socomec,600VA,"2,800",2010-01-01,,,,Procurement,LWR,,SHO,,,,,,,,,,,,,,,,,
BD-02235,11004000003,1,,Display,Monitor,Assigned,NE5UHMBB800009J,Samsung,"B1930 19","8,500",2011-01-01,,,"Mozammel Hossain",Commercial,LWR,SDL,SHO,mozhossain,,,,,,,,,,,,,,,,
BD-02236,,n/a,SDLD552,Computer,Desktop,Assigned,B6M0AB560211,Clone,H61B3,"14,500",2012-01-01,,,"Subashish Chakma",Sample,LWR,SIL,"Shanta Denim Limited",schakma,,,"Intel Core i3",3.1,256,,8192,,,,"WIN7 Pro",2022-09-14,,None,,
BD-02237,,,,UPS,UPS,Disposed,B03K160024123A6,"Rahim Afrooz",600VA,"2,800",2010-01-01,,,,MIS,LWR,,SHO,,,,,,,,,,,,,,,,,
BD-02238,,,,Display,Monitor,Assigned,CNOUU578641808AD3K4M,Dell,"E1609wc 16""","6,400",2009-01-01,,,"SIL Server room DVR-9",MIS,LWR,,SDL,,,,,,,,,,,,,,,,,
BD-02239,21004000008,,,UPS,UPS,Assigned,21019,Micro,UVS-1000,"4,800",2012-01-01,,,"Front Desk",HR,LWR,,SHO,Afrin,,,,,,,,,,,,,,,,
BD-02240,11004000008,1,,Display,Monitor,Disposed,NE5UHMDB901577Y,Samsung,"B1930 19","8,500",2011-01-01,,,"Sayem Salauddin",Procurement,LWR,HO,SHO,ssayem,,,,,,,,,,,,,,,,
BD-02241,,n/a,SDLD482,Computer,Desktop,"Need to Dispose",SGH8520K81,HP,"DX7400 MT","25,000",2010-01-01,,,"Mostafizur Rahman 4",Cutting,LWR,SIL,SDL,eali,,,"Intel Core 2 duo",2.53,,160,4096,,,,"WIN10 Pro",,,None,,
BD-02242,,,,UPS,UPS,Stock,B03K60047806A6,"Rahim Afrooz",600VA,"2,800",2010-01-01,,,,Finance,LWR,,SHO,,,,,,,,,,,,,,,,,
BD-02243,,,,Display,Monitor,Disposed,AU6A0822003308,Philips,"170cw 17""","6,400",2009-01-01,,,,MIS,LWR,,SDL,,,,,,,,,,,,,,,,,
BD-02244,11004000127,,DBOD009A,Computer,Desktop,Disposed,SGH9380SXP,HP,"Compaq Dx2390 MT","25,000",2010-01-01,,,,MIS,LWR,"SIL Server room",SDL,,,,"Intel Core 2 duo",2.8,,250,2048,,,,"WIN7 Pro",,,None,,
BD-02245,,N/A,SDLD551,Computer,Desktop,Assigned,,Clone,H81,"14,000",2009-01-01,,,"Sabbir Hosain",Operations,LWR,SIL,"Shanta Denim Limited",shosain,,,"Pentium R G3240",3.1,,500,8192,,,,"WIN10 Pro",2022-09-11,,None,,
BD-02246,,,,UPS,UPS,Disposed,B03J280001287A6,"Rahim Afrooz",600VA,"2,800",2010-01-01,,,,Commercial,LWR,,SHO,,,,,,,,,,,,,,,,,
BD-02247,210011000016,n/a,,Display,Monitor,Disposed,NE5UHMCB202897F,Samsung,"B1930 19","8,500",2011-01-01,,,"Mahfujul Alam",HR,LWR,SIL,"Shanta Denim Limited",maalam,,,,,,,,,,,,,,,,
BD-02248,,,DBOD008,Computer,Desktop,Disposed,SGH8520KRZ,HP,"DX7400 MT","25,000",2010-01-01,,,,MIS,LWR,,SHO,,,,"Intel Core 2 duo",2.53,,160,4096,,,,"WIN7 Pro",,,None,,"Ex.Anthony Rozario"
BD-02249,,,,UPS,UPS,Stock,B03K160024443A6,"Rahim Afrooz",600VA,"2,800",2010-01-01,,,,,LWR,,SHO,,,,,,,,,,,,,,,,,
BD-02250,41004000011,,,Display,Monitor,Disposed,YK15HBCD200483J,Samsung,"943Nx 19""","8,500",2012-01-01,,,,,LWR,,SHO,,,,,,,,,,,,,,,,,
BD-02251,11004000132,1,SDLD066,Computer,Desktop,Disposed,SGH152TDLW,HP,"Compaq 6200 Pro MT","37,000",2011-01-01,,,"Tareq Siqqiqui","Human Resource",LWR,SIL,SDL,tsiddiqui,,,"Intel Core i3",3.1,,500,4096,,,,"WIN10 Pro",,,"PC 7 Pro",FGPG2-Q9GMG-YFB4M-HP3QQ-JX6WB,
BD-02252,,,,UPS,UPS,Stock,N/A,Champion,1200VA,"4,800",2012-01-01,,,,Finance,LWR,,SHO,,,,,,,,,,,,,,,,,
BD-02253,,,,Display,Monitor,Assigned,CNT142B4RL,HP,"Compaq LE1902x 19""","8,500",2010-01-01,,,"Kazi Marufa",HR,LWR,,SHO,kmarufa,,,,,,,,,,,,,,,,
BD-02254,11004000133,1,DBOD016A,Computer,Desktop,Disposed,SGH152TDN2,HP,"Compaq 6200 Pro MT","37,000",2011-01-01,,,"ex user Afrina Akter",HR,LWR,DBO,SHO,aakter,,,"Intel Core i3",3.1,,500,4096,,,,"WIN10 Pro",,,"PC 7 Pro",,
BD-02255,,,,UPS,UPS,Disposed,B03J280000549A6,"Rahim Afrooz",600VA,"2,800",2010-01-01,,,,Commercial,LWR,,SHO,,,,,,,,,,,,,,,,,
BD-02256,11004000084,1,,Display,Monitor,Disposed,CN41190WQ1,HP,"S1932 19","8,500",2012-01-01,,,"Tofayel Ahmed",Finance,LWR,SHO,SHO,toahmed,,,,,,,,,,,,,,,,
BD-02257,,,DBOD023A,Computer,Desktop,Disposed,5XRVY1S,Dell,"Vostro 220","22,000",2010-01-01,,,,MIS,LWR,,SDL,,,,"Intel Core 2 duo",2.66,,160,4096,,,,"WIN7 Pro",,,None,,
BD-02258,21004000008,,,UPS,UPS,Disposed,21315,Micro,UVS-1000,"4,800",2012-01-01,,,,,LWR,,SHO,"Disposed/Dumping Station",,,,,,,,,,,,,,,,
BD-02259,,,,Display,Monitor,Assigned,CNT141B868,HP,"Compaq LE1902x 19""","8,500",2012-01-01,,,"Harunur Rashid",Finance,LWR,,SHO,hrashid,,,,,,,,,,,,,,,,
BD-02260,11004000134,n/a,SDLD555A,Computer,Desktop,Assigned,SGH152TDY4,HP,"Compaq 6200 Pro MT","37,000",2011-01-01,,,"Mizanur Rahman2",Quality,LWR,SDL,"Shanta Denim Limited",mirahman,,,"Intel Core i3",3.1,256,,8192,,,,"WIN7 Pro",2022-11-06,,"PC 7 Pro",82G9W-2FYVV-8THCV-Q14RY-X8R8W,
BD-02261,,,,UPS,UPS,Assigned,14670,Micro,UVS-600,"2,800",2010-01-01,,,,Finance,LWR,,SHO,"Finance Support",,,,,,,,,,,,,,,,
BD-02262,,,,Display,Monitor,Assigned,CNT141B84N,HP,"Compaq LE1902x 19""","8,500",2012-01-01,,,"Saiful Islam",Commercial,LWR,SIL,SDL,saislam,,,,,,,,,,,,,,,,
BD-02263,11004000135,N/A,SDLD135H,Computer,Desktop,"Need to Dispose",SGH152TDN1,HP,"Compaq 6200 Pro MT","37,000",2011-01-01,,,"SDL Security Gate 1","Human Resource",LWR,SDL,"Shanta Denim Limited",sdgate1,,,"Intel Core i3",3.1,,500,4096,,,,"WIN10 Pro",,,"PC 7 Pro",774PX-Q7T8F-CBDCH-HF2VR-XMGWG,
BD-02264,21004000008,n/a,,UPS,UPS,Disposed,21318,Micro,UVS-1000,"4,800",2012-01-01,,,Spare,Finance,LWR,DBO,SHO,"Disposed/Dumping Station",,,,,,,,,,,,,,,,
BD-02265,,,,Display,Monitor,Disposed,AU6A0822002701,Philips,"170cw 17""","6,400",2009-01-01,,,,MIS,LWR,,SHO,,,,,,,,,,,,,,,,,
BD-02266,,N/A,DBOD020,Computer,Desktop,"Need to Dispose",1C6F65E68B76,Clone,G41,"14,000",2010-01-01,,,"Assigned for Scanner","Shanta HO All",LWR,HO,"CastleCrafts Limited",sscan,,,"Intel Core 2 duo",2.93,,500,2048,,,,"WIN7 Pro",,,None,,
BD-02267,,,,UPS,UPS,Assigned,*434221288,Vanstab,"Blazar 600","2,800",2009-01-01,,,"Reazul Karim",Commercial,LWR,,SHO,rkarim,,,,,,,,,,,,,,,,
BD-02268,,,,UPS,UPS,Disposed,14702,Micro,UVS-600,"2,800",2010-01-01,,,,MIS,LWR,,SHO,,,,,,,,,,,,,,,,,
BD-02269,,,DBOL029A,Computer,Laptop,Disposed,5CG1030BC2,HP,"Compaq 420","28,000",2008-01-01,,,"Ajoy Bose",Quality,MWR,,DBO,abose,,,"Intel Core 2Duo",2.2,,320,2048,,,,"WIN7 Pro",,,,,
BD-02270,41004000030,NA,DBOL144A,Computer,Laptop,Assigned,2CE234071Z,HP,"Probook 4440s","61,000",2013-01-01,,,"Nazmus Mahi","Accounts & Finance",MWR,HO,"Dhaka Buying Office",nmahi,,,"Intel Core i5",2.5,480,,8192,,,,"WIN10 Pro",2020-07-27,B-090,"PC 7 Pro",MR46K-WJ8RV-B9X39-333QX-B7H8C,
BD-02271,11004000150,NA,DBOL071D,Computer,Laptop,Assigned,2CE2342JHG,HP,"Probook 4440s","61,000",2013-01-01,,,"Rahat Ara","Marketing & Merchandising",MWR,DBO,DBO,rara,,,"Intel Core i5",2.5,500,,8192,,,,"WIN10 Pro",,B-380,"PC 7 Pro",22THW-99XM2-2986Q-Q6P7W-4F890,
BD-02272,,n/a,SDLL214A,Computer,Laptop,Disposed,CNU11636S5,HP,"Probook 4530s","51,000",2012-01-01,,,,MIS,LWR,SIL,SDL,,,,"Intel Core i3",2.1,,620,6144,,,,"WIN10 Pro",,B-124,"PC 7 Pro",TQBY9-84P3Y-BB289-KJ787-VCM7T,
BD-02273,11004000191,n/a,SDLL122E,Computer,Laptop,Assigned,2CE2342JC1,HP,"Probook 4440s","61,000",2013-01-01,,,"Saim Zakaria","Marketing & Merchandising",LWR,SIL,"Shanta Denim Limited",szakaria,,,"Intel Core i5",2.5,500,,8192,,,,"WIN10 Pro",2019-10-29,Yes,"PC 7 Pro",7QTX4-G89PM-FYX4P-4BD9F-4BF6X,
BD-02274,,,DBOL103,Computer,Laptop,Disposed,CNF0353CHJ,HP,"Probook 4420s","36,000",2010-06-07,,,,MIS,MWR,,DBO,"Kept by Chanchal",,,"Intel Core i5",2.4,,320,2048,,,,"WIN7 Pro",,,,,
BD-02275,,N/A,DBOL072E,Computer,Laptop,"Need to Dispose",5C093129H,Toshiba,"Portege R830-13C","61,000",2013-01-01,,,"Shoriful Islam","Marketing & Merchandising",LWR,DBO,"Dhaka Buying Office",shislam,,,"Intel Core i5",2.5,,320,4096,,,,"WIN10 Pro",,Yes,"PC 7 Pro",MW9QJ-4XWTP-6QPCP-RQRD3-4TKHG,
BD-02276,11004000198,n/a,DBOL101D,Computer,Laptop,Assigned,2CE2342JHR,HP,"Probook 4440s","61,000",2013-01-01,,,"Shovon Mazid","Qaulity Assurance",MWR,DBO,"Dhaka Buying Office",smazid,,,"Intel Core i5",2.5,500,,8192,,,,"WIN10 Pro",2020-02-01,Yes,"PC 7 Pro",737RV-D4JYV-YWJ3G-TJXWW-DGYMW,
BD-02277,,,"Ex. DBOL012C",Computer,Laptop,Disposed,CNU94308KL,HP,"Probook 4410s","28,000",2010-01-01,,,,,LWR,,DBO,"Kept in Server Room",,,"Intel Core 2 duo",2.53,,320,2048,,,,"WIN7 Pro",,,,,
BD-02278,,n/a,DBOL074E,Computer,Laptop,Assigned,2CE23409PB,HP,"Probook 4440s","61,000",2013-01-01,,,"Rakib Uddin",Production,LWR,SDL,"Shanta Denim Limited",rauddin,,,"Intel Core i5",2.5,480,,8192,,,,"WIN10 Pro",2019-11-30,B-129,"PC 7 Pro",P2DXJ-JJGHB-RHJDH-FBPP9-9CR3H,
BD-02279,,na,DBOL082D,Computer,Laptop,Assigned,2CE23409K3,HP,"Probook 4440s","61,000",2013-01-01,,,"Saiful Islam 4",Quality,LWR,DBO,"CastleCrafts Limited",saifuislam,,,"Intel Core i5",2.5,480,,8192,,,61000,"WIN10 Pro",,B-422,"PC 7 Pro",MT67P-W7HDP-K4D7H-PGTTK-RP3WB,
BD-02280,,N/A,DBOL076C,Computer,Laptop,Stock,2CE2342JBG,HP,"Probook 4440s","61,000",2013-01-01,,,,MIS,LWR,SIL,"Shanta Denim Limited",,,,"Intel Core i5",2.5,500,,8192,,,,"WIN7 Pro",,,"Windows 10 Pro",,
BD-02281,,,,Display,Monitor,Disposed,CNT141B865,HP,"Compaq LE1902x 19""","8,500",2012-01-01,,,,,LWR,,SDL,,,,,,,,,,,,,,,,,"Send to SIL February 2016"
BD-02282,,,"Ex. DBOD030",Computer,Desktop,Disposed,842341,Clone,915,"13,000",2008-01-01,,,"DBO Reception1",HR,LWR,,SHO,Disposed,,,,,,,,,,,,,,,,
BD-02283,,,DEWBDDBOS02,Network,Switch,Stock,FOC1347W2C7,Cisco,"2960 Seies PoE-8","90,000",2010-01-01,,,,MIS,LWR,,SDL,,,,,,,,,,,,,,,,,
BD-02284,,,DEWBDSDLS04,Network,Switch,Assigned,FOC1347W2HU,Cisco,"2960 Seies PoE-8","90,000",2010-01-01,,,"SDL MIS Room Rack",MIS,LWR,DBO,SDL,"Swich Rack",,,,,,,,,,,,,,,,
BD-02285,,,,Network,Router,Transferred,FCZ1339C00D,Cisco,1841,"6,000",2010-01-01,,,,MIS,LWR,,DBO,,,,,,,,,,,,,,,,,"Trade-In with Di-data"
BD-02286,,,DEWBDDBOW01,Network,"Wave device",Assigned,2UA0020MMF,Cisco,WAVE-474,"80,000",2010-01-01,,,"Server rack",MIS,LWR,,DBO,"Swich Rack",,,,,,,,,,,,,,,,
BD-02287,,,"Ex. DBODC2",Computer,Desktop,Disposed,CNX938043Y,HP,"Compaq Preserio CQ3014L","25,000",2010-01-01,,,,MIS,LWR,,SHO,"Stock (Keep in server room)",,,,,,,,,,,,,,,,
BD-02288,,,,UPS,UPS,Stock,SURTD3000XLI,APC,"SMART UPS RT 3000","100,000",2009-06-02,,,,MIS,LWR,,SHO,"Swich Rack",,,,,,,,,,,,,,,,
BD-02289,,,,Server,Server,Transferred,KDHYTV3,IBM,"xSeries 336","150,000",2009-01-01,,,"Server rack",MIS,LWR,,SDL,MIS,,,,,,,,,,,,,,,,
BD-02290,,,DBOL096A,Computer,Laptop,Disposed,CNU93607KY,HP,"Compaq 510","28,000",2008-01-01,,,Laptop,MIS,MWR,,DBO,,,,"Amd Athlon TM x2 QL Duel Core ",2.1,,160,2048,,,,"WIN7 Pro",,,,,"DBO MWR Support"
BD-02291,,,"Ex. DBOL004C",Computer,Laptop,Disposed,CNU9360N2S,HP,"Compaq 515","28,000",2008-01-01,,,,,LWR,,DBO,"Kept in Server Room",,,"Amd Athlon TM x2 QL Duel Core ",2.1,,160,2048,,,,"WIN7 Pro",,,,,
BD-02292,,,DBOL044E,Computer,Laptop,Disposed,CNU20224GV,Hp,"Probook 4430s","61,000",2013-01-01,,,"Maftah Uddin","Marketing & Merchandising",LWR,,DBO,muddin,,,"Intel Core i5",2.5,,500,4096,,,,"WIN7 Pro",,,"PC 7 Pro",,"this laptop past user was Ziaul Islam, Buzzbrand"
BD-02293,,NA,DBOL145A,Computer,Laptop,Assigned,CNU2022452,HP,"Probook 4430s","61,000",2013-01-01,,,"Babul Hosen",Quality,LWR,SIL,"Shanta Denim Limited",bhosen,,,"Intel Core i5",2.5,500,,8192,,,,"WIN10 Pro",,Yes,"PC 7 Pro",CVHX2-TGTMQ-9CDJR-KB2YW-GQGYW,
BD-02294,11004000136,,DBOD021A,Computer,Desktop,Disposed,SGH152TDJH,HP,"Compaq 6200 Pro MT","37,000",2011-01-01,,,,MIS,LWR,,SDL,,,,"Intel Core i3",3.1,,500,4096,,,,"WIN7 Pro",,,"PC 7 Pro",MJB9V-KD2J8-WKJQF-F44BW-3DQBG,"Motherboard and Power Supply problem [check by Morshed in outside] Send to SIL February 2016"
BD-02295,,,"Ex. DBOL064",Computer,Laptop,Disposed,2CE2251SBH,HP,"Probook 4440s","61,000",2013-01-01,,,"Shaheen Hossain",Technical,Buzz,,DBO,"Disposed (shossain STOLEN)",,,"Intel Core i5",2.5,,620,4096,,,,"WIN7 Pro",,,"PC 7 Pro",,
BD-02296,,N/A,DBOL077C,Computer,Laptop,Assigned,2CE25131TH,HP,"Probook 4440s","61,000",2013-01-01,,,"Ahadujjaman Santo","HR & Commercial",LWR,DBO,DBO,asanto,,,"Intel Core i5",2.5,480,,8192,,,,"WIN10 Pro",,Yes,"PC 7 Pro",26VX3-7KW3M-GPV29-284XH-FCDDD,
BD-02297,,NA,DBOL078D,Computer,Laptop,Assigned,2CE25131HN,HP,"Probook 4440s","61,000",2013-01-01,,,"Subrata Mojumder",Technical,LWR,DBO,DBO,smojumder,,,"Intel Core i5",2.5,500,,8192,,,,"WIN10 Pro",,Yes,"PC 7 Pro",Q2T8G-7YJWT-362W9-CVDRQ-YMQQ2,
BD-02298,,1,,Display,Monitor,Assigned,G3LMTF130879,Asus,VS197,"6,500",2016-07-25,"Global Brand",1010,"Zubair Ahamed",Technical,LWR,SIL,SDL,zahamed,,,,,,,,,,,,,,"PC 7 Pro",,
BD-02299,,NA,SDLL082G,Computer,Laptop,Assigned,2CE25131DS,HP,"Probook 4440s","61,000",2013-01-01,,,"Shaifuddin Khaled","Building Mainentance",LWR,SIL,"Shanta Denim Limited",skhaled,,,"Intel Core i5",2.5,500,,8192,,,,"WIN10 Pro",,B-433,"PC 7 Pro",,
BD-02300,,,,Display,"CRT Monitor",Disposed,MY19HMCS200139B,Samsung,"SyncMaster 943nx","5,200",2005-01-01,,,,,LWR,,SHO,"Disposed/Dumping Station",,,,,,,,,,,,,,,,
BD-02301,,,,UPS,UPS,Stock,60499,Micro,UVS-600,"2,800",2011-01-01,,,,,LWR,,SHO,"Stock (Keep in server room)",,,,,,,,,,,,,,,,
BD-02302,,,,UPS,UPS,Disposed,204317,PowerPack,UPS1100,"4,800",2012-01-01,,,,,LWR,,SHO,"Disposed/Dumping Station",,,,,,,,,,,,,,,,
BD-02303,,,,Display,Monitor,Assigned,AU6A0822002701,Asus,VS197,"6,500",2016-07-25,"Global Brand",1010,"Shahidul Islam",Cutting,LWR,,SDL,shahislam,,,,,,,,,,,,,,,,
BD-02304,,,,Phone,CIPT,Stock,FCH110590RE,Cisco,7940,"3,500",2009-01-01,,,,MIS,LWR,,DBO,"Stock (Keep in server room)",,,,,,,,,,,,,,,,
BD-02305,,,,Phone,CIPT,Stock,FCH10298K9M,Cisco,7941,"3,500",2009-01-01,,,,MIS,LWR,,DBO,"Stock (Keep in server room)",,,,,,,,,,,,,,,,
BD-02306,,,,Phone,CIPT,Stock,FCH1104A8W9,Cisco,7940,"3,500",2009-01-01,,,,MIS,LWR,,DBO,,,,,,,,,,,,,,,,,
BD-02307,,,,Phone,CIPT,Stock,INM08421Y7F,Cisco,7940,"3,500",2009-01-01,,,,MIS,LWR,,DBO,,,,,,,,,,,,,,,,,
BD-02308,,,,Phone,CIPT,Assigned,INM084012TK,Cisco,7940,"3,500",2009-01-01,,,"Sohel Zaman","Marketing & Merchandising",LWR,,DBO,szaman,,,,,,,,,,,,,,,,
BD-02309,,,DBOL099A,Computer,Laptop,Disposed,CNU0263JMH,HP,"Compaq 420","28,000",2008-01-01,,,,MIS,LWR,,DBO,,,,"Intel Core 2Duo",2.1,,320,2048,,,,"WIN7 Pro",,,,,
BD-02310,,,"Ex. DBOL033A",Computer,Laptop,Disposed,CNF1037ZYP,Hp,"Probook 4420s","36,000",2010-06-07,,,"Mohammad Riad",Technical,MWR,,DBO,"Kept By Chancal",,,"Intel Core i3",2.53,,320,2048,,,,"WIN7 Pro",,,,,
BD-02311,,n/a,DBOL049D,Computer,Laptop,"Need to Dispose",CNU202249S,HP,"Probook 4430s","61,000",2013-01-01,,,"Delowar Hossain","Marketing & Merchandising",MWR,DBO,DBO,dehossain,,,"Intel Core i5",2.5,500,,8192,,,,"WIN10 Pro",2019-10-25,B-135,"PC 7 Pro",,
BD-02312,,,,Display,Monitor,Disposed,ZZNEH4ZH300398L,Samsung,LS22F350FHW,"10,200",2016-10-10,"Smart Technology/ 27189/3 yars wrnty",1042,,MIS,LWR,,SDL,,,,,,,,,,,,,,,,,
BD-02313,,,"Ex. DBOL057",Computer,Laptop,Disposed,CNU0292MJM,HP,"Compaq 420","28,000",2008-01-01,,,,,LWR,,DBO,"Kept in Server Room",,,"Intel Core 2 duo",2.1,,320,2048,,,,"WIN7 Pro",,,,,
BD-02314,,N/A,DBOL063B,Computer,Laptop,Assigned,2CE2251SB2,HP,"Probook 4440s","61,000",2013-01-01,,,"Mozibur Rahman",Commercial,LWR,HO,"Dhaka Buying Office",mozrahman,,,"Intel Core i5",2.5,500,,6144,,,,"WIN7 Pro",,B-210,"PC 7 Pro",,
BD-02315,,,DBOL081,Computer,Laptop,Transferred,2CE3030PT7,HP,"Probook 4440s","61,000",2013-01-01,,,"Andrea Thomas",Technical,Buzz,,IBO,athomas,,,"Intel Core i5",2.6,,720,4096,,,,"WIN7 Pro",,,"PC 7 Pro",,
BD-02316,,na,DBOL113F,Computer,Laptop,Assigned,2CE303PV6,HP,"Probook 4440s","61,000",2013-01-01,,,"Rokonuzzaman Biswas",Commercial,LWR,SIL,"Shanta Denim Limited",robiswas,,,"Intel Core i5",2.6,480,,8192,,,,"WIN10 Pro",2020-05-20,B-372,"PC 7 Pro",,"Casing replaced by Morshed on 18 June 2022"
BD-02317,,,"Ex. DBOL110",Computer,Laptop,Disposed,CNU9325LV8,HP,"Compaq 510","28,000",2008-01-01,,,,MIS,MWR,,DBO,"Kept By Chancal",,,"Intel Core 2 duo",2.1,,160,2048,,,,"WIN7 Pro",,,,,
BD-02318,,n/a,,Display,Monitor,Assigned,ZZNEH4ZH300535K,Samsung,LS22F350FHW,"10,200",2016-10-10,"Smart Technology/ 27189/3 yars wrnty",1042,"Nazrul Islam 4","Quality Assurance",LWR,SIL,SDL,nazruislam,,,,,,,,,,,,,,,,
BD-02319,,,Ex.DBOL010A,Computer,Laptop,Disposed,CNU9346HGS,HP,"Probook 4410s","28,000",2010-01-01,,,,Technical,LWR,,DBO,dshan(Disposed),,,"Intel Core 2 duo",2.53,,320,2048,,,,"WIN7 Pro",,,,,
BD-02320,,,"Ex. DBOL083",Computer,Laptop,Disposed,CNU0221YTQ,HP,"Probook 4515s","28,000",2011-01-01,,,,MIS,LWR,,DBO,,,,"Amd Athlon TM x2 QL Duel Core ",2.1,,320,2048,,,,"WIN7 Pro",,,,,
BD-02321,,,,Phone,CIPT,Assigned,FCH11188EK2,Cisco,7940,"3,500",2009-01-01,,,"Board Room",Management,LWR,,DBO,"Board Room User all",,,,,,,,,,,,,,,,
BD-02322,,,,Phone,CIPT,Stock,FCH10068WCT,Cisco,7940,"3,500",2009-01-01,,,,,LWR,,DBO,Stock,,,,,,,,,,,,,,,,
BD-02323,,,,Phone,CIPT,Assigned,FCH10068R70,Cisco,7940,"3,500",2009-01-01,,,"Shakowat Hussain","Marketing & Merchandising",LWR,,DBO,shussain,,,,,,,,,,,,,,,,
BD-02324,,,,Phone,CIPT,Assigned,FCH10068Y2T,Cisco,7940,"3,500",2009-01-01,,,"Asanga Attapattu","Marketing & Merchandising",LWR,,AKH,Aattapattu,,,,,,,,,,,,,,,,
BD-02325,,,,Phone,CIPT,Stock,FCH10068GWX,Cisco,7940,"3,500",2009-01-01,,,,MIS,LWR,,DBO,,,,,,,,,,,,,,,,,
BD-02326,,,,Phone,CIPT,Assigned,FCH100185CN,Cisco,7940,"3,500",2009-01-01,,,"VC Room",MIS,LWR,,DBO,"VC room",,,,,,,,,,,,,,,,
BD-02327,,,,Phone,CIPT,Stock,FCH10428HSW,Cisco,7940,"3,500",2009-01-01,,,,MIS,LWR,,SHO,,,,,,,,,,,,,,,,,
BD-02328,,,,Phone,CIPT,Stock,FCH10068WCS,Cisco,7940,"3,500",2009-01-01,,,,MIS,LWR,,DBO,,,,,,,,,,,,,,,,,
BD-02329,,,,Phone,CIPT,Stock,FCH100180KJ,Cisco,7940,"3,500",2009-01-01,,,,MIS,LWR,,DBO,,,,,,,,,,,,,,,,,
BD-02330,,,,Phone,CIPT,Stock,FCH11188BFP,Cisco,7940,"3,500",2009-01-01,,,,MIS,LWR,,DBO,,,,,,,,,,,,,,,,,
BD-02331,,,,Phone,CIPT,Assigned,FCH10068YYL,Cisco,7940,"3,500",2009-01-01,,,"Andrea Thomas",Technical,LWR,,DBO,athomas,,,,,,,,,,,,,,,,
BD-02332,,,,Phone,CIPT,Stock,FCH11188EX6,Cisco,7940,"3,500",2009-01-01,,,,MIS,LWR,,DBO,,,,,,,,,,,,,,,,,
BD-02333,,,,Phone,CIPT,Stock,INM08401G31,Cisco,7940,"3,500",2009-01-01,,,,,LWR,,DBO,Stock,,,,,,,,,,,,,,,,
BD-02334,,,,Phone,CIPT,Stock,FCH10068RHU,Cisco,7940,"3,500",2009-01-01,,,,,LWR,,DBO,Stock,,,,,,,,,,,,,,,,
BD-02335,,,,Phone,CIPT,Stock,FCH11179SLU,Cisco,7940,"3,500",2009-01-01,,,,,LWR,,DBO,Stock,,,,,,,,,,,,,,,,
BD-02336,,,,Phone,CIPT,Stock,FCH10068WNM,Cisco,7940,"3,500",2009-01-01,,,,MIS,LWR,,DBO,,,,,,,,,,,,,,,,,
BD-02337,,,,Phone,CIPT,Stock,FCH10068Q4K,Cisco,7940,"3,500",2009-01-01,,,,,LWR,,DBO,Stock,,,,,,,,,,,,,,,,
BD-02338,,,,Phone,CIPT,Stock,FCH10068Y0V,Cisco,7940,"3,500",2009-01-01,,,,,LWR,,DBO,,,,,,,,,,,,,,,,,
BD-02339,,,,Phone,CIPT,Stock,FCH10068Q19,Cisco,7940,"3,500",2009-01-01,,,,MIS,MWR,,DBO,,,,,,,,,,,,,,,,,
BD-02340,,,,Phone,CIPT,Stock,FCH11188C10,Cisco,7940,"3,500",2009-01-01,,,,,LWR,,DBO,Stock,,,,,,,,,,,,,,,,
BD-02341,,,DEWBDDBOS07,Network,Switch,Assigned,FOC1506W1XG,Cisco,"2960G Series","90,000",2010-01-01,,,,MIS,LWR,,DBO,"Swich Rack",,,,,,,,,,,,,,,,
BD-02342,,n/a,SDLL395,Computer,Laptop,Stock,2CE308125R,HP,"Probook 4440s","61,000",2013-01-01,,,,MIS,LWR,SIL,"Shanta Denim Limited",,,,"Intel Core i5",2.6,500,,8192,,,,"WIN 11 Pro",2025-01-28,,"PC 7 Pro",PXB6X-G4J9P-8F437-KVQ38-WQPXM,
BD-02343,,,DBOL085D,Computer,Laptop,Disposed,2CE3081280,HP,"Probook 4440s","61,000",2013-01-01,,,,MIS,LWR,SIL,GBL,,,,"Intel Core i5",2.6,,720,4096,,,,"WIN10 Pro",,no,"PC 7 Pro",PM7R3-M23P2-9CGQM-TRG49-47MXF,
BD-02344,,,DEWBDDBOS08,Network,Switch,Assigned,FOC1506W1XN,Cisco,"2960G Series","90,000",2010-01-01,,,,MIS,LWR,,DBO,"Swich Rack",,,,,,,,,,,,,,,,
BD-02345,,,"Ex. DBOL013A",Computer,Laptop,Disposed,CNU94308BP,HP,"Probook 4410s","28,000",2010-01-01,,,,,LWR,,DBO,"Kept in Server Room",,,"Intel Core 2 duo",2.53,,320,2048,,,,"WIN7 Pro",,,,,
BD-02346,,N/A,DBOD031,Computer,Desktop,"Need to Dispose",,Clone,G41,"14,000",2010-01-01,,,,MIS,LWR,DBO,SHO,,,,"Intel Duel Core",2.7,,500,2048,,,,"WIN7 Pro",,,None,,
BD-02347,,,DBOP007,Printer,Printer,Disposed,FAL10247,Canon,"iR-ADV C2020","325,000",2012-01-01,,,,"Marketing & Merchandising",LWR,,DBO,,,,,,,,,,,,,,,,,
BD-02348,11004000177,,"Ex. DBOL086B",Computer,Laptop,Disposed,9C087463H,Toshiba,"Portage R830 - 13C","61,000",2011-01-01,,,,MIS,LWR,,DBO,,,,"Intel Core i5",2.5,,320,4096,,,,"WIN7 Pro",,,"PC 7 Pro",C2Y2B-874Y2-GQR4C-83J8J-X812D,
BD-02349,,,"Ex. DBOL018A",Computer,Laptop,Disposed,CNU92748L8,HP,"Probook 4510s","28,000",2011-01-01,,,,,LWR,,DBO,Disposed,,,"Intel Core 2 duo",2.53,,320,2048,,,,"WIN7 Pro",,,,,
BD-02350,,,,Network,Router,Stock,FHK102623M6,Cisco,1801,"6,000",2010-01-01,,,,MIS,LWR,,DBO,,,,,,,,,,,,,,,,,"Trade-In with Di-data"
BD-02351,,,DEWBDDBOA08,Network,"Access Point",Assigned,FCZ1716Q018,Cisco,AIR-AP1131G,"35,000",2011-01-01,,,Asanga.Attapattu,Development,LWR,,AKH,aattapattu,,,,,,,,,,,,,,,,
BD-02352,,N/A,SDLD581,Computer,Desktop,Assigned,3CR52701VJ,HP,23-R022I,"61,500",2016-07-23,"Smart Jamuna/14 50835/1 yrs wrnty",980,"Shawn Sarker",Merchandising,LWR,SIL,SDL,shsarker,,,"Core i5",1.9,"250 GB",1024,8192,,,,"WIN10 Pro",,,"Win 10 Pro",DT6X6-H4NYV-VY2HT-CW288-Q69TR,
BD-02353,,,"Ex. DBOL089",Computer,Laptop,Disposed,CNU8330QNW,HP,"HP 550","22,000",2007-01-01,,,,,MWR,,DBO,Disposed,,,"Intel Celeron",2,,160,1024,,,,"Win7 Pro",,,,,
BD-02354,,,,Remote,Remote,Assigned,21121A,NEC,RU-M117,"1,550",2013-09-01,,,"DBO VC room",MIS,LWR,,DBO,"VC monitor",,,,,,,,,,,,,,,,
BD-02355,,,,Remote,Remote,Assigned,20130121,Polycom,,"1,550",2013-09-01,,,"DBO VC room",MIS,LWR,,DBO,"VC room",,,,,,,,,,,,,,,,
BD-02356,,,,Display,"VC Monitor",Assigned,2Z104452NB,NEC,V462,"574,000",2014-01-01,,,"DBO VC room",MIS,LWR,,DBO,"VC room",,,,,,,,,,,,,,,,
BD-02357,,,,Display,"VC Monitor",Assigned,2Z104454NB,NEC,V462,"574,000",2014-01-01,,,"DBO VC room",MIS,LWR,,DBO,"VC room",,,,,,,,,,,,,,,,
BD-02358,,n/a,,"Computer Accessories","Sound box",Assigned,*005365212031084,Cambridge,MC155,"5,000",2014-01-01,,,"DBO VC room",MIS,LWR,SDL,DBO,"VC room",,,,,,,,,,,,,,,,
BD-02359,,UK,,"Computer Accessories","Sound box",Assigned,*005365212031085,Cambridge,MC155,"5,000",2014-01-01,,,"DBO VC room",MIS,LWR,DBO,DBO,"VC room",,,,,,,,,,,,,,,,
BD-02360,,,,"VC Accessories","VC Camera",Assigned,*078489770,Polycom,1624-08283-001,"84,000",2014-01-01,,,"DBO VC room",MIS,LWR,,DBO,"VC room",,,,,,,,,,,,,,,,
BD-02361,,,,VC,"VC Device",Assigned,8213084025AOCN,Polycom,"HDX 7000 HD","574,000",2014-01-01,,,"DBO VC room",MIS,LWR,,DBO,"VC room",,,,,,,,,,,,,,,,
BD-02362,,UK,,"Computer Accessories",Speaker,Assigned,8213080545ACC5,Ploycom,2201-23313-003,"4,800",2014-01-01,,,"DBO VC room",MIS,LWR,DBO,DBO,"VC room",,,,,,,,,,,,,,,,
BD-02363,,UK,,"Computer Accessories","Sound box uffer",Assigned,*1410001401,Polycom,AA185004-M,"5,000",2014-01-01,,,"DBO VC room",MIS,LWR,DBO,DBO,"VC room",,,,,,,,,,,,,,,,
BD-02364,,,DBOL087A,Computer,Laptop,Disposed,2CE3210HK9,HP,"Probook 4440s","61,000",2013-01-01,,,,MIS,LWR,SIL,SHO,,,,"Intel Core i5",2.6,,720,4096,,,,"WIN10 Pro",,,"PC 7 Pro",PTXK6-F7J77-4KGBT-4MJPF-Q3D94,
BD-02365,21004000193,SO-GBPWH-REZA-2016-000062,SDLP051,Printer,Printer,Assigned,E72405k5f180692,Brother,MFC-J3520,"27,000",2016-02-04,"SO-GBPWH-REZA-2016-000062/GBL 1Y W",853,"SDL Lab",LAB,SWR,SDL,SDL,slab,,,,,,,,,10.140.7.51,,,,,,,"Replaced due old SDLP004 printer need to send service Centre."
BD-02366,11004000081,n/a,,"Scanner ","Scanner ",Disposed,RZ2W001328,Epson,"Perfection V37","6,900",2014-04-30,,,"Mahmud Islam",HRM,LWR,SDL,SDL,maislam,,,,,,,,,,,,,,,,
BD-02367,,,,UPS,UPS,Assigned,E1303052748,NPS,EA265,"2,800",2013-01-01,,,"Harunur Rashid",Finance,LWR,,SHO,harashid,,,,,,,,,,,,,,,,
BD-02368,,,,UPS,UPS,Assigned,E1303052801,NPS,EA265,"2,800",2013-01-01,,,,Finance,LWR,,SHO,sjony,,,,,,,,,,,,,,,,
BD-02369,,,,UPS,UPS,Stock,E1303052749,NPS,EA265,"2,800",2013-01-01,,,"Ex.Anthony Rozario",HR,LWR,,SHO,,,,,,,,,,,,,,,,,
BD-02370,11004000188,NA,,UPS,UPS,Assigned,E1303052800,NPS,EA265,"2,800",2013-01-01,,,"Anwarul islam",Commercial,LWR,DBO,SHO,anislam,,,,,,,,,,,,,,,,
BD-02371,,NA,DBOL090D,Computer,Laptop,Assigned,2CE312148K,Hp,"Probook 4440s","61,000",2013-01-01,,,"Nazmus sakib","Industrial Engineering",LWR,SDL,"Shanta Denim Limited",nasakib,,,"Intel Core i5",2.6,500,,8192,,,,"WIN7 Pro",2019-10-25,Yes,"PC 7 Pro",BM6QY-RD2RK-TFRDD-QFX42-BRGWT,
BD-02372,,N/A,DBOL091C,Computer,Laptop,Assigned,2CE31611V4,HP,"Probook 4440s","61,000",2013-01-01,,,"Faruk Hossain2",Quality,LWR,DBO,"Dhaka Buying Office",farhossain,,,"Intel Core i5",2.6,500,,8192,,,,"WIN 10",2025-09-11,B-117,"PC 7 Pro",PTB4C-TRYXY-9HR2B-BWFK4-4RG76,
BD-02373,,,"Ex. DBOL092",Computer,Laptop,Disposed,2CE31214LV,HP,"Probook 4440s","61,000",2013-01-01,,,"Bulbul Ahmed","Marketing & Merchandising",LWR,,DBO,"Disposed (bahmed  STOLEN)",,,"Intel Core i5",2.6,,720,4096,,,,"WIN7 Pro",,,"PC 7 Pro",,"This laptop was lost from user home"
BD-02374,,,,Server,Server,Transferred,SGH84504NL,HP,"DL 785 G5","200,000",2010-01-01,,,"Server rack",MIS,LWR,,SDL,MIS,,,,,,,,,,,,,,,,
BD-02375,,,DBOSAP1,Server,Server,Assigned,SGH84504NN,HP,"DL 785 Gen5","200,000",2010-01-01,,,"DBO Server rack",MIS,LWR,,DBO,MIS,9,,"QUARD-Core AMD Opteron 8354",,,,,,,,,,,,,
BD-02376,,,DBODC8,Server,Server,Disposed,KDHYTZ3,IBM,X-330,"150,000",2009-01-01,,,"Server rack",MIS,LWR,,DBO,MIS,,,,,,,,,,,,,,,,
BD-02377,,,DBOMED5,Server,Server,Assigned,C2C8161LW1,HP,"DL 180 Gen5","150,000",2009-01-01,,,"DBO Server rack",MIS,LWR,,DBO,MIS,10,,"Intel  Xeon CPU E5405",,,,,,,,,,,,,
BD-02378,,,,UPS,UPS,Assigned,1362060130300010,Intex,IT-850A,"4,800",2010-01-01,,,"Mahtab Hossain",Finance,MWR,,DBO,mahossain,,,,,,,,,,,,,,,,"Supplied by Morshed dated 29.04.2014"
BD-02379,,n/a,DBOL094F,Computer,Laptop,Assigned,2CE4140YYT,HP,"ProBook 440 G1","68,000",2014-06-01,,,"MOnjurul Islam",Finance,LWR,HO,SHO,monislam,,,"Intel Core i5",2.5,500,,4096,,,,"WIN10 Pro",2020-02-01,Yes,"PC 8 Pro",9GTPC-NJX7X-TJV36-CJKBF-8426D,
BD-02380,11004000222,,,Printer,Printer,Stock,R9DY178411,Epson,LQ-310,"15,400",2016-06-01,"Multilink/UTC-INV010762/1yars wrnty",960,,MIS,LWR,,SDL,,,,,,,,,,,,,,,,,
BD-02381,,,,UPS,UPS,Disposed,163290,Digilog,1200VA,"5,040",2016-09-29,"DIgilog System ",,,MIS,LWR,,SDL,,,,,,,,,,,5040,,,,,,
BD-02382,,,DEWBDDBOA03,Network,"Access Point",Assigned,FGL1539V034,Cisco,AIR-AP1131G,"35,000",2011-01-01,,,,MIS,LWR,,DBO,"DBO All Users",,,,,,,,,,,,,,,,
BD-02383,,,DEWBDDBOA04,Network,"Access Point",Assigned,FGL1539V039,Cisco,AIR-AP1131G,"35,000",2011-01-01,,,,MIS,LWR,,DBO,"SHO All users",,,,,,,,,,,,,,,,
BD-02384,,N/A,,Display,Monitor,Assigned,ZZNHH4TH606250H,Samsung,S19F350HNW,"6,000",2016-11-01,"Smart Jamuna/27374/3 yars wrnty",1059,"Topu Saha",Merchandising,LWR,SDL,SDL,tsaha,,,,,,,,,,,,,,,,
BD-02385,,n/a,SDLD438B,Computer,Desktop,Assigned,SN163150192067,Clone,GA-H110M-DS2V-WP,"23,100",2016-11-07,"Smart Jamuna/27390/1 yars wrnty",1065,"Sadia Afroze","Human Resource",LWR,SDL,SDL,safroze,,Gigabyte,"Core i3 6100",3.7GHZ,,500gb,8192,,,,"WIN10 Pro",2020-10-24,,None,,"Smart Jamuna/27390/1 yars wrnty"
BD-02386,,,,Computer,Desktop,Disposed,,,,,,,,,MIS,LWR,,SDL,,,,,,,,,,,,,,,,,
BD-02387,11004000188,,,UPS,UPS,Assigned,E1401005522,NPS,EA280,"2,800",2013-01-01,,,"Tofayel Ahmed",Finance,LWR,SHO,SHO,toahmed,,,,,,,,,,,,,,,,"This is asset come from SDL"
BD-02388,,,,Computer,Desktop,"Need to dispose",,HP,"Compaq Pro 6300 MT","37,000",2012-01-01,,,,MIS,LWR,,SDL,,,,"Intel Core i5",3.20,,500,"4096 ",,,,"WIN7 Pro",,,"PC 7 pro",,"This is asset come from SDL"
BD-02389,,n/a,,CCTV,"CCTV Camera",Assigned,2D01DABPAX00313,Dahua,DH-IPC-HDW1120SP,"6,000",2016-11-28,"STS Automantion",,,MIS,LWR,SDL,SDL,,,,,,,,,,10.140.21.124,,,,,,,"Warranty 1y"
BD-02390,11004000188,NA,,UPS,UPS,Assigned,E1401005567,NPS,EA280,"2,800",2013-01-01,,,"Reazul Karim",Commercial,LWR,HO,SHO,rkarim,,,,,,,,,,,,,,,,"This is asset come from SDL"
BD-02391,,,DBOL095B,Computer,Laptop,Disposed,CNU8300DDL,HP,"Compaq 6715b","37,000",2009-01-01,,,,MIS,LWR,,SHO,,,,"Intel Core 2Duo",2.40,,120,"1024 ",,,,"WIN7 Pro",,,"PC XP Pro",,"sent by Capel Hendre"
BD-02392,,,,Computer,Laptop,Transferred,C2C0300JFZ,HP,"Elitebook 2540p","60,000",2010-01-01,,,"Said El Aboudi",Technical,LWR,,Left,eaboudi,,,"Intel Core i7",2.13,,160,4096,,,,"WIN7 Pro",,,"PC 7 pro",,"Send by UK IT."
BD-02393,,,DEWBDDBOSC01,Storage,ShareCenter,Assigned,R30A2D7000113,D-Link,DNS-325,"36,800",2010-02-04,,,"DBO Server room",MIS,LWR,,DBO,MIS,,,"Intel Core i7",,,,,,,,,,,,,"Computer Source( Challan No: CHL-CSLHO-2014-012609 )"
BD-02394,11004000176,,SDLL184,Computer,Laptop,Transferred,YE052927H,Toshiba,"Portage Z30-A","133,985",2016-03-01,"Smart Jamuna",,"Paul Hollins",Management,LWR,,SDL,pahollins,,,"Intel Core i5",2.6,,500,8192,,,,"WIN10 Pro",,Yes,"Win 8 Pro",Preloaded,Transfered
BD-02395,11004000225,n/a,SDLHYPERV03,Server,Server,Assigned,SGH502YEKS,HP,"DL 380 Gen9","600,000",2016-12-31,,,"DBO Server rack",MIS,LWR,SDL,"Shanta Denim Limited",administrator,9,,"Intel Xeon CPU E5-2623 v3",3.00,,4800,65536,,,,"Server 2008",,,,,
BD-02396,,1,DBOL106E,Computer,Laptop,Assigned,CND520221V,Hp,"Probook 440 G2","61,000",2015-01-01,,,"Mahibul Haque","Fabric Technology",LWR,AKH,AKH,mhaque,,,"Intel Core i5 ",2.20,500,,8192,,,,"WIN10 Pro",2023-03-18,B-052,"PC 7 pro",Q7QNX-XQQRC-VHK8R-3HQQJ-78P6D,"Smart Technologies "
BD-02397,210011000023,30353,SDLL220A,Computer,Laptop,"Need to Dispose",3K9K962,Dell,"Vostro 14 5480","65,000",2015-10-31,"Smart Jamuna",,"ex user Saifuddin Ahamed",Quality,LWR,SDL,SDL,sahamed,,,"Intelï¿½ Core ï¿½  i5",2.20,480,,8192,,,,"WIN10 Pro",2021-02-02,B-081,"Win 10 Pro",DKFGK-N92CQ-4MV22-MHF26-722KF,"Smat Tech 31/10/2015, Sent to warranty 12.04.2017"
BD-02398,,,DBOL130A,Computer,Laptop,Disposed,2J9K962,Dell,"Vostro 14 5480","65,000",2015-10-31,"Smart Jamuna",,,MIS,LWR,,SHO,,,,"Intel® Core ™  i5",2.20,,500,8192,,,,"WIN10 Pro",,Yes,"Win 10 Pro",,"Smat Tech 31/10/2015 (OEM lost from DBO)"
BD-02399,,,,UPS,UPS,Assigned,E1405037111,NPS,EA2120,"4,800",2013-01-01,,,"Sayem Salauddin",Procurement,LWR,,DBO,ssayem,,,,,,,,,,,,,,,,
BD-02400,,,,Phone,CIPT,Stock,FCH102987HX,Cisco,7941,"3,500",2009-01-01,,,,MIS,LWR,,DBO,,,,,,,,,,,,,,,,,
BD-02401,,,DBOL105A,Computer,Laptop,Disposed,CND52021XS,Hp,"Probook 440 G2","61,000",2015-01-01,,,,MIS,LWR,,SDL,,,,"Intel Core i5 ",2.20,,1024,8192,,,,"WIN7 Pro",,,"PC 7 pro",RW8NR-J3B87-GDCCT-72HX3-2WD2Q,"Smart Technologies (Laptop Broken on 10/15/2017 in a road accident from user shahhossain)"
BD-02402,,N/A,SDLL356,Computer,Laptop,Assigned,CND52021XQ,Hp,"Probook 440 G2","61,000",2015-01-01,,,"Alamin Bepary",Lab,LWR,SIL,"Shanta Denim Limited",abapery,,,"Intel Core i5 ",2.20,480,,8192,,,,"WIN10 Pro",2024-03-03,B-358,None,None,"Motherboard replaced by Morshed on July 2022"
BD-02404,11004000197,n/A,DBOL118G,Computer,Laptop,Stock,5CG5242VW5,Hp,"Probook 640 G1","61,000",2016-01-01,,,,MIS,LWR,SDL,"Shanta Denim Limited",,,,"Intel Core i5",2.5,500,,8192,,,,"WIN10 Pro",2021-08-12,Yes,"PC 7 pro",WN78W-WT4DJ-CFGR3-QWC2G-V6DGR,"Smart Technologies14536103yrs warranty"
BD-02405,,n/a,SDLL393,Computer,Laptop,Assigned,5CG5242V84,HP,"Probook 640 G1","61,000",2016-01-01,,,"Jannatul Ferdous",PCC,SWR,SDL,SDL,jferdous,,,"Intel Core i5",2.5,500,,8192,,,,"WIN 11 Pro",2025-01-28,no,"PC 7 pro",WN37X-HQK6Q-Y22RT-T239K-P3724,"Transferred from DBO to SDLSmart Technologies14536103yrs warranty"
BD-02406,,1453610,DBOL116E,Computer,Laptop,Assigned,5CG5242V9T,HP,"Probook 640 G1","61,000",2016-01-01,,,"Razib Sarker",Technical,MWR,DBO,DBO,rasarker,,,"Intel Core i5",2.5,500,,8192,,,,"WIN10 Pro",2021-03-01,Yes,"Win 10 Pro",Y93GX-9FNT7-KM982-X2FTG-MKMP4,"Smart Technologies/1453610/3yrs warranty"
BD-02407,,n/a,DBOL142B,Computer,Laptop,Disposed,YE060777H,Toshiba,"Portage Z30-A","61,000",2016-01-01,,,"Ex Ziaur Rahman2",MIS,LWR,DBO,DBO,,,,"Intel Core i5",2.6,,500,8192,,,,"WIN10 Pro",2021-03-18,Yes,"Win 10 Pro",Preloaded,"Smart Technologies/3yrs warranty"
BD-02408,21004000197,,DBODC10,Server,Server,Assigned,SGH603XSPD,HP,"DL 20 Gen9","130,000",2016-01-01,,,"DBO Server rack",MIS,LWR,,DBO,MIS,3,,"Intel Xeon CPU E3-1220 v5",3.00,,4TB,16384,,," 136,000.00 ","Server 2012",,,,,"Purchase From Smart Corporate"
BD-02409,,N/A,DBODC15,Server,Server,Assigned,SGH603XSP0,HP,"DL 20 Gen9","130,000",2016-01-01,,,"DBO Server rack",MIS,LWR,DBO,DBO,MIS,3,,"Intel Xeon CPU E3-1220 v5",3.00,,4TB,16384,,,,"Server 2012",,,,,"Purchase From Smart Corporate"
BD-02410,,,DBOSAP12,Server,Server,Assigned,SGH603XSPL,HP,"DL 20 Gen9","130,000",2016-01-01,,,"DBO Server rack",MIS,LWR,,DBO,MIS,3,,"Intel Xeon CPU E3-1220 v5",3.00,,4TB,16384,,," 136,000.00 ","Server 2012",,,,,"Purchase From Smart Corporate"
BD-02411,,N/A,DBOL121D,Computer,Laptop,Assigned,5CD60537QB,HP,"Probook 440 G3","61,000",2016-01-01,,,"Arif Hossin",Technical,LWR,DBO,DBO,arhossin,,,"Intel Core i5","2.30(6th Gen)",480,,8192,,,,"WIN10 Pro",2024-06-30,Yes,"Win 10 Pro",YXJ8J-NC8XB-BTHMR-M7VDG-4M49F,"Smart Jamuna/14 65189/1yars wrnty"
BD-02412,,n/a,DBOL122D,Computer,Laptop,Assigned,5CD60537TH,HP,"Probook 440 G3","61,000",2016-01-01,,,"Ankur Pramanik",Fabric,LWR,DBO,DBO,apramanik,,,"Intel Core i5","2.30(6th Gen)",500,,8192,,,,"WIN10 Pro",2024-11-28,Yes,"Win 10 Pro",49NGQ-48PPQ-GR6HW-FJG4M-WHV24,"Smart Jamuna14 651891yars wrnty"
BD-02413,,N/A,DBOL123D,Computer,Laptop,Assigned,5CD60537QR,HP,"Probook 440 G3","61,000",2016-01-01,,,"Jahid Hossain","Qaulity Assurance",LWR,DBO,"Dhaka Buying Office",jahhossain,,,"Intel Core i5","2.30(6th Gen)",500,,8192,,,,"WIN 10 Pro",2024-11-28,B-054,"Win 10 Pro",KBNPC-2GBPR-2M8DY-PRKQF-HQWXF,"Motherboard replaced by Morshed on 19th May 2022"
BD-02414,11004000175,n/a,DBOL120B,Computer,Laptop,"Need to Dispose",CNU1152NPK,HP,"Probook 4530s","51,000",2012-01-01,,,,MIS,LWR,SIL,"Shanta Denim Limited",,,,"Intel Core i3",2.20,,320,4096,,,,"WIN10 Pro",,B-087,"WIN 7 Pro",9C7KG-RHHFY-FR2DK-VPB2W-P3RF9,
BD-02415,,,10.140.40.16,Phone,CIPT,Stock,INM082714BK,Cisco,7940,"3,500",2009-03-02,,,,MIS,LWR,,SDL,,,,,,,,,,10.140.40.16,,,,,,,
BD-02416,11004000025,,,UPS,UPS,Assigned,UD11280219,Socomec,NRT-U11000CLA,"625,000",2012-01-01,,,"DBO Server room",MIS,LWR,,DBO,System,,,,,,,,,,,,,,,,
BD-02417,11004000051,,SDLL190A,Computer,Laptop,Disposed,CNU2519V48,HP,"Elitebook 2570p","49,000",2011-01-01,,,"Ex.Ashikur Rahman ",MIS,SWR,SDL,SDL,,,,"Intel Core i5",2.50,,500,"8192 ",,,,"WIN7 Pro",,Yes,"PC 8 pro",,"Send from UK via NPS 21/7/2016"
BD-02418,,n/a,SDLD424F,Computer,Desktop,Assigned,DZJK102,Dell,"Optiplex 3020","48,000",2014-07-19,,,"Shayma Sultana",HR,LWR,SDL,SDL,ssultana,,,"Intel Core i5",3.20,,500,"8192 ",,,,"WIN10 Pro",2021-03-07,,"Win 10 Pro",FNGMY-W9X6C-WM8CJ-3CWRK-FRG6R,
BD-02419,,,,Display,Monitor,Assigned,CN-0MMK39-72872-58L-DFLI-A00,Dell,E1916HV,"6,500",2016-08-30,"Multilink/UTC-INV012809/3 yars wrnty/PR-999",,"Badol Hossain",Sample,LWR,,SDL,bhossain,,,,,,,,,,,,,,,,
BD-02420,21004000203,INV-GBPGL-2016-005169,SDLL373,Computer,Laptop,Assigned,G8N0CV16K83534G,Asus,"Zenbook UX310U","84,000",2016-12-15,"Global Brands Pvt Ltd",,"Shojan Mia",Technical,LWR,DBO,"CastleCrafts Limited",shomia,,,"Intel Core i7 6500U/BGA","2.50 GHz",128,1024,"8192 ",,,84000,"WIN10 Pro",,Yes,"Win 10 Pro",W2K3Y-NDK2H-XX663-PKVHH-3J3GP,"Global BrandsINVGBPGL201600516912 yars wrntyBack part swap with SDLL374"
BD-02421,21004000204,n/a,SDLL203H,Computer,Laptop,Assigned,G8N0CV16K842349,Asus,"Zenbook UX310U","84,000",2016-12-15,"Global Brands/INV-GBPGL-2016-005169/1(2 yars wrnty)",,"Ridoan Zahan",MIS,LWR,SIL,SDL,rzahan,,,"Intel Core i7 6500U/BGA","2.50 GHz",128/480,,"8192 ",,,84000,"WIN10 Pro",2023-02-05,Yes,"Win 10 Pro",HTM4Q-NXXJ6-PVVYX-YTD66-P7JXC,"Global Brands/INV-GBPGL-2016-005169/1(2 yars wrnty)"
BD-02422,21004000205,N/A,SDLL204E,Computer,Laptop,Assigned,G8N0CV16K84334A,Asus,"Zenbook UX310U","84,000",2016-12-15,"Global Brands/INV-GBPGL-2016-005169/1(2 yars wrnty)",,"Piyer Mollah",MIS,LWR,SIL,SDL,pmollah,,,"Intel Core i7 6500U/BGA","2.50 GHz",128,,"8192 ",,,84000,"Win 11",2023-07-17,B-0303,"Win 10 Pro",NQFMY-DK8XV-K448J-7QQPV-BDWXC,"Global BrandsINVGBPGL201600516912 yars wrnty"
BD-02423,21004000208,1,SDLL201A,Computer,Laptop,Assigned,G5N0CJ01N575223,Asus,"Zenbook UX303U","69,000",2016-12-15,"Global Brands/INV-GBPGL-2016-005169/2 yars wrnty",,"Baidyanath Saha2","Quality Assurance",LWR,DBO,"Dhaka Buying Office",basaha,,,"Intel core i5 6200U",2.30,256,,"8192 ",,,69000,"Win 10 Pro",,B-318,"Win 10 Pro",4JCWD-6NJD7-6KRHY-6JKYV-VT9TP,"Global BrandsINVGBPGL20160051692 yars wrnty"
BD-02424,,n/a,DBOL177,Computer,Laptop,Assigned,G5N0CJ01N53522G,Asus,"Zenbook UX303U","69,000",2016-12-15,"Global Brands/INV-GBPGL-2016-005169/2 yars wrnty",,"Shahid Hossain",Finance,LWR,HO,"Dhaka Buying Office",shahhossain,,,"Intel core i5 6200U",2.30GHz,,1024,"8192 ",,,69000,"WIN10 Pro",2021-12-28,Yes,"Win 10 Pro",BXCNX-DT89F-WD8B3-87D7R-QGPKC,"Global Brands/INV-GBPGL-2016-005169/2 yars wrnty"
BD-02425,,n/a,DBOL178,Computer,Laptop,Assigned,G5N0CJ01N565226,Asus,"Zenbook UX303U","69,000",2016-12-15,"Global Brands/INV-GBPGL-2016-005169/2 yars wrnty",,"Rafiqul Islam",Commercial,MWR,DBO,"Dhaka Buying Office",raislam,,,"Intel core i5 6200U",2.30GHz,480,,"8192 ",,,69000,"WIN10 Pro",2021-12-27,Yes,"Win 10 Pro",TFGNB-FF9TQ-X7QXW-WMKTG-WXCKC,"Global Brands/INV-GBPGL-2016-005169/2 yars wrnty"
BD-02426,11004000200,,10.140.8.75,T&A,"Attendance Device",Assigned,7314059,FingerTec,Timeline-100,"26,000",2016-03-21,"GENERAL AUTOMATION LTD.",,"SIL Payroll",HR,LWR,,SDL,Payroll,,,,,,,,,10.140.8.75,,,,,,,
BD-02427,21004000090,,10.140.8.81,T&A,"Attendance Device",Assigned,7306831,FingerTec,Timeline-100,"26,000",2016-03-21,"GENERAL AUTOMATION LTD.",,"SIL Payroll",HR,LWR,,SDL,Payroll,,,,,,,,,10.140.8.81,,,,,,,
BD-02428,11004000090,,10.140.8.80,T&A,"Attendance Device",Assigned,7314850,FingerTec,Timeline-100,"26,000",2016-04-07,"GENERAL AUTOMATION LTD.",,"SIL Payroll",HR,LWR,,SDL,Payroll,,,,,,,,,10.140.8.80,,,,,,,
BD-02429,110011000009,,10.140.8.41,T&A,"Attendance Device",Assigned,7314862,FingerTec,Timeline-100,"26,000",2016-04-07,"GENERAL AUTOMATION LTD.",,"SWL Payroll",HR,LWR,,SDL,Payroll,,,,,,,,,10.140.8.41,,,,,,,
BD-02430,21004000131,,10.140.8.42,T&A,"Attendance Device",Assigned,7314825,FingerTec,Timeline-100,"26,000",2016-04-07,"GENERAL AUTOMATION LTD.",,"SWL Payroll",HR,LWR,,SDL,Payroll,,,,,,,,,10.140.8.42,,,,,,,
BD-02431,21004000132,,10.140.8.66,T&A,"Attendance Device",Assigned,7316073,FingerTec,Timeline-100,"26,000",2016-10-20,"GENERAL AUTOMATION LTD.",,"SDL Payroll",HR,LWR,,SDL,Payroll,,,,,,,,,10.140.8.66,,,,,,,
BD-02432,21004000133,,10.140.8.67,T&A,"Attendance Device",Assigned,7316091,FingerTec,Timeline-100,"26,000",2016-10-20,"GENERAL AUTOMATION LTD.",,"SDL Payroll",HR,LWR,,SDL,Payroll,,,,,,,,,10.140.8.67,,,,,,,
BD-02433,21004000134,,10.140.8.83,T&A,"Attendance Device",Assigned,7314846,FingerTec,Timeline-100,"26,000",2016-04-07,"GENERAL AUTOMATION LTD.",,"SIL Payroll",HR,LWR,,SDL,Payroll,,,,,,,,,10.140.8.83,,,,,,,
BD-02434,210011000019,,10.140.8.84,T&A,"Attendance Device",Assigned,7316129,FingerTec,Timeline-100,"26,000",2016-04-07,"GENERAL AUTOMATION LTD.",,"SIL Payroll",HR,LWR,,SDL,Payroll,,,,,,,,,10.140.8.84,,,,,,,
BD-02435,,,DEWBDSDLA12,Network,"Access Point",Assigned,215A164000567,TP-LINK,EAP120,"6,700",2016-11-01,,,,MIS,LWR,"SIL Server room",SDL,System,,,,,,,,,10.140.25.12,,,,,,,"B-576218/1 yars wrnty"
BD-02436,,,DEWBDSDLA13,Network,"Access Point",Stock,215A164000112,TP-LINK,EAP120,"6,700",2016-11-01,,,,MIS,LWR,,SDL,System,,,,,,,,,10.140.25.13,,,,,,,"B-576218/1 yars wrnty"
BD-02437,,,,UPS,UPS,Assigned,E1405063037,NPS,EA2120,"4,800",2015-08-03,,,"Shamvu Saha",IE,LWR,,SDL,ssaha,,,,,,,,,,,,,,,,
BD-02438,,,,Display,Monitor,Stock,ZZNHH4TH903586,Samsung,S19F350HNW,"6,200",2016-12-27,"Smart Technology",1081,,MIS,LWR,,SDL,MIS,,,,,,,,,,,,,,,,"110616 (Smart, Jamuna, 3 year w)"
BD-02439,,,,UPS,UPS,Assigned,163327,ATA,UPS-1200VA,"5,040",2016-12-29,"Digilog Systems",1063,"Mainul Islam",Cutting,SWR,,SDL,maiiislam,,,,,,,,,,,,,,,,"Digilog/1853/1 yars wrnty"
BD-02440,,,,UPS,UPS,Disposed,163326,ATA,UPS-1200VA,"5,040",2016-12-29,"Digilog Systems",1063,"(Ex. amottalib+ashjib)",,LWR,,SDL,,,,,,,,,,,,,,,,,"Digilog/1853/1 yars wrnty (Burn Due to electric problem)"
BD-02441,41004000022,,10.140.8.40,T&A,"Attendance Device",Assigned,7314838,FingerTec,Timeline-100,"26,000",2017-01-17,"GENERAL AUTOMATION LTD.",1095,"SWL Payroll",HR,LWR,,SDL,Payroll,,,,,,,,,10.140.8.40,,,,,,,
BD-02442,,,,Display,Monitor,Assigned,CN-0TP05K-64180-69B-0PTB,Dell,P1917S,"11,700",2017-01-16,"Daffodil Computers IDB/SA1002201700000427/3 yars wrnty",1071,"Mohammad Didarul",CAD,LWR,,SDL,mdidarul,,,,,,,,,,11700,,,,,,
BD-02443,,,,Display,Monitor,Assigned,CN-0TP05K-64180-69B-0WHB,Dell,P1917S,"11,700",2017-01-16,"Daffodil Computers IDB/SA1002201700000427/3 yars wrnty",1059,"Alomgir Hossain (LSDL1)","Nike Promo",SWR,,SDL,alohossain,,,,,,,,,,11700,,,,,,
BD-02444,,1,,Display,Monitor,Assigned,607NTEP70044,LG,22MP68VQ,"12,200",2017-01-31,"Ryans Computer .",1092,,MIS,LWR,SDL,SDL,,,,,,,,,,,12200,,,,,,"Ryans Computer Banani/ B-612357/ 3 year""s warrnty."
BD-02445,,,,Display,Monitor,Assigned,01X3HYBGA00096A,Samsung,LT24E310AR,"18,500",2016-03-08,"Smart Jamuna/14 53367/1 yrs wrnty",901,"cutting display",Cutting,LWR,,SDL,"cutting display",,,,,,,,,,18500,,,,,,"Smart Jamuna/14 53367/1 yrs wrnty"
BD-02446,,,,UPS,UPS,Assigned,1606071000819,NPS,PCX-1200VA,"4,800",2017-02-06,"Numeric Technology/20170206/1 year",1102,"Tazul Islam & Susanta Pall",Sample,LWR,,SDL,"tislam & spall",,,,,,,,,,4800,,,,,,"Numeric Technology/20170206/1 year"
BD-02447,,,,UPS,UPS,Assigned,1606071000820,NPS,PCX-1200VA,"4,800",2017-02-06,"Numeric Technology/20170206/1 year",1102,"Mamunur Rahman",MIS,LWR,,SDL,mamrahman,,,,,,,,,,4800,,,,,,"Numeric Technology/20170206/1 year"
BD-02448,,,,Storage,Pendrive,Assigned,,,"128 MB",,,,,"Muhammad Huda",MNT,LWR,,SDL,mhuda,,,,,,,,,,,,,,,,
BD-02449,,,,Display,Monitor,Assigned,WD326JX003948,WALTON,WD326JX,"18,236",2017-02-13,"Walton Plaza Banani/ 2016-17-s-1887/ 2 year warranty",1111,"cutting display",Cutting,LWR,,SDL,sdldisplay01,,,,,,,,,,18236,,,,,,
BD-02450,,,,Computer,Tablet,Disposed,5CD3312YSL,HP,"Slatebook 10x2 PC 10-h015RU","15,000",2017-02-11,"Smart Jmauna/188861",1108,,MIS,LWR,,SDL,,,,,,,,"2048 ",,,15000,,,,,,
BD-02451,,n/a,,Computer,Tablet,"Need to Dispose",5CD3363ZPJ,HP,"Slatebook 10x2 PC 10-h015RU","15,000",2017-02-11,"Smart Jmauna/188861",1108,"SIL Cutting Table 2",Cutting,LWR,SIL,SDL,"SIL Cutting Table 2",,,,,,,"2048 ",,,15000,,,,,,
BD-02452,,n/a,,Computer,Tablet,Disposed,5CD3363ZP7,HP,"Slatebook 10x2 PC 10-h015RU","15,000",2017-02-11,"Smart Jmauna/188861",1108,,MIS,LWR,SIL,SDL,,,,,,,,"2048 ",,,15000,,,,,,
BD-02453,,,,Computer,Tablet,Disposed,5CD3363ZP6,HP,"Slatebook 10x2 PC 10-h015RU","15,000",2017-02-11,"Smart Jmauna/188861",1108,,MIS,LWR,,SDL,,,,,,,,"2048 ",,,15000,,,,,,
BD-02454,,n/a,,UPS,UPS,Assigned,1606071000769,NPS,PCX-1200VA,"4,800",2017-02-14,"Numeric Technology/20170214/1 year",1082,"Anowar Hossain2","Quality Assurance",LWR,SDL,SDL,anohossain,,,,,,,,,,4800,,,,,,
BD-02455,,n/a,,UPS,UPS,Assigned,1606071000770,NPS,PCX-1200VA,"4,800",2017-02-16,"Numeric Technology/201702016/1 year wrnty",1110,"SDL Puma Inspection","Quality Assurance",LWR,SDL,SDL,spumainspection,,,,,,,,,,4800,,,,,,
BD-02456,,N/A,,UPS,UPS,"Need to Dispose",1606071000826,NPS,PCX-1200VA,"4,800",2017-02-19,"Numeric Technology/20170219/1 yars wrnty",1116,"Robin Mozumder","Quality Assurance",LWR,SDL,SDL,rmazumder,,,,,,,,,,,,,,,,
BD-02457,,,,UPS,UPS,Assigned,1606071000825,NPS,PCX-1200VA,"4,800",2017-02-19,"Numeric Technology/20170219/1 yars wrnty",1116,"Shamsujjaman Akand",Quality,LWR,,SDL,sakand,,,,,,,,,,,,,,,,"Need to service."
BD-02458,,,,UPS,UPS,Assigned,1606071000630,NPS,PCX-1200VA,"4,800",2017-02-16,"Numeric Tecnology/201702017/1 year wrnty",1109,"Didarul Alam",Quality,LWR,,SDL,dalam,,,,,,,,,,,,,,,,
BD-02459,,n/a,,UPS,UPS,Assigned,1606071000629,NPS,PCX-1200VA,"4,800",2017-02-16,"Numeric Tecnology/201702017/1 year wrnty",1114,"Kaniz Fatema","Human Resource",LWR,SIL,SDL,kfatema,,,,,,,,,,,,,,,,
BD-02460,,N/A,,UPS,UPS,Assigned,1606071000815,NPS,PCX-1200VA,"4,800",2017-02-16,"Numeric Tecnology/201702017/1 year wrnty",1114,"Abdul Hannan",Operation,LWR,SDL,SDL,ahannan,,,,,,,,,,,,,,,,
BD-02461,,n/a,,UPS,UPS,Assigned,1606071000816,NPS,PCX-1200VA,"4,800",2017-02-16,"Numeric Tecnology/201702017/1 year wrnty",1114,"Ruhul Amin",Production,LWR,SIL,"Shanta Denim Limited",aruhul,,,,,,,,,,,,,,,,
BD-02462,,1,,UPS,UPS,Stock,1606071000618,NPS,PCX-1200VA,"4,800",2017-02-16,"Numeric Tecnology/201702017/1 year wrnty",1114,"Toufiq Ahmed","Industrial Engineering",LWR,SIL,SDL,tahmed,,,,,,,,,,,,,,,,
BD-02463,,,,UPS,UPS,Assigned,1606071000617,NPS,PCX-1200VA,"4,800",2017-02-16,"Numeric Tecnology/201702017/1 year wrnty",1114,"Robiul Dewan",Cutting,LWR,,SDL,rdewan,,,,,,,,,,,,,,,,
BD-02464,,,,UPS,UPS,Assigned,1606071000771,NPS,PCX-1200VA,"4,800",2017-02-16,"Numeric Tecnology/201702017/1 year wrnty",1114,"Shamim Reza/Delowar Hossain2",Production,LWR,,SDL,sreza/delhossain,,,,,,,,,,,,,,,,
BD-02465,,,,UPS,UPS,Assigned,1606071000772,NPS,PCX-1200VA,"4,800",2017-02-16,"Numeric Tecnology/201702017/1 year wrnty",1115,"Esprit QC",Quality,LWR,SIL,SDL,"Esprit QC",,,,,,,,,,,,,,,,
BD-02466,11004000146,n/a,SDLD437C,Computer,Desktop,Assigned,9X9DS62,Dell,"Optiplex 3020","48,000",2014-07-19,,,"Hachibur Rahaman",Commercial,LWR,SIL,SDL,hrahaman,,,"Intel  Core  i5 ",3.20,,500,8192,,,,"WIN10 Pro",,,"Win 10 Pro",M84B7-PNMY8-BG6QK-DGCTP-RVV24,
BD-02467,11004000147,111442,SDLD436E,Computer,Desktop,Assigned,HWM2H82,Dell,"Optiplex 3040","56,135",2016-12-18,"Smart Jamuna/111442/3 yars wrnty",1052,"Rafrafin Shahadat",Finance,LWR,SIL,SDL,rshahadat,,,"Intel  Core i5 6500",3.20,256,,8192,,,,"WIN 11 Pro",2025-06-15,,"Win 10 Pro",QNC6K-W4Y2P-9WDHQ-PFQ9B-F9CKF,
BD-02468,11004000148,111442,SDLD453A,Computer,Desktop,"Need to Dispose",HWPH7C2,Dell,"Optiplex 3040",56136,2016-12-18,"Smart Jamuna/111442/3 yars wrnty",1052,"Rahad Hossain",Sample,LWR,SIL,SDL,rahossain,,,"Intel ï¿½ Core ï¿½ i5 6500",3.20,256,,"4096 ",,,,"WIN10 Pro",2022-01-02,,"Win 10 Pro",N6GPC-CDQXV-P8T3Q-CJK97-XD724,
BD-02469,,n/a,,Display,Monitor,Assigned,CN-0YKHB7-72872-65J-CNAU,Dell,E1916H,"6,500",2016-12-18,"Smart Jamuna/111442/3 yars wrnty",1052,"Nasir Hossain","Fabric Technical",LWR,SIL,SDL,nashossain,,,,,,,,,,,,,,,,
BD-02470,,,,Display,Monitor,Transferred,CN-0DFDMY-72872-62H-A5VB,Dell,E1916H,"6,500",2016-12-18,"Smart Jamuna/111442/3 yars wrnty",1052,"Lasercut SDL3","Nike Promo",LWR,,CAM,lsdl3,,,,,,,,,,,,,,,,
BD-02471,,,,Display,Monitor,Assigned,ZZNHH4THB03728,Samsung,S19F350HN,"6,200",2017-02-18,"Smart Tech/ Jamuna/ 188882/3year warranty",1114,"Ashish KumarGhosh",HR,LWR,,SDL,akumarghosh,,,,,,,,,,,,,,,,"Smart Tech/ Jamuna/ 188882/ 3year warranty"
BD-02472,,,,Display,Monitor,Assigned,ZZNHH4TH805624,Samsung,S19F350HN,"6,200",2017-02-18,"Smart Tech/ Jamuna/ 188882/3year warranty",1114,"Mominul Islam",IE,LWR,SIL,SDL,momislam,,,,,,,,,,,,,,,,"Smart Tech/ Jamuna/ 188882/ 3year warranty"
BD-02473,21004000005,,10.140.8.43,T&A,"Attendance Device",Assigned,7314863,FingerTec,Timeline-100,"26,000",2017-02-22,"General Automation/GA-170219-09/1 yars wrny",1117,,MIS,LWR,,SDL,,,,,,,,,,10.140.8.43,26000,,,,,,"General Automation/GA-170219-09/1 yars wrny"
BD-02474,11004000028,,10.140.8.76,T&A,"Attendance Device",Assigned,7316128,FingerTec,Timeline-100,"26,000",2017-02-22,"General Automation/GA-170219-10/1 yars wrny",1114,"SIL Payroll",MIS,LWR,,SDL,Payroll,,,,,,,,,10.140.8.76,26000,,,,,,"General Automation/GA-170219-10/1 yars wrny"
BD-02475,,n/a,,UPS,UPS,Stock,1606071000793,NPS,PCX-1200VA,"4,800",2017-02-16,"Numeric Tecnology/201702017/1 year wrnty",,,MIS,LWR,SIL,SDL,,,,,,,,,,,,,,,,,
BD-02476,,,,Computer,Respberrypi,Assigned,B98C7C8E,"Respberrypi Foundation","Respberrypi 3","4,031",2017-02-25,"TechshopBD Invoice # 134419",1118,"Nuruddin Almashud",HR,LWR,"SIL gate1",SDL,nalmashud,,,,,,,,,,4031,,,,,,"TechshopBD Invoice # 134419"
BD-02477,,,,Computer,Respberrypi,Stock,9F5CA591,"Respberrypi Foundation","Respberrypi 3","4,031",2017-02-25,"TechshopBD Invoice # 134419",1118,,MIS,LWR,,SDL,,,,,,,,,,,4031,,,,,,"TechshopBD Invoice # 134419"
BD-02478,,,,Computer,Respberrypi,Stock,34843CBD,"Respberrypi Foundation","Respberrypi 3","4,031",2017-02-25,"TechshopBD Invoice # 134419",1118,,MIS,LWR,,SDL,,,,,,,,,,,4031,,,,,,"TechshopBD Invoice # 134419"
BD-02479,,,,Computer,Respberrypi,Stock,30368D5B,"Respberrypi Foundation","Respberrypi 3","4,031",2017-02-25,"TechshopBD Invoice # 134419",1118,,MIS,LWR,,SDL,,,,,,,,,,,4031,,,,,,"TechshopBD Invoice # 134419"
BD-02480,11004000230,INV-GBPGL-2017-001011,SDLD462B,Computer,Desktop,Assigned,7Z30VG2,Dell,"Optiplex 3046MT","46,000",2017-02-28,"Global Brand/ Invoice no- INV-GBPGL-2017-001011",1109,"Sabiha Akter","Marketing & Merchandising",LWR,SIL,SDL,saakter,,,"Intel  Core  i5 6500",3.20,256,,16384,,,,"WIN10 Pro",2022-01-04,,"Win 10 Pro",FBTYT-CNYCH-XB7XP-RCHW3-H22KC,
BD-02481,11004000229,INV-GBPGL-2017-001011,SDLD463C,Computer,Desktop,Assigned,7W76VG2,Dell,"Optiplex 3046MT","46,000",2017-02-28,"Global Brand/ Invoice no- INV-GBPGL-2017-001011",1109,"Rakib Shikder",Operation,LWR,SIL,SDL,rshikder,,,"Intel Core i5 6500",3.20,,1024,"8192 ",,,,"WIN11 Pro",2025-10-15,,"Win 10 Pro",NGGB2-YRYWK-3QG9B-D7CP9-T83GP,
BD-02482,,,,Display,Monitor,Assigned,CN0DFDMY7287263ICJ7U,Dell,E1916HV,"6,500",2017-02-28,"Global Brand/ Invoice no- INV-GBPGL-2017-001011",1109,"zakaria Alom",Sample,LWR,,SDL,zalom,,,,,,,,,,,,,,,,
BD-02483,,,,Display,Monitor,Assigned,CN0YKH8772653CWDU,Dell,E1916HV,"6,500",2017-02-28,"Global Brand/ Invoice no- INV-GBPGL-2017-001011",1109,"Asif Raihan",Store,LWR,,SDL,araihan,,,,,,,,,,,,,,,,
BD-02484,21004000211,INV-GBPGL-2017-001013,SDLD440C,Computer,Desktop,Assigned,7VJ2VG2,Dell,"Optiplex 3046MT","46,000",2017-02-28,"Global Brand/ Invoice no- INV-GBPGL-2017-001013",1110,"Arifur Rahman",CAD,LWR,SIL,SDL,arrahman,,,"Intel  Core i5 6500",3.20,256,,"8192 ",,,,"WIN10 Pro",2023-12-30,,"Win 10 Pro",F7TFB-36NRF-8J6MK-46GR4-JHV22,
BD-02485,,n/a,,Display,Monitor,Assigned,CN0YKH8772872653ATDU,Dell,E1916HV,"6,500",2017-02-28,"Global Brand/ Invoice no- INV-GBPGL-2017-001013",1110,"Anowar Hossain2","Quality Assurance",LWR,SDL,SDL,anohossain,,,,,,,,,,,,,,,,
BD-02486,,,,Display,Monitor,Assigned,CN0DFDMY7287262KDMEU,Dell,E1916HV,"6,200",2016-10-15,"Star Tech/ INV-STETB-2016-046918/2 yars wrnty",1053,"Store loading area2",Store,LWR,"Store loading area",SDL,"Store loading area2",,,,,,,,,,,,,,,,"Star Tech/ INV-STETB-2016-046918/2 yars wrnty"
BD-02487,,,,Display,Monitor,Stock,CN0DFDMY7287262KDKGU,Dell,E1916HV,"6,200",2016-10-15,"Star Tech/ INV-STETB-2016-046918/2 yars wrnty",1049,,HR,LWR,,SDL,,,,,,,,,,,,,,,,,"Star Tech/ INV-STETB-2016-046918/2 yars wrnty"
BD-02488,,n/a,,UPS,UPS,Assigned,1606071000773,NPS,PCX-1200VA,"4,800",2017-03-12,"Numeric Tecnology/20170312/1 year wrnty",1125,"Muhammad Rashid",Store,LWR,SIL,"Shanta Denim Limited",murashid,,,,,,,,,,,,,,,,
BD-02489,,n/a,,UPS,UPS,Assigned,1606071000774,NPS,PCX-1200VA,"4,800",2017-03-12,"Numeric Tecnology/20170312/1 year wrnty",1125,"Kamrul Ahasan",Production,LWR,SIL,"Shanta Denim Limited",kahasan,,,,,,,,,,,,,,,,
BD-02490,,,10.140.21.202,CCTV,"CCTV Camera",Assigned,2L069A4PAL01422,Dahua,DH-IPC-HFW1220SP,"6,500",2017-03-19,"STS Automantion/ STS/SIL/270317/ 1 year wrnty",1129,"SWL quality area",MIS,LWR,,SDL,Security,,,,,,,,,,,,,,,,
BD-02491,,1,10.140.21.8,CCTV,"CCTV Camera",Assigned,2L069A4PAL01298,Dahua,DH-IPC-HFW1220SP,"6,500",2017-03-19,"STS Automantion/ STS/SIL/270317/ 1 year wrnty",1129,"Outside of reception",MIS,LWR,SDL,SDL,Security,,,,,,,,,,,,,,,,
BD-02492,,,,CCTV,"CCTV Camera",Disposed,2L069A4PAL00121,Dahua,DH-IPC-HFW1220SP,"6,500",2017-03-19,"STS Automantion/ STS/SIL/270317/ 1 year wrnty",1129,,MIS,LWR,,SDL,Security,,,,,,,,,,,,,,,,
BD-02493,,1,10.140.21.12,CCTV,"CCTV Camera",Disposed,2E02F7CPAG00731,Dahua,DH-IPC-HDW1220SP,"6,500",2017-03-19,"STS Automantion/ STS/SIL/270317/ 1 year wrnty",1129,"SWL canteen",MIS,LWR,SIL,SDL,Security,,,,,,,,,,,,,,,,
BD-02494,,n/a,,UPS,UPS,Disposed,E1405037001,NPS,EA2120,"4,800",2015-08-03,,,"Saravanan Jayaraman",MIS,LWR,SIL,SDL,sjayaraman,,,,,,,,,,,,,,,,
BD-02495,,,,UPS,UPS,Assigned,0136-1604140097,Digilog,UPS-1200va,"5,040",2016-07-25,"DIgilog System ",,"Kamruzzaman Md",Cutting,LWR,,SDL,kmd,,,,,,,,,,,,,,,,
BD-02496,11004000144,n/a,SDLD408,Computer,Desktop,Assigned,9WK9S62,Dell,"Optiplex 3020","48,000",2015-10-31,,,"Kismot Ali",Quality,LWR,SDL,SDL,kali,,,"Intelï¿½ Core ï¿½  i5",2.20,256,,8192,,,,"WIN 11 Pro",2025-07-14,,"Win 10 Pro",,"New SSD Installed on 14072025"
BD-02497,11004000145,n/a,SDLD419F,Computer,Desktop,Assigned,9YYCS62,Dell,"Optiplex 3020","48,000",2015-10-31,,,"Robiul Dewan",Cutting,LWR,SIL,SDL,rdewan,,,"Intelï¿½ Core ï¿½  i5",2.20,256,,8192,,,,"WIN10 Pro",2024-08-21,,"Win 10 Pro",N29DM-BG33J-734DB-T2472-7CFC4,
BD-02498,,n/a,,Display,Monitor,Assigned,CN-0MMK39-72872-581-A4AU-A00,Dell,E1914H,"6,500",2015-10-31,,,"Manik Chandra",Finishing,LWR,SIL,SDL,mchandra,,,,,,,,,,,,,,,,
BD-02499,,n/a,SDLL207A,Computer,Laptop,Disposed,IYC047898CSSKF3002004ENB,Toshiba,"Satellite Pro L830-13R",,2017-03-27,,,"Shadi Rahman",PCC,SWR,SDL,SDL,sharahman,,,"Intelï¿½ Core ï¿½  i3",1.40,480,,"8192 ",,,,"WIN10 Pro",,B-003,"Win 8 Pro",Preloaded,"Andrew Tunnicliffe Brings from UK."
BD-02500,11004000232,n/a,SDLL209B,Computer,Laptop,Assigned,5CD6302L9G,HP,"Probook 440 G3","64,890",2017-03-23,"Star Tech/ INV-STETB-2017-017745/2 yars wrnty",1130,"Laila Sharmin","Fabric Technical",LWR,SIL,SDL,lsharmin,,,"Intel Core i5 6200U",2.30,256,,"8192 ",,,,"WIN10 Pro",2023-08-29,Yes,"Win 10 Pro",NBMJR-HWTW6-BPQCT-8JH3G-FVV24,"Star Tech INVSTETB20170177452 yars wrnty"
BD-02501,,,,Network,"Print Server",Stock,P1R63C3000797,D-LINK,DPR-1061,"4,770",2017-03-17,"Air Com Computer/ 2017A0038",1125,,MIS,LWR,,SDL,,,,,,,,,,,,,,,,,
BD-02502,,,,Network,"Print Server",Stock,PV2A3F7000049,D-LINK,DPR-1020,"3,402",2017-03-17,,,,MIS,LWR,,SDL,,,,,,,,,,,,,,,,,
BD-02503,11004000040,,10.140.8.73,T&A,"Attendance Device",Assigned,7316079,FingerTec,Timeline-100,"26,000",2017-03-21,"General Automation/ GA-170320-01/1 year wrnty",1127,"SDL Payroll",HR,LWR,,SDL,,,,,,,,,,10.140.8.73,,,,,,EBG9-ZFY7-F9WP,"Activation key: GKKHAH9C"
BD-02504,21004000081,,10.140.8.74,T&A,"Attendance Device",Assigned,7316076,FingerTec,Timeline-100,"26,000",2017-03-21,"General Automation/ GA-170320-01/1 year wrnty",1127,,HR,LWR,,SDL,,,,,,,,,,10.140.8.74,,,,,,JL6Q-YRP7-76CR,"Activation key: BD9MYWHN"
BD-02505,,,,Computer,Laptop,Transferred,5CD6302L9R,HP,"Probook 440 G3","64,890",2017-04-01,"Star Tech",1131,"Lahcen Eddehbi",Production,SWR,,CAM,leddehbi,,,"Intel ï¿½ Coreï¿½ i5-6200U",2.30,500,,"8192 ",,,,"WIN10 Pro",,Yes,"Win 10 Pro",9BTF6-VNH8C-RRMB9-WJF7H-XD724,
BD-02506,,,,Display,Monitor,Assigned,ZZNHH4TJ107641,Samsung,S19F350HNW,"5,800",2017-04-05,"Star Tech/ INV-STETB-2017-020559/1095 days wrnty",1132,"Rubel Farazi",Finishing,LWR,,SDL,rfarazi,,,,,,,,,,,,,,,,
BD-02507,11004000228,INV-GBPWH-2017-000108,SDLD541A,Computer,Desktop,Assigned,F7PTT009795,Asus,AR5B125,"50,000",2017-01-02,"Globalbrands/INV-GBPWH-2017-000108/1 yrs wrnty",1082,"Jannatul Ferdous",PCC,LWR,SDL,SDL,jferdous,,,"Intel Core i3-4160T",3.10,,500,"4096 ",,,,"WIN10 Pro",2021-12-28,,"Win 10 Pro",6HBTP-CN4B8-94RBV-GFKMV-YY6GC,"Global BrandsINVGBPWH20170001081 yrs warranty"
BD-02508,,n/a,,Computer,Tablet,"Need to Dispose",HA0G7WLE,Lenovo,TAB2-X30F,"15,000",2017-01-01,"Camera Vision/1142/1 yars service wrnty",1091,"Mahbub Masum",MIS,LWR,SIL,"Shanta Denim Limited",mmasum,,,"APQ8009 QC ",1.30,,16,"2048 ",,,,,,,,,"Camera Vision/1142/1 yars service wrnty"
BD-02509,,n/a,,Computer,Tablet,Disposed,5CD3363ZG4,HP,"Slatebook 10x2 PC 10-h015RU","15,000",2017-02-11,"Smart Jmauna/188861",,,MIS,LWR,SIL,SDL,,,,,,,,"2048 ",,,15000,,,,,,
BD-02510,21004000215,INV-GBPGL-2017-001898,SDLD638,Computer,Desktop,Assigned,7WVYTG2,Dell,"Optiplex 3046MT","52,500",2017-04-15,"Global Brand/ INV-GBPGL-2017-001898",1135,"Sadia Sultana","Marketing & Merchandising",LWR,SIL,SDL,sasultana,,,"Intel Core i5-Gen 6500",3.20,256,,"8192 ",,,,"WIN11 Pro",2025-10-19,,"Win 10 Pro",N6D9Q-D7WMG-M74DY-TP28K-6CQGR,
BD-02511,,,,Display,Monitor,Assigned,CN09YKV7728726C2DWTB,Dell,E1916HV,"6,200",2017-04-15,"Global Brand/ INV-GBPGL-2017-001898",1135,"Tareq Siddiqui(BGME)",HR,LWR,SDL,SDL,tsiddiqui,,,,,,,,,,,,,,,,"BGME software use purpose."
BD-02512,110011000012,INV-STETB-2017-023556,DBOL129D,Computer,Laptop,"Need to Dispose",5CD7025JJ7,HP,"Probook 440 G4","65,800",2017-04-17,"Star Tech",1140,"Ex. user Soliman Rajib",Quality,LWR,DBO,DBO,srajib,,,"Intel Core  i5-7200U 2.5 GHz",2.71,256,,"8192 ",,,,"WIN10 Pro",,Yes,"Win 10 Pro",NW7HT-3FM43-K8J9R-XTH7K-MG9TR,"Motherboard Burned"
BD-02513,21004000195,INV-CSLIR-2016-01026,DBOL125D,Computer,Laptop,Assigned,8CMF9B2,Dell,"Vostro 14 5459","64,500",2016-06-29,"Computer Source/INV-CSLIR-2016-01026/1 yars wrnty",990,"Alamin Hossain",Commercial,LWR,HO,"Dhaka Buying Office",alahossain,,,"Intel Core i5",2.3,480,,8192,,,,"WIN10 Pro",,B-384,"Win 10 Pro",46THM-RNHXV-349MM-FXPMH-4C2KF,"Computer Source/INV-CSLIR-2016-01026/1 yars wrnty"
BD-02514,,,,"Computer Accessories",Headset,Assigned,1637ALA00949,Logitech,h151,"1,500",2017-04-25,,1143,"Nazmul Karim",PCC,SWR,,SDL,nkarim,,,,,,,,,,,,,,,,
BD-02515,,N/A,,"Computer Accessories",Headset,"Need to Dispose",1636ALA09889,Logitech,h151,"1,500",2017-04-25,,1143,"Amina Khadid",PCC,SWR,SDL,SDL,akhadid,,,,,,,,,,,,,,,,
BD-02516,,,,"Computer Accessories",Headset,Assigned,1637ALA01909,Logitech,h151,"1,500",2017-04-25,,1143,"Mohmodul Hasan",PCC,SWR,,SDL,mahmhasan,,,,,,,,,,,,,,,,
BD-02517,,,,"Computer Accessories",Headset,Assigned,1637ALA00989,Logitech,h151,"1,500",2017-04-25,,1143,"Shadi Rahman",PCC,SWR,,SDL,sharahman,,,,,,,,,,,,,,,,
BD-02518,,,,"Computer Accessories",Headset,Assigned,1636ALA09259,Logitech,h151,"1,500",2017-04-25,,1143,"Rayhan Hossain","Marketing & Merchandising",SWR,SDL,SDL,hrayhan,,,,,,,,,,,,,,,,
BD-02519,,,,"Computer Accessories",Headset,Assigned,1637ALA02419,Logitech,h151,"1,500",2017-04-25,,1143,"Mustak Ahmed",Store,SWR,SDL,SDL,muahmed,,,,,,,,,,,,,,,,
BD-02520,,,,"Computer Accessories",Headset,Assigned,1636ALA09229,Logitech,h151,"1,500",2017-04-25,,1143,"Apu hossain","Marketing & Merchandising",SWR,,SDL,ahossain,,,,,,,,,,,,,,,,
BD-02521,,,,"Computer Accessories",Headset,"Need to dispose",1631ALA17489,Logitech,h151,"1,500",2017-04-25,,1143,"Hossain Rayhan","Marketing & Merchandising",SWR,,SDL,hrayhan,,,,,,,,,,,,,,,,
BD-02522,,,,"Computer Accessories",Headset,Assigned,1636ALA11059,Logitech,h151,"1,500",2017-04-25,,1143,"Hassan Mahadi","Marketing & Merchandising",SWR,,SDL,hmahadi,,,,,,,,,,,,,,,,
BD-02523,,,,"Computer Accessories",Headset,Stock,1636ALA11079,Logitech,h151,"1,500",2017-04-25,,1143,"Ex. Brahim Siboueh",MIS,SWR,,SDL,,,,,,,,,,,,,,,,,
BD-02524,11004000233,n/a,SDLL211C,Computer,Laptop,Assigned,G7N0CY002562263,Asus,N552VW-M02150,"107,944",2017-04-20,"Startech/ INV-STETB-2017-024040/ 2 yer wrnty",1139,"Abu Tarik",Costing,LWR,SIL,SDL,atarik,,,"Intel Core  i7 -6700HQ",2.60,128,2048,"16384 ",,,,"WIN10 Pro",,Yes,"Win 10 Pro",NHP33-XBGHG-T8BF8-J7JKC-DDBP4,"Startech INVSTETB2017024040 2 yer wrnty"
BD-02525,,1,,Display,Monitor,Assigned,CN-0VJRF7-64180-69E-19DT,Dell,S2216H,"9,579",2017-04-20,"Startech/ INV-STETB-2017-024042/ 3 yer wrnty",1139,"Teporary Assign to IE",MIS,LWR,SIL,SDL,"Teporary Assign to IE",,,,,,,,,,,,,,,,
BD-02526,,,,Display,Monitor,Assigned,ZZNHH4THA03806,Samsung,S19f350HNW,"6,200",2017-03-02,"Smart Jamuna/ 188819/ 3Year Waranty",1119,"Mahfuzul Alom",Cutting,LWR,SIL,SDL,maalom,,,,,,,,,,,,,,,,
BD-02527,,,,"Barcode Reader","Barcode Reader",Assigned,6201608020,"Xincode Technology",X-620,"3,700",2017-04-26,"Aryan Computer & Networking",,"Saravanan Jayaraman",MIS,LWR,,SDL,sjayaraman,,,,,,,,,,,,,,,,
BD-02528,,n/a,,"Barcode Reader","Barcode Reader",Disposed,6201608002,"Xincode Technology",X-620,"3,700",2017-04-26,"Aryan Computer & Networking",,"Sabbir Hossain",Finishing,LWR,SDL,SDL,sjayaraman,,,,,,,,,,,,,,,,
BD-02529,,,,"Computer Accessories",Headset,Assigned,1637ALA07279,Logitech,h151,"1,500",2017-04-25,,1145,"Rayhan Hossain","Marketing & Merchandising",LWR,,SDL,hrayhan,,,,,,,,,,,,,,,,
BD-02530,,,,"Computer Accessories",Headset,Stock,1636ALA09769,Logitech,h151,"1,500",2017-04-25,,1145,,MIS,SWR,,SDL,,,,,,,,,,,,,,,,,
BD-02531,11004000234,,SDLL212,Computer,Laptop,Assigned,5CD7107FP7,HP,"Probook 440 G4","68,500",2017-05-02,"Startech/INV-STETB-2017-026598/2 yrs wrnty",1146,"Abdullah Mamun","Marketing & Merchandising",LWR,,SDL,amamun,,,"Intel® Core ™  i5 -7200U",2.50,,1024,"8192 ",,,,"WIN10 Pro",,Yes,"Win 10 Pro",WG8XV-NJBGQ-6RTV6-YXY6H-4C2KF,"Startech/INV-STETB-2017-026598/2 yrs wrnty"
BD-02532,,n/a,,CCTV,"CCTV Camera",Stock,3B02247PAK00332,Dahua,DH-IPC-HDW1220SP,,2017-05-06,"STS Automantion",,,MIS,LWR,SDL,SDL,,,,,,,,,,,,,,,,,
BD-02533,,n/a,,CCTV,"CCTV Camera",Stock,2E02F7CPAG00483,Dahua,DH-IPC-HDW1220SP,,2017-05-06,"STS Automantion",,,MIS,LWR,SDL,SDL,,,,,,,,,,,,,,,,,
BD-02534,,n/a,,CCTV,"CCTV Camera",Stock,3B02247PAK00926,Dahua,DH-IPC-HDW1220SP,,2017-05-06,"STS Automantion",,,MIS,LWR,SDL,SDL,,,,,,,,,,,,,,,,,
BD-02535,,,,UPS,UPS,Assigned,310022928730278600025,NPS,KST1200,"4,800",2017-04-23,"Numeric Technology/ 20170424/ 1 yer wanty",1140,"Asif Azad","Marketing & Merchandising",LWR,SDL,SDL,aazad,,,,,,,,,,,,,,,,
BD-02536,,,,UPS,UPS,Assigned,163300,Digilog,1200VA,"5,040",2016-10-22,"Digilog System/1755/1 yars wrnty",1054,"Nuruddin Almashud",HR,LWR,,SDL,nalmashud,,,,,,,,,,,,,,,,
BD-02537,,,,UPS,UPS,Assigned,163299,Digilog,1200VA,"5,040",2016-10-22,"Digilog System/1755/1 yars wrnty",1054,"Rabiul Alam",Operation,LWR,SDL,SDL,ralam,,,,,,,,,,,,,,,,
BD-02538,11004000235,INV-GBPGL-2017-002242,SDLD446C,Computer,Desktop,Assigned,7VG4VG2,Dell,"Optiplex 3046MT","46,000",2017-05-02,"Global Brand/ Invoice no- INV-GBPGL-2017-002242",1140,"Abdul Hakim",Finishing,LWR,SDL,SDL,ahakim,,,"Intel ï¿½ Core ï¿½ i5 6500",3.20,,1024,"8196 ",,,,"WIN 11 Pro",2025-10-25,,"Win 10 Pro",GH2X6-NYV6H-HWFKQ-JQ3MF-VMH24,
BD-02539,,n/a,,Display,Monitor,Assigned,CN-09YKV7-72872-6C2-DGAB-A00,Dell,E1916HV,"6,500",2017-05-02,"Global Brand/ Invoice no- INV-GBPGL-2017-002242",1140,"Khalid Hussain",Lab,LWR,SDL,SDL,khussain,,,,,,,,,,,,,,,,
BD-02540,,,,"Computer Accessories",Headset,Assigned,1637ALA07289,Logitech,h151,"1,500",2017-04-25,,1145,"Saifuddin Ahamed",Quality,SWR,,SDL,sahamed,,,,,,,,,,,,,,,,
BD-02541,,,,"Computer Accessories",Headset,Assigned,1632ALA65999,Logitech,h151,"1,500",2017-04-25,,1145,"Mark Matthews",PCC,SWR,,SDL,mmatthews,,,,,,,,,,,,,,,,
BD-02542,,,,"Computer Accessories",Headset,Stock,1637ALA00959,Logitech,h151,"1,500",2017-04-25,,1145,"Ex Ataour Rahman",Planning,SWR,,SDL,atrahman,,,,,,,,,,,,,,,,
BD-02543,,,,"Computer Accessories",Headset,Assigned,1632ALA66059,Logitech,h151,"1,500",2017-04-25,,1145,"Rahman Milton","Marketing & Merchandising",SWR,,SDL,rmilton,,,,,,,,,,,,,,,,
BD-02544,,,,"Computer Accessories",Headset,Stock,1632ALA66069,Logitech,h151,"1,500",2017-04-25,,1145,,MIS,SWR,,SDL,,,,,,,,,,,,,,,,,
BD-02545,,,,Phone,CIPT,Stock,INM08201ET6,Cisco,7940,"3,500",2009-03-02,,,,MIS,LWR,,SDL,,,,,,,,,,,,,,,,,
BD-02546,,,,Phone,CIPT,Stock,INM0827148T,Cisco,7940,"3,500",2009-03-02,,,,MIS,LWR,,SDL,,,,,,,,,,,,,,,,,
BD-02547,,,,Phone,CIPT,Stock,INM08201V6Y,Cisco,7940,"3,500",2009-03-02,,,,MIS,LWR,,SDL,,,,,,,,,,,,,,,,,
BD-02548,,,,Phone,CIPT,Stock,INM08271K36,Cisco,7940,"3,500",2009-03-02,,,,MIS,LWR,,SDL,,,,,,,,,,,,,,,,,
BD-02549,,,,Phone,CIPT,Stock,INM08321QTE,Cisco,7940,"3,500",2009-03-02,,,,MIS,LWR,,SDL,,,,,,,,,,,,,,,,,
BD-02550,,,,"Computer Accessories",Headset,Assigned,1636ALA11069,Logitech,h151,"1,500",2017-04-25,,1145,"Abdullah Mamun","Marketing & Merchandising",LWR,,SDL,amamun,,,,,,,,,,,,,,,,
BD-02551,,,,"Computer Accessories",Headset,Assigned,1637ALA01929,Logitech,h151,"1,500",2017-04-25,,1145,"Ruth David","Marketing & Merchandising",LWR,,SDL,rdavid,,,,,,,,,,,,,,,,
BD-02552,,,,"Computer Accessories",Headset,Assigned,1637ALA07299,Logitech,h151,"1,500",2017-04-25,,1145,"Chamal Sembupperuma","Marketing & Merchandising",LWR,,SDL,csembupperuma,,,,,,,,,,,,,,,,
BD-02553,,n/a,,"Computer Accessories",Headset,"Need to Dispose",1637ALA07309,Logitech,h151,"1,500",2017-04-25,,1145,"Kiron Morshed","Marketing & Merchandising",LWR,SIL,SDL,kmorshed,,,,,,,,,,,,,,,,
BD-02554,,,,"Computer Accessories",Headset,Assigned,1632ALA65989,Logitech,h151,"1,500",2017-04-25,,1145,"Olivia Audije","Marketing & Merchandising",LWR,,SDL,oaudije,,,,,,,,,,,,,,,,
BD-02555,,,,"Computer Accessories",Headset,Assigned,1636ALA09859,Logitech,h151,"1,500",2017-04-25,,1145,"Rasanga Ranasinghe",Production,LWR,,SDL,rranasinghe,,,,,,,,,,,,,,,,
BD-02556,,,,"Computer Accessories",Headset,Assigned,1636ALA09899,Logitech,h151,"1,500",2017-04-25,,1145,"Anase Bandu",Cutting,LWR,,SDL,abandu,,,,,,,,,,,,,,,,
BD-02557,,,,"Computer Accessories",Headset,Assigned,1637ALA00979,Logitech,h151,"1,500",2017-04-25,,1145,"Edris Khan",Sample,LWR,,SDL,ekhan,,,,,,,,,,,,,,,,
BD-02558,,,,"Computer Accessories",Headset,Assigned,1637ALA01919,Logitech,h151,"1,500",2017-04-25,,1145,"Yeasin Md",Fabric,LWR,,SDL,ymd,,,,,,,,,,,,,,,,
BD-02559,,,,"Computer Accessories",Headset,Assigned,1636ALA09879,Logitech,h151,"1,500",2017-04-25,,1145,"Mamunur Rahman",MIS,LWR,,SDL,mamrahman,,,,,,,,,,,,,,,,
BD-02560,,,,"Computer Accessories",Headset,Assigned,1637ALA02459,Logitech,h151,"1,500",2017-04-25,,1145,"Shahariar Sohel",Store,LWR,,SDL,ssohel,,,,,,,,,,,,,,,,
BD-02561,,,,"Computer Accessories",Headset,Assigned,1637ALA02439,Logitech,h151,"1,500",2017-04-25,,1145,"Nurul Ahad",Finance,LWR,,SDL,nahad,,,,,,,,,,,,,,,,
BD-02562,,,,"Computer Accessories",Headset,Disposed,163ALA10959,Logitech,h151,"1,500",2017-04-25,,1145,,MIS,LWR,,SDL,,,,,,,,,,,,,,,,,
BD-02563,11004000027,,10.140.8.87,T&A,"Attendance Device",Assigned,7314860,FingerTec,Timeline-100,"26,000",2017-05-06,"General Automation/ /1 year wrnty",,"SIL Payroll",HR,LWR,,SDL,Payroll,,,,,,,,,10.140.8.87,,,,,,,
BD-02564,,n/a,10.140.21.9,CCTV,"CCTV Camera",Assigned,3B02247PAK00920,Dahua,DH-IPC-HDW1220SP,,2017-05-14,"STS Automation",,,MIS,LWR,SDL,SDL,,,,,,,,,,,,,,,,,
BD-02565,,n/a,10.140.21.10,CCTV,"CCTV Camera",Assigned,3B02247PAK00905,Dahua,DH-IPC-HDW1220SP,,2017-05-14,"STS Automation",,,MIS,LWR,SDL,SDL,,,,,,,,,,,,,,,,,
BD-02566,,n/a,10.140.21.11,CCTV,"CCTV Camera",assigned,3B02247PAK00610,Dahua,DH-IPC-HDW1220SP,,2017-05-14,"STS Automation",,,MIS,LWR,SIL,SDL,,,,,,,,,,,,,,,,,
BD-02567,,,1708153490,Phone,"GSM Phone",Assigned,RWWAC109B1886515,HUAWEI,ETS5623,,2017-05-16,,,"Mark Matthews",PCC,SWR,,SDL,,,,,,,,,,,,,,,,,"IMEI: 860075018431515"
BD-02568,,,1708153491,Phone,"GSM Phone",Assigned,RWWAC109B1926533,HUAWEI,ETS5623,,2017-05-16,,,"Apu Hossian","Marketing & Merchandising",SWR,,SDL,ahossain,,,,,,,,,,,,,,,,"IMEI: 860075018559484"
BD-02569,,,SDLCAM162,CCTV,"CCTV Camera",Disposed,QHSW1406192684,QVIS,EYE-1000-FW,"8,000",2014-01-10,,,,MIS,LWR,,SDL,Security,,,,,,,,,,,,,,,,
BD-02570,21004000217,INV-STETB-2017-030625,SDLD512A,Computer,Desktop,Assigned,CV7ZTG2,Dell,"Optiplex 3046","56,238",2017-05-19,"Star Tech & Engineering Ltd./1095days",1153,"Rabiul Islam2",Compliance,LWR,SDL,SDL,rabiislam,,,"Intelï¿½ Core ï¿½  i5 -6500",3.20,480,,"8192 ",,,,"WIN10 Pro",2021-07-11,,"Win 10 Pro",N86JG-JX94R-MR9T8869HK-WTYP4,
BD-02571,,,,Display,Monitor,Assigned,CN09YKV772872716AF0B,Dell,E1916HV,"56,238",2017-05-19,"Star Tech & Engineering Ltd./1095days",1153,"Obaidur Rahman",Production,LWR,,SDL,obrahman,,,,,,,,,,,,,,,,
BD-02572,21004000216,na,,Computer,Desktop,Disposed,DLY61H2,Dell,"Optiplex 3046","56,238",2017-05-18,"Star Tech & Engineering Ltd./1095days",1153,"Robin Hossain",CAD,LWR,SDL,SDL,rhossain,,,"Intel Core   i5 -6500",3.20,,1TB,"8192 ",,,,"WIN10 Pro",2021-01-28,,"Win 10 Pro",NKJ6W-HBKDP-T7KTP-X6T7P-CKCKF,"this machine motherboard damaged due to thunderstorm "
BD-02573,,,,Display,Monitor,Assigned,CN09YKV7728726CGD2KB,Dell,E1916HV,"56,238",2017-05-19,"Star Tech & Engineering Ltd./1095days",1153,"Hafijur Rahman",IE,LWR,,SDL,harahman,,,,,,,,,,,,,,,,
BD-02574,,,,UPS,UPS,Assigned,310022928730278600129,NPS,KST1200,"4,800",2017-05-20,"NPS/ 20170520/ 1 year warenty",1157,"Golam Mostafa",Quality,SWR,SDL,SDL,gmostafa,,,,,,,,,,,,,,,,"BGME software use purpose."
BD-02575,,n/a,,UPS,UPS,Assigned,310022928730278600130,NPS,KST1200,"4,800",2017-05-20,"NPS/ 20170520/ 1 year warenty",1157,Shamim,Prodcution,LWR,SWL,SDL,shamim,,,,,,,,,,,,,,,,
BD-02576,,,,"Barcode Reader","Barcode Reader",Assigned,62017020013,"Xincode Technology",X-620,"3,700",2017-05-23,"Aryan Computer & Network/ 69/ 182 days warenty",1160,"Touhid Akonkee",BMT,LWR,,SDL,takonjee,,,,,,,,,,,,,,,,
BD-02577,,n/a,,"Barcode Reader","Barcode Reader",Disposed,62017020017,"Xincode Technology",X-620,"3,700",2017-05-23,"Aryan Computer & Network/ 69/ 182 days warenty",1160,"Sahin Mahmud",Finishing,LWR,SDL,SDL,smahmud,,,,,,,,,,,,,,,,"Tesco buyer requirement."
BD-02578,,,,"Barcode Reader","Barcode Reader",Assigned,62017020027,"Xincode Technology",X-620,"3,700",2017-05-23,"Aryan Computer & Network/ 69/ 182 days warenty",1163,"Sahin Mahmud",Finishing,LWR,,SDL,samahmud,,,,,,,,,,,,,,,,
BD-02579,,1,10.140.8.93,T&A,"Attendance Device",Assigned,7314855,FingerTec,Timeline-100,"26,000",2017-05-28,"General Automation/ /1 year wrnty",1159,"SDL Payroll",HR,LWR,SIL,SDL,,,,,,,,,10.140.8.93,,,,,,,,
BD-02580,,N/A,,UPS,UPS,Assigned,310022928730278600021,NPS,KST1200,"4,800",2017-05-25,"Numeric Technology/20170526/1 yrs wrnty",1153,"Robin Mozumder","Quality Assurance",LWR,SDL,SDL,rmazumder,,,,,,,,,,,,,,,,
BD-02581,,,,UPS,UPS,Assigned,310022928730278600014,NPS,KST1200,"4,800",2017-05-25,"Numeric Technology/20170526/1 yrs wrnty",1153,"Hafijur Rahman",IE,LWR,,SDL,harahman,,,,,,,,,,,,,,,,
BD-02582,,,,UPS,UPS,Assigned,310022928730278600013,NPS,KST1200,"4,800",2017-05-24,"Numeric Technology/20170525/1 yrs wrnty",1159,"Jesmin Sultana",HR,SWR,,SDL,jsultana,,,,,,,,,,,,,,,,
BD-02583,,n/a,,UPS,UPS,Assigned,310022928730278600069,NPS,KST1200,"4,800",2017-05-24,"Numeric Technology/20170525/1 yrs wrnty",1159,"Lal Chand",Operations,LWR,SWL,SDL,,,,,,,,,,,,,,,,,
BD-02584,,,,UPS,UPS,Assigned,310022928730278600070,NPS,KST1200,"4,800",2017-05-24,"Numeric Technology/20170525/1 yrs wrnty",1159,"Mahmudul Hasan3(QMAT)",LAB,LWR,,SDL,mahasan,,,,,,,,,,,,,,,,
BD-02585,,n/a,,UPS,UPS,Assigned,310022928730278600022,NPS,KST1200,"4,800",2017-05-24,"Numeric Technology/20170525/1 yrs wrnty",1156,"Razu Ahamed","Industrial Engineering",LWR,SIL,"Shanta Denim Limited",raahamed,,,,,,,,,,,,,,,,"Last Battery Replaced Date: 25/03/2024"
BD-02586,,,,UPS,UPS,Stock,310022928730278600026,NPS,KST1200,"4,800",2017-05-23,"Numeric Technology/20170423/1 yrs wrnty",1135,,MIS,LWR,,SDL,,,,,,,,,,,,,,,,,
BD-02587,,,10.140.21.119,CCTV,"Dome Camera",Assigned,3B04FACPAK00106,Dahua,DH-IPC-HDW1320SP,"6,000",2017-06-07,"STS Automation / STS/SIL/070617/ 1 yrs wrnty",1158,"Library Area",MIS,LWR,,SDL,Security,,,,,,,,,,,,,,,,
BD-02588,,,10.140.21.120,CCTV,"CCTV Camera",Assigned,30B2A99PAL01211,Dahua,DH-IPC-HFW1320SP,"6,000",2017-06-07,"STS Automation / STS/SIL/070617/ 1 yrs wrnty",1158,"1 no get coverage",MIS,LWR,,SDL,Security,,,,,,,,,,,,,,,,
BD-02589,,1,Â 10.140.21.13,CCTV,"CCTV Camera",Assigned,3B02264PAL00879,Dahua,DH-IPC-HFW1320SP,"6,000",2017-06-07,"STS Automation / STS/SIL/070617/ 1 yrs wrnty",1158,"MTN West side",MIS,LWR,SDL,SDL,,,,,,,,,,,,,,,,,
BD-02590,,,,UPS,UPS,Assigned,E1405036966,NPS,EA2120,"4,800",2012-03-02,NPS,,"Israt Jahan",IE,LWR,,SDL,ijahan,,,,,,,,,,,,,,,,
BD-02591,11004000160,,,T&A,"Access Controle",Stock,16011ABJ0097,Nitgen,"NAC-2500 R","26,000",2015-06-15,"Bio Access",792,,MIS,LWR,,SDL,,,,,,,,,,,,,,,,,
BD-02592,11004000160,,,T&A,"Access Controle",Assigned,15101ABJ0086,Nitgen,"NAC-2500 R","26,000",2015-06-15,"Bio Access",792,,MIS,LWR,,SDL,,,,,,,,,,,,,,,,,"Temporary Assign to SDL Gate 1"
BD-02593,,,10.140.21.12,CCTV,"Dome Camera",Assigned,3B04FA5PAK00362,Dahua,DH-IPC-HDW1120SP,"6,000",2017-07-16,"STS Automation\ 12 month warranty",,,MIS,LWR,,SDL,,,,,,,,,,,,,,,,,"Wastage Fabric Management Area Camera"
BD-02594,,,10.140.21.13,CCTV,"Dome Camera",Assigned,3B04FA5PAK00337,Dahua,DH-IPC-HDW1120SP,"6,000",2017-07-16,"STS Automation\ 12 month warranty",,,MIS,LWR,,SDL,,,,,,,,,,,,,,,,,"Ground Floor ZDC Room."
BD-02595,,1,10.140.21.9,CCTV,"Dome Camera",Assigned,3B0FA5PAK00545,Dahua,DH-IPC-HDW1120SP,,1900-01-01,,,"SWL Chemical Store",MIS,LWR,SDL,SDL,,,,,,,,,,,,,,,,,
BD-02596,,,10.140.21.122,CCTV,"Dome Camera",Stock,3B04FA5PAK00533,Dahua,DH-IPC-HDW1120SP,,,,,,MIS,LWR,,SDL,,,,,,,,,,,,,,,,,
BD-02597,,,,Display,Monitor,Assigned,ZZNHH4THB00552P,Samsung,S19F350HNW,"5,800",2017-03-16,"Star Tech/ INV-STETB-2017-016262/ 3 Year warnty",1128,"Mahmudul Hasan3(QMAT)",LAB,LWR,,SDL,mahasan,,,,,,,,,,,,,,,,
BD-02598,,,,Display,Monitor,Assigned,CN-09YKV7-72872-716-FG7B,Dell,E1916HV,"6,180",2017-07-09,"StarTech/INV-STETB-2017-041140/3 yrs wrnty",1168,"Moznu Mia",Store,LWR,,SDL,mmia,,,,,,,,,,,,,,,,
BD-02599,,,,Phone,"USB Handset",Assigned,4016032185222,Digitus,"DA-70772 VPR3-0",,,"From UK",,"Asanga Attapattu","Marketing & Merchandising",LWR,,AKH,aattapattu,,,,,,,,,,,,,,,,"Send From UK USB Skype Handset"
BD-02600,,,,"Computer Accessories",Headset,Assigned,1703ALAC2928,Logitech,H150,"1,288",2017-08-01,Startech/INV-STETB-2017-047371,1188,"Anupam Kumar",Finance,LWR,,SHO,akumar,,,,,,,,,,,,,,,,
BD-02601,,,,"Computer Accessories",Headset,Assigned,1703ALAB9858,Logitech,H150,"1,288",2017-08-01,Startech/INV-STETB-2017-047371,1188,"Mohammad Kaiyum",Commercial,LWR,,SHO,mkaiyum,,,,,,,,,,,,,,,,
BD-02602,,,,"Computer Accessories",Headset,Assigned,1703ALAC4298,Logitech,H150,"1,288",2017-08-01,Startech/INV-STETB-2017-047371,1188,"Moklesur Rahman",Finance,LWR,,SHO,morahman,,,,,,,,,,,,,,,,
BD-02603,,,,"Computer Accessories",Headset,Assigned,1703ALAB9848,Logitech,H150,"1,288",2017-08-01,Startech/INV-STETB-2017-047371,1188,"Khabir Uddin",Finance,LWR,,SHO,kuddin,,,,,,,,,,,,,,,,
BD-02604,,,,"Computer Accessories",Headset,Disposed,1703SLSC2918,Logitech,H150,"1,288",2017-08-01,Startech/INV-STETB-2017-047371,1188,,Finance,LWR,,SHO,,,,,,,,,,,,,,,,,
BD-02605,,,,"Computer Accessories",Headset,Assigned,1703ALAC2908,Logitech,H150,"1,288",2017-08-01,Startech/INV-STETB-2017-047371,1188,"Md Abujar",Finance,LWR,,SHO,mabujar,,,,,,,,,,,,,,,,
BD-02606,,,,"Computer Accessories",Headset,Assigned,1703ALAC2898,Logitech,H150,"1,288",2017-08-01,Startech/INV-STETB-2017-047371,1188,"Abu Rahat",Finance,LWR,,SHO,arahat,,,,,,,,,,,,,,,,
BD-02607,,1,,"Computer Accessories",Headset,Disposed,1703ALAB9828,Logitech,H150,"1,288",2017-08-01,Startech/INV-STETB-2017-047371,1188,"Mozibur Rahman",Commercial,LWR,HO,SHO,mozrahman,,,,,,,,,,,,,,,,
BD-02608,,,,"Computer Accessories",Headset,Assigned,1713ALA23318,Logitech,H150,"1,288",2017-08-01,Startech/INV-STETB-2017-047371,1188,"Monjurul Islam",Finance,LWR,,SHO,monislam,,,,,,,,,,,,,,,,
BD-02609,,n/A,,UPS,UPS,Stock,310022928730278600090,NPS,KST1200,"4,800",2017-06-21,"Neumeric Technology",1069,,MIS,LWR,HO,SHO,,,,,,,,,,,,,,,,,
BD-02610,,na,,Phone,"USB Handset",Assigned,4016032185222,DIgitus,"DA-70772 VPR3-0",,1900-01-01,"From UK",," Kiron Morshed","Marketing & Merchandising",LWR,SIL,SDL,kmorshed,,,,,,,,,,,,,,,,"Send from UK USB Skype Handset."
BD-02611,,na,,Phone,"USB Handset",Assigned,4016032185222,DIgitus,"DA-70772 VPR3-0",,1900-01-01,"From UK",,"Mohammad Shahinuzzaman",IE,LWR,SIL,SDL,mshahinuzzaman,,,,,,,,,,,,,,,,"Send from UK USB Skype Handset."
BD-02612,,,,"Computer Accessories",Headset,Assigned,1713ALA32218,Logitech,H151,"1,288",2017-08-13,Startech/INV-STETB-2017-050696,1190,"Salauddin Sayem",Procurement,LWR,,SHO,ssayem,,,,,,,,,,,,,,,,
BD-02613,,,,"Computer Accessories",Headset,Assigned,1713ALA34458,Logitech,H151,"1,288",2017-08-13,Startech/INV-STETB-2017-050696,1190,"Rafiqul Islam",Commercial,LWR,,SHO,raislam,,,,,,,,,,,,,,,,
BD-02614,,,,"Computer Accessories",Headset,Assigned,1713ALA29898,Logitech,H151,"1,288",2017-08-13,Startech/INV-STETB-2017-050696,1190,"Akter Imam",Finance,LWR,,SHO,aimam,,,,,,,,,,,,,,,,
BD-02615,,,,"Computer Accessories",Headset,Assigned,1713ALA29868,Logitech,H151,"1,288",2017-08-13,Startech/INV-STETB-2017-050696,1190,"Imon Sadequr",Commercial,LWR,,SHO,isadequr,,,,,,,,,,,,,,,,
BD-02616,,,,"Computer Accessories",Headset,Assigned,1713ALA32208,Logitech,H151,"1,288",2017-08-13,Startech/INV-STETB-2017-050696,1190,"Masud Hossain",Finance,LWR,,SHO,mhossain,,,,,,,,,,,,,,,,
BD-02617,,,,"Computer Accessories",Headset,Assigned,1723ALA54799,Logitech,H151,"1,288",2017-08-16,"Startech/ INV-STETB-2017-051409",1158,"Mohammad Faridul",Finance,LWR,,SHO,mfaridul,,,,,,,,,,,,,,,,
BD-02618,,,,"Computer Accessories",Headset,Assigned,1723ALA56509,Logitech,H151,"1,288",2017-08-16,"Startech/ INV-STETB-2017-051409",1158,"Wahid Seraj",PCC,SWR,,SDL,wseraj,,,,,,,,,,,,,,,,
BD-02619,,,,"Computer Accessories",Headset,Assigned,1723ALA55479,Logitech,H151,"1,288",2017-08-16,"Startech/ INV-STETB-2017-051409",1158,"Abdul Baten",MIS,LWR,,SDL,abaten,,,,,,,,,,,,,,,,
BD-02620,,,,"Computer Accessories",Headset,Assigned,1723ALA55499,Logitech,H151,"1,288",2017-08-16,"Startech/ INV-STETB-2017-051409",1158,"Shamim Khandaker ","Marketing & Merchandising",LWR,,SDL,skhandaker,,,,,,,,,,,,,,,,
BD-02621,,,,"Computer Accessories",Headset,Assigned,1723ALA55509,Logitech,H151,"1,288",2017-08-16,"Startech/ INV-STETB-2017-051409",1158,"Zohirul Islam","Marketing & Merchandising",LWR,,SDL,zislam,,,,,,,,,,,,,,,,
BD-02622,,na,,"Computer Accessories",Headset,Assigned,1723ALA55519,Logitech,H151,"1,288",2017-08-16,"Startech/ INV-STETB-2017-051409",1193,"Ashraful Islam","Marketing & Merchandising",LWR,SIL,SDL,asislam,,,,,,,,,,,,,,,,
BD-02623,,,,"Computer Accessories",Headset,Stock,1723ALA56479,Logitech,H151,"1,288",2017-08-16,"Startech/ INV-STETB-2017-051409",1193,,MIS,LWR,,SDL,,,,,,,,,,,,,,,,,
BD-02624,,,,"Computer Accessories",Headset,Assigned,1723ALA55069,Logitech,H151,"1,288",2017-08-16,"Startech/ INV-STETB-2017-051409",1193,"Amzadul Islam",Finance,LWR,,SDL,amzislam,,,,,,,,,,,,,,,,
BD-02625,,,,"Computer Accessories",Headset,Assigned,1723ALA54949,Logitech,H151,"1,288",2017-08-16,"Startech/ INV-STETB-2017-051409",1193,"Mohammad Hamidul",Finance,LWR,,SDL,mhamidul,,,,,,,,,,,,,,,,
BD-02626,,,,"Computer Accessories",Headset,Assigned,1723ALA54899,Logitech,H151,"1,288",2017-08-16,"Startech/ INV-STETB-2017-051409",1193,"Jahidul Islam",Finance,LWR,,SDL,jislam,,,,,,,,,,,,,,,,
BD-02627,,1,10.140.21.107,CCTV,"Dome Camera",Disposed,3D026FBPAK00292,Dahua,DH-IPC-HDW1120SP,"6,000",2017-08-22,"STS/SIL/320817/ 1yer warenty",1185,"Ground Floor Mending Room",MIS,LWR,SIL,SDL,Security,,,,,,,,,,,,,,,,
BD-02628,,,10.140.21.121,CCTV,"CCTV Camera",Assigned,3C06C65PAL01658,Dahua,DH-IPC-HFW1120SP,"6,000",2017-08-22,"STS/SIL/320817/ 1yer warenty",1185,"Ground Floor Outside of Chemical Store Walk way",MIS,LWR,,SDL,Security,,,,,,,,,,,,,,,,
BD-02629,,XYZ,10.140.44.3,Phone,"IP Phone",Assigned,64167F8385DB,Polycom,VVX201,"8,714",2017-07-13,UK,,"Apu Hossain","Marketing & Merchandising",LWR,SDL,SDL,,2200-40450-019,,,,,,,,,,,,,,,"Polycom_Phone Apu Hossain"
BD-02630,,,,Phone,"IP Phone",Stock,64167F8385E3,Polycom,VVX201,"8,714",2017-07-14,UK,,,MIS,LWR,,SDL,,2200-40450-019,,,,,,,,,,,,,,,
BD-02631,,XYZ,10.140.44.55,Phone,"IP Phone",Assigned,64167F838604,Polycom,VVX201,"8,714",2017-07-15,UK,,"MIS SPARE","Marketing & Merchandising",LWR,SIL,SDL,dfernando,2200-40450-019,,,,,,,,,,,,,,,"Last used by Dlanka"
BD-02632,,,10.140.44.2,Phone,"IP Phone",Assigned,64167F838705,Polycom,VVX201,"8,714",2017-07-16,UK,,"Ashikur Rahman ",PCC,LWR,SDL,SDL,,2200-40450-019,,,,,,,,,,,,,,,
BD-02633,,,,Phone,"IP Phone",Stock,64167F83863E,Polycom,VVX201,"8,714",2017-07-17,UK,,,MIS,LWR,,SDL,,2200-40450-019,,,,,,,,10.140.44.2,,,,,,,
BD-02634,,,,Phone,"IP Phone",Assigned,64167F838615,Polycom,VVX201,"8,714",2017-07-18,UK,,"Paul Warren",Management,LWR,,SDL,pwarren,2200-40450-019,,,,,,,,,,,,,,,
BD-02635,,,,Phone,"IP Phone",Stock,64167F838616,Polycom,VVX201,"8,714",2017-07-19,UK,,,MIS,LWR,,DBO,,2200-40450-019,,,,,,,,,,,,,,,
BD-02636,,,,Phone,"IP Phone",Stock,64167F83862E,Polycom,VVX201,"8,714",2017-07-20,UK,,,MIS,LWR,,SDL,,2200-40450-019,,,,,,,,,,,,,,,
BD-02637,,,,"Power Supply",Adaptor,Stock,11000908761543003348,Polycom,VVX101/201,"2,069",2017-07-21,UK,,,MIS,LWR,,SDL,,2215-40350-015,,,,,,,,,,,,,,,
BD-02638,,,,"Power Supply",Adaptor,Stock,11000908761543003349,Polycom,VVX101/201,"2,069",2017-07-22,UK,,,MIS,LWR,,SDL,,2215-40350-015,,,,,,,,,,,,,,,
BD-02639,,,,"Power Supply",Adaptor,Assigned,11000908761543003350,Polycom,VVX101/201,"2,069",2017-07-23,UK,,"Ashikur Rahman ",PCC,LWR,SDL,SDL,,2215-40350-015,,,,,,,,,,,,,,,
BD-02640,,,,"Power Supply",Adaptor,Stock,11000908761543003347,Polycom,VVX101/201,"2,069",2017-07-24,UK,,,MIS,LWR,,SDL,,2215-40350-015,,,,,,,,,,,,,,,
BD-02641,,,,"Power Supply",Adaptor,Assigned,11000908761543003346,Polycom,VVX101/201,"2,069",2017-07-25,UK,,"Saravanan Jayaraman",MIS,LWR,,SDL,sjayaraman,2215-40350-015,,,,,,,,,,,,,,,
BD-02642,,,,UPS,UPS,Assigned,310023731763653200051,NPS,1200VA,"5,100",2017-08-07,"Neumeric Technology/201700806/1 yrs wrnty",1176,"Shahin Alam",Cutting,SWR,,SDL,shalam,,,,,,,,,,,,,,,,
BD-02643,,,,Display,Monitor,Assigned,CN-09YKV7-72872-73U-CDKU-A00,DELL,E1916HV,"6,280",2017-09-12,"Star Tech/INV-STETB-2017-057003/2yrs wrnty",1183,"Shaifuddin Khaled (Sumon)",BMT,LWR,,SDL,skhaled,,,,,,,,,,,,,,,,
BD-02644,,,,UPS,UPS,Assigned,310022928763652900152,NPS,KST1200,"5,100",2017-09-17,"Neumeric Technology/201709171/1 yrs wrnty",1203,"Rafiqul Islam",Commercial,LWR,,SHO,raislam,,,,,,,,,,,,,,,,
BD-02645,,n/a,,Display,Monitor,Stock,ZZNHH4TJ605511,Samsung,S19F350HNW,"6,180",2017-09-17,"Star Tech/INV-STETB-2017-058634/ 2yrs wrnty",1203,,"Marketing & Merchandising",LWR,SDL,SDL,,,,,,,,,,,,,,,,,
BD-02646,,n/a,,UPS,UPS,Stock,310022928763652900153,NPS,KST1200,"5,100",2017-10-08,"Neumeric Technology/201701008/1 yrs wrnty",1209,"Md Rubel",Production,LWR,SIL,SDL,mrubel,,,,,,,,,,,,,,,,
BD-02647,,n/a,,UPS,UPS,Assigned,310022928763652900154,NPS,KST1201,"5,100",2017-10-08,"Neumeric Technology/201701008/1 yrs wrnty",1209,"Asma Khan",HR,LWR,SIL,SDL,asmkhan,,,,,,,,,,,,,,,,
BD-02648,,,,"Power Supply","Router Power Supply",Stock,QCS1527H05W,Cisco,DCJ2902-01P,,,"Purchased by UK",,,MIS,LWR,,SDL,MIS,"341-0226-02 REV:A0",,,,,,,,,,,,,,,"Send from UK"
BD-02649,,,,Display,Monitor,Assigned,H3LMRS031345,Asus,VX229H,"13,184",2017-10-11,"Startech/ INV-STETB-2017-065341/ 3 yers warenty",1209,"Dilanka Fernando","Marketing & Merchandising",LWR,,SDL,dfernando,,,,,,,,,,,,,,,,
BD-02650,,,,UPS,UPS,Disposed,E1405036996,NPS,EA2120,"4,800",2012-03-02,NPS,,,MIS,LWR,SIL,SDL,,,,,,,,,,,,,,,,,
BD-02651,,,,UPS,UPS,Assigned,310023731763653200073,NPS,"Offline 1200VA","5,100",2017-10-05,"Numeric Technology/20170105/1 yrs wrnty",1204,,Procurement,LWR,SHO,DBO,anisrahman,,,,,,,,,,5100,,,,,,
BD-02652,,,,UPS,UPS,Assigned,310023731763653200058,NPS,"Offline 1200VA","5,100",2017-10-17,"Neumeric Technology/201701018/1 yrs wrnty",1214,,Commercial,LWR,SHO,DBO,alahossain,,,,,,,,,,5100,,,,,,
BD-02653,21004000219,n/a,SDLL223B,Computer,Laptop,Assigned,H8N0CV05B766327,Asus,X442UA-GA040,"60,000",2017-10-28,"Global Brand / INV-GBPGL-2017-005735/ 2 yrs wrnty",1217,"Mijanur Rahaman","Marketing & Merchandising",LWR,SIL,SDL,mirahaman,90NB0FJ3-M00410,,"Intel Core  i5 - 7200U",2.50,500,,"8192 ",,,60000,"WIN10 Pro",2021-09-02,B-370,"Win 10 Pro",YK2PG-NXBRK-8JRV8-WXMB4-DJ3PP,
BD-02654,21004000221,INV-GBPGL-2017-005844,DBOL140A,Computer,Laptop,"Need to Dispose",LR077XAW,Lenovo,V310,"58,000",2017-11-01,"Global Brands Pvt Ltd",1217,"Temporary Asaduzzaman Asad","Marketing & Merchandising",LWR,SDL,"Shanta Denim Limited",aasad,1LV&3004256,,"Intelï¿½ Coreï¿½ i5 - 6267U",2.90,,1024,"8192 ",,,58000,"WIN10 Pro",2021-12-28,B-103,"Win 10 Pro",PQKN7-7HJB4-P8XMK-G67X3-G83PP,
BD-02655,21004000220,1,SDLL225A,Computer,Laptop,Assigned,PF0T193A,Lenovo,"Thinkpad E470","63,500",2017-11-01,"Global Brand / INV-GBPGL-2017-005843/3 yrs wrnty",1217,"Yeasin Md",Fabric,LWR,SIL,SDL,ymd,,,"Intelï¿½ Core ï¿½  i5 - 7200U",2.50,,1024,"8192 ",,,63500,"WIN10 Pro",,B-443,"Win 10 Pro",D3JMH-8NRQ3-X6D3P-P4R9T-J2QPP,"bag provided 02072025"
BD-02656,,,,"Computer Accessories",Headset,Assigned,1703ALAB9838,Logitech,H150,"1,288",2017-08-01,Startech/INV-STETB-2017-047371,1188,"Quazi Akhtaruzzaman",Commercial,LWR,SIL,SDL,qahktaruzzaman,,,,,,,,,,,,,,,,
BD-02657,,,10.140.44.4,Phone,"IP Phone",Assigned,64167F8383ED,Polycom,VVX201,"8,714",2017-07-20,Indonasia,,"Saravanan Jayaraman",MIS,LWR,,SDL,sjayaraman,2200-40450-019,,,,,,,,,,,,,,,
BD-02658,,,10.140.44.5,Phone,"IP Phone",Assigned,64167F8383F1,Polycom,VVX201,"8,714",2017-07-20,Indonasia,,"Skype sdl1",MIS,LWR,"SIL VC Room",SDL,skypesdl1,2200-40450-019,,,,,,,,,,,,,,,
BD-02659,,1,,UPS,UPS,Disposed,310022928763652900187,NPS,KST1200,"5,100",2017-10-30,"Numeric Technology/201701030/1yrs wrnty",1221,"Farid Mia",Store,LWR,SIL,SDL,fmia,,,,,,,,,,,,,,,,
BD-02660,,,,UPS,UPS,Assigned,310022928763652900188,NPS,KST1200,"5,100",2017-10-30,"Numeric Technology/201701030/1yrs wrnty",1221,"Iqbal Hasan",Quality,LWR,,SDL,ihasan,,,,,,,,,,,,,,,,
BD-02661,,na,,Display,Monitor,Assigned,GBLMTF016728,Asus,VS197DE,"6,490",2017-11-02,"Startech/INV-STETB-2017-071216/3 yrs wrnty",1222,,MIS,LWR,SDL,SDL,,,,,,,,,,,6490,,,,,,
BD-02662,,,,Display,Monitor,Assigned,GBLMTF017568,Asus,VS197DE,,,,,"Beauty Akther",Quality,LWR,,SDL,bakther,,,,,,,,,,,,,,,,
BD-02663,,na,,Phone,"USB Handset",Assigned,4016032185222,Digitus,"DA-70772 VPR3-0",,1900-01-01,"From UK",,"Richard Heath",Management,LWR,SIL,SDL,rheath,,,,,,,,,,,,,,,,"Send From UK USB Skype Handset"
BD-02664,,N/A,,Phone,"USB Handset",Assigned,4016032185222,Digitus,"DA-70772 VPR3-0",,1900-01-01,"From UK",,"Mamunur Rahman",MIS,LWR,SIL,SDL,mamrahman,,,,,,,,,,,,,,,,"Send From UK USB Skype Handset"
BD-02665,,na,,Phone,"USB Handset",Assigned,4016032185222,Digitus,"DA-70772 VPR3-0",,1900-01-01,"From UK",,"Mamunur Rahman",MIS,LWR,SIL,SDL,mamrahman,,,,,,,,,,,,,,,,"Send From UK USB Skype Handset"
BD-02666,,,,Phone,"USB Handset",Stock,4016032185222,Digitus,"DA-70772 VPR3-0",,,"From UK",,,MIS,LWR,,SDL,,,,,,,,,,,,,,,,,"Send From UK USB Skype Handset"
BD-02667,,,,Phone,"USB Handset",Stock,4016032185222,Digitus,"DA-70772 VPR3-0",,,"From UK",,,MIS,LWR,,SDL,,,,,,,,,,,,,,,,,"Send From UK USB Skype Handset"
BD-02668,,,,Phone,"USB Handset",Stock,4016032185222,Digitus,"DA-70772 VPR3-0",,,"From UK",,,HR,LWR,,SDL,,,,,,,,,,,,,,,,,"Send From UK USB Skype Handset"
BD-02669,,,,UPS,UPS,Stock,310022928763652900125,NPS,KST1200,"5,100",2017-11-11,"Numeric Technology",1224,,MIS,LWR,DBO,DBO,,,,,,,,,,,5100,,,,,,"1 yr warranty"
BD-02670,,,,UPS,UPS,Assigned,310022928763652900159,NPS,KST1200,"5,100",2017-11-11,"Numeric Technology",1226,"Amirul Islam2",PCC,SWR,SDL,SDL,amiislam,,,,,,,,,,5100,,,,,,"1 yr warranty"
BD-02671,,N/A,,UPS,UPS,Assigned,310022928763652900051,NPS,KST1200,"5,100",2017-11-04,"Numeric Technology",1221,"Shamim AL Mamun","Industrial Engineering",LWR,SIL,SDL,salmamun,,,,,,,,,,5100,,,,,,"1 yr warranty"
BD-02672,11004000236,n/a,SDLL226A,Computer,Laptop,Assigned,SPF0T1H49,Lenovo,"Thinkpad E470","63,000",2017-11-15,"Global Brand/ INV GBPGL-2017-006128/ 3 yrs wrnty/ Capex-99/2017",1227,"Mazbahul Hossain","Marketing & Merchandising",LWR,SIL,SDL,mazhossain,,,"Intel Core i5 - 7200U",2.50,500,,"8192 ",,,,"WIN10 Pro",2021-11-28,B-079,"Win 10 Pro",7M4NX-R9R7C-GTW6T-BG3BX-8QK2P,"3 yr warranty"
BD-02673,11004000237,"INV GBPGL-2017-006128",SDLL227A,Computer,Laptop,Assigned,PF0T1FP6,Lenovo,"Thinkpad E470","63,000",2017-11-15,"Global Brand",1227,"Ali, Zulfiker","Marketing & Merchandising",LWR,SIL,SDL,zali,,,"Intel Core  i5 - 7200U",2.50,256,,"8192 ",,,,"WIN10 Pro",2024-08-26,B-181,"Win 10 Pro",W8YN6-D9DFH-37CVB-48293-MDW6C,"3 yr warranty"
BD-02674,11004000238,"INV GBPGL-2017-006128",SDLL228A,Computer,Laptop,Assigned,SPF0T1H3Y,Lenovo,"Thinkpad E470","63,000",2017-11-17,"Global Brand",1228,"Shofikul Islam2","Marketing & Merchandising",LWR,SIL,SDL,shofislam,,,"Intelï¿½ Core ï¿½  i5 - 7200U",2.50,480,,"8192 ",,,,"WIN10 Pro",,,"Win 10 Pro",747D6-N8KW2-XKQRB-9G777-VT92P,"3 yr warrantyBag  b474"
BD-02675,11004000239,n/a,SDLL229,Computer,Laptop,Assigned,SPF0T1973,Lenovo,"Thinkpad E470","63,000",2017-11-18,"Global Brand/ INV GBPGL-2017-006128/ 3 yrs wrnty/ Capex-99/2017",1228,"Ruth David","Marketing & Merchandising",LWR,SIL,SDL,rdavid,,,"Intel Core  i5 - 7200U",2.50,500,,"8192 ",,,,"WIN10 Pro",2021-12-20,Yes,"Win 10 Pro",BYH8G-43NP2-VRC26-VQFK2-YKMW2,"3 yr warranty"
BD-02676,,n/a,,"Computer Accessories",Webcam,Disposed,1551LZ9RWWW8,Logitech,C310,"3,200",2014-03-01,,,,MIS,LWR,SDL,SDL,,,,,,,,,,,,,,,,,
BD-02677,110011000013,"INV GBPGL-2017-006274",SDLL277,Computer,Laptop,Assigned,PF0T1DKV,Lenovo,"Thinkpad E470","63,000",2017-11-19,,1230,"Iqbal Hossain 2",PCC,LWR,SDL,"Shanta Denim Limited",iqhossain2,,,"Intel Core  i5 7200U",2.50,500,,"8192 ",,,,"WIN10 Pro",,,"Win 10 Pro",JRN7G-4CPGP-HBB7G-CDCW8-6MVCP,"3 yr warranty"
BD-02678,,,,"Computer Accessories",Headset,stock,,Logitech,H150,"1,288",2017-11-09,"Star Tech & Engineering Ltd./ INV-STETB-2017-073035",1206,,MIS,LWR,SDL,SDL,,,,,,,,,,,1288,,,,,,
BD-02679,,,,CCTV,"Dome Camera",Assigned,3B04FA5PAK00615,Dahua,DH-IPC-HDW1120SP,,,,,,MIS,LWR,SDL,SDL,,,,,,,,,,,,,,,,,
BD-02680,,,,Display,Monitor,Assigned,CN-05XJD0-TV100-755-02YL,DELL,P1917S,"11,740",2017-11-18,"Star Tech & Engineering Ltd./ INV-STETB-2017-075460/ 1yr Warranty",1224,"Alomgir Hossain (LSDL4)",Lasercut,LWR,,SDL,alohossain,2ZW2P82,,,,,,,,,11740,,,,,,"1 Yr warranty"
BD-02681,,n/a,,Printer,"Thermal Receipt Printer",Assigned,A8000800661427,Rongta,RP80-USE,,1900-01-01,,,"Jamal Uddin",Cutting,LWR,SIL,SDL,juddin,,,,,,,,,,,,,,,,
BD-02682,,,,UPS,UPS,Assigned,310022928763652900137,NPS,KST1200,"5,100",2017-11-28,"Numeric Technology",1232,"Razu Ahamed",IE,LWR,SIL,SDL,raahamed,,,,,,,,,,5100,,,,,,"1 yr warranty"
BD-02683,,INV-GBPGL-2017-006799,SDLL230,Computer,Laptop,"Need to Dispose",LR0A588X,Lenovo,V510,"61,500",2017-12-11,"Global Brands Pvt Ltd",1236,"Saiful Alam","Marketing & Merchandising",LWR,SDL,"Shanta Denim Limited",salam,1LV83001226,,"Intelï¿½ Core ï¿½  i5 - 7200U",2.50,480,,"8192 ",,,61500,"WIN10 Pro",2022-03-10,Yes,"Win 10 Pro",Y2B63-N6PPX-G9QCC-BY82J-82QPP,"Laptop casing serviced by morshed on february 2022,usb wireless adapter given"
BD-02684,,na,SDLL272,Computer,Laptop,"Need to Dispose",LR0A589Q,Lenovo,V510,"61,500",2018-01-01,"Global Brand/ INV-GBPGL-2018-000008/ 3 yr wrnty",1253,,MIS,LWR,SDL,"Shanta Denim Limited",,1LV83001226,,"Intelï¿½ Core ï¿½  i5 - 7200U",2.50,,,,,,61500,"WIN10 Pro",2020-10-07,Yes,"Win 10 Pro",PM3YN-C4BR9-6XX8M-XHH84-F6YP2,"3 yr warranty, Body Broken & Motherboard Dead."
BD-02685,,n/a,SDLL231B,Computer,Laptop,Disposed,LR0A58C2,Lenovo,V510,"61,500",2018-01-14,"Global Brand/ INV-GBPGL-2018-000009/ 3 yr wrnty",1254,"Rokhsana Akter",HR,LWR,SIL,SDL,rokakter,1LV83001226,,"Intelï¿½ Core ï¿½  i5 - 7200U",2.50,,1024,"8192 ",,,61500,"WIN10 Pro",2020-03-04,B-061,"Win 10 Pro",2B6N3-FMHTD-YPV3M-3C33Q-G83GP,"3 yr warranty"
BD-02686,,,,Printer,Printer,Assigned,FSWY024962,Epson,LQ-590,"28,000",2015-10-10,"Khan Brother's/ 1 yr wrnty",,"Anisur Rhaman",Production,LWR,,SDL,arhaman,,,,,,,,,,,,,,,,
BD-02687,,,,Printer,Printer,Assigned,R9DY178378,Epson,LQ-310,"15,400",2016-06-01,"Multilink/UTC-INV010762/1yars wrnty",960,"Shamim Reza/Delowar Hossain2",Production,LWR,,SDL,sreza/delhossain,,,,,,,,,,,,,,,,
BD-02688,,,,"Computer Accessories",Headset,Assigned,1730ALAA3858,Logitech,H150,"1,288",,,,,MIS,LWR,SIL,SDL,,,,,,,,,,,,,,,,,
BD-02689,21004000225,N/A,SDLL232,Computer,Laptop,Disposed,LR0A58AB,Lenovo,V510,"61,500",2018-01-14,"Global Brand/ INV-GBPGL-2018-000201/ 4 Yrs Wrnty",1239,"Hasan Sarwar","Marketing & Merchandising",SWR,SDL,SDL,hsarwar,,,"Intelï¿½ Core ï¿½  i5 - 7200U",2.50,,1024,"8192 ",,,61500,"WIN10 Pro",,B-008,"Win 10 Pro",,
BD-02690,,,,"Computer Accessories",Headset,Assigned,,Logitech,H150,"1,288",,,,"Sazzadur Khan","Marketing & Merchandising",SWR,SDL,SDL,skhan,,,,,,,,,,,,,,,,
BD-02691,21004000222,n/a,,Computer,Tablet,Assigned,GCGVV08WHLFF,Apple,A1822,"48,892",2018-01-08,"Apple Store, Apple Distribution International, HollyHill, Cork, Ireland/ 6920762059",1246,"Robin Mozumder","Qaulity Assurance",SWR,SDL,SDL,rmozumder,,,,,,,,,,48892,,,,,,"Purchased from UK by Fiona     13925  tab cover"
BD-02692,21004000223,n/a,,Computer,Tablet,Assigned,GCGVV278HLFF,Apple,A1822,"48,892",2018-01-08,"Apple Store, Apple Distribution International, HollyHill, Cork, Ireland/ 6920762059",1246,"Robin Mozumder","Qaulity Assurance",SWR,SDL,SDL,rmozumder,,,,,,,,,,48892,,,,,,"Purchased from UK by Fiona13925  tab cover"
BD-02693,,n/a,SDLL308,Computer,Laptop,"Need to Dispose",LR0A58DT,Lenovo,V510,"61,500",2018-01-14,"Global Brand/ INV-GBPGL-2018-000201/ 4 Yrs Wrnty",1239,spare,MIS,LWR,SIL,SDL,,,,"Intel Core  i5 - 7200U",2.50,500,,"8192 ",,,61500,"WIN10 Pro",2022-01-17,,"Win 10 Pro",DW6VF-7N9C9-VYP2F-Q2WF7-DRR9C,
BD-02694,,1,SDLL233A,Computer,Laptop,Stock,5E060811H,Toshiba,"Portage Z30-A",,1900-01-01,,,"Ex. Rifat Binsadek",HR,LWR,SIL,SDL,rbinsadek,,,"Intelï¿½ Core ï¿½  i5 - 4200U",1.60,128,,"8192 ",,,,"WIN10 Pro",,Yes,"Win 8 Pro",Preloded,"from UK/ ex Diane elger"
BD-02695,,,,UPS,UPS,Assigned,310023731763653200049,NPS,"Offline 1200VA","5,100",2018-01-03,"NPS/ 201801032/ 1 yr wrnty",1247,"Azwad Safwan","Marketing & Merchandising",LWR,SIL,SDL,asafwan,,,,,,,,,,,,,,,,
BD-02696,,na,,UPS,UPS,Assigned,310022928763652900068,NPS,KST1200,"5,100",2018-01-06,"NPS/ 20180106/ 1 yr wrnty",1256,"Badrul Hassan",Technical,LWR,SIL,SDL,bhassan,,,,,,,,,,5100,,,,,,
BD-02697,11004000242,n/a,DBOL248,Computer,Laptop,Assigned,PF0VWDLM,Lenovo,"Thinkpad L470","63,000",2018-01-30,"Star Tech/ INV-STETB-2018-000954/ 3 yr wranty",1236,"Shojan Mia","Quality Assurance",LWR,DBO,"Dhaka Buying Office",shomia,,,"Intel Core  i5 - 7200U",2.50,500,,"8192 ",,,63000,"WIN10 Pro",,B-247,"Win 10 Pro",Preloded,
BD-02698,11004000243,1,SDLL236,Computer,Laptop,Stock,PF0VWN3P,Lenovo,"Thinkpad L470","63,000",2018-01-30,"Star Tech/ INV-STETB-2018-000954/ 3 yr wranty",1236,"spare at DBO",MIS,LWR,DBO,"CastleCrafts Limited",,,,"Intel Core i5",2.50,,500,"8192 ",,,63000,"WIN10 Pro",,Yes,"Win 10 Pro",Preloded,
BD-02699,,,,CCTV,"CCTV Camera",Assigned,127848467,Hikvision,DS-2CD-1221-13,,,,,,MIS,LWR,SIL,SDL,,,,,,,,,,10.140.21.123,,,,,,,
BD-02700,,,,CCTV,"CCTV Camera",Assigned,127848451,Hikvision,DS-2CD-1221-13,,,,,,MIS,LWR,SIL,SDL,,,,,,,,,,10.140.21.124,,,,,,,
BD-02701,,,,CCTV,"CCTV Camera",Disposed,127848288,Hikvision,DS-2CD-1221-13,,,,,,MIS,LWR,SWL,SDL,,,,,,,,,,,,,,,,,
BD-02702,,,,Display,Monitor,Assigned,CN-0JF27G-FCC00-76M-AC9B,DELL,E1916H,,,"Star Tech/ INV-STETB-2018-001078",1241,"Rifat Binsadek",HR,LWR,SDL,SDL,rbinsadek,84FF5D2,,,,,,,,,,,,,,,
BD-02703,,INV-GBPGL-2018-000080,SDLD538,Computer,Desktop,Assigned,H7M0AB156158,Clone,H110M-E/M.2,"38,700",2018-02-14,"Global Brands Pvt Ltd",1277,"Sumaiya Akter",Fabric,LWR,SIL,"Shanta Denim Limited",suakter,90MB0RK0-M0UAY0,Asus,"Intelï¿½ Core ï¿½  i3-7100",3.90,,500,"8192 ",,,,"WIN10 Pro",2021-12-12,,"Win 10 Pro",RB7MQ-7VNJJ-XVG9J-JJQXC-RVV22,
BD-02704,11004000251,n/a,SDLL243B,Computer,Laptop,Assigned,PF11W24N,Lenovo,"Thinkpad E470","63,000",2018-03-29,"Global Brand/ INV-GBPGL-2018-002171/ 3 yr wrnty",1265,"Mohaimenul Hasan","Industrial Engineering",LWR,SDL,SDL,mohahasan,,,"Intelï¿½ Coreï¿½  i5 - 7200U",2.50,480,,"8192 ",,,,"WIN10 Pro",2021-01-23,,"Win 10 Pro",7J86Q-NT7FW-WV9DY-MWTCM-X4R9C,
BD-02705,11004000247,1,SDLL449,Computer,Laptop,Assigned,PF0VYQSV,Lenovo,"Thinkpad L470","63,800",2018-02-08,"Star Tech/ INV-STETB-2018-001280/ 2 yr wrnty",1271,Akter.Hossain2,"Quality Assurance",LWR,SIL,"Shanta Denim Limited",akthossain,,,"Intelï¿½ Core ï¿½  i5 - 7200U",2.50,,500,"8192 ",,,,"WIN10 Pro",,B-104,"Win 10 Pro",87KYX-9NGDC-7K33T-TPP82-V8RC2,
BD-02706,11004000248,n/a,SDLL396,Computer,Laptop,Assigned,PF0VT5ND,Lenovo,"Thinkpad L470","63,800",2018-02-08,"Star Tech/ INV-STETB-2018-001280/ 2 yr wrnty",1273,"Shaikh Mohammad",Procurement,LWR,SHO,SHO,smohammad,,,"Intelï¿½ Core ï¿½  i5 - 7200U",2.50,500,,"8192 ",,,,"WIN10 Pro",,Yes,"Win 10 Pro",RND3G-XHX33-8BWM3-XD2K7-M4G6P,
BD-02707,,"INV-STETB-2018-001280/ 2 yr wrnty",DBOL139A,Computer,Laptop,Disposed,PF0VXG80,Lenovo,"Thinkpad L470","63,800",2018-02-08,"Star Tech/ INV-STETB-2018-001280/ 2 yr wrnty",1274,"Anas Haque",Commercial,LWR,SHO,SHO,ahaque,,,"Intelï¿½ Core ï¿½  i5 - 7200U",2.50,,500,"8192 ",,,,"WIN10 Pro",,Yes,"Win 10 Pro",T8FN9-26J6W-VJK8J-88VQT-CGYP2,
BD-02708,11004000244,n/a,SDLL239E,Computer,Laptop,Assigned,PF0VW9CN,Lenovo,"Thinkpad L470","63,800",2018-02-20,"Star Tech/ INV-STETB-2018-001553/ 2 yr wrnety",1270,"Golam Rabbani","Quality Assurance",LWR,SIL,"Shanta Denim Limited",grabbani,,,"Intel Core i5 - 7200U",2.50,500,,"8192 ",,,,"WIN10 Pro",2019-12-29,,"Win 10 Pro",NJT8H-D47RM-CRG63-YGXFC-DDBP2,
BD-02709,11004000245,n/a,SDLL240B,Computer,Laptop,Assigned,PF0VWFSK,Lenovo,"Thinkpad L470","63,800",2018-02-20,"Star Tech/ INV-STETB-2018-001553/ 2 yr wrnety",1272,"Sohanur Rahman","Marketing & Merchandising",LWR,SIL,SDL,sorahman,,,"Intel Core  i5 - 7200U",2.50,500,,"8192 ",,,,"WIN10 Pro",2023-10-25,No,"Win 10 Pro",CK8NJ-MRGXV-X4M8K-6P86W-RX8XC,
BD-02710,,,,"Computer Accessories",Headset,Assigned,1714ALA07619,Logitech,H150,"1,288",,,,"AlAlamin Hossain",Commercial,LWR,SHO,SHO,alahossain,,,,,,,,,,,,,,,,
BD-02711,,,,"Computer Accessories",Headset,Assigned,1714ALA07599,Logitech,H150,"1,288",,,,"Alam Hossain",Sample,LWR,SWL,SDL,alhossain,,,,,,,,,,,,,,,,
BD-02712,,,,"Computer Accessories",Headset,Assigned,1714ALA07589,Logitech,H150,"1,288",,,,"Zaman Nuru",Oparetion,LWR,SWL,SDL,znuru,,,,,,,,,,,,,,,,
BD-02713,,,,"Computer Accessories",Headset,Stock,1714ALA08079,Logitech,H150,"1,288",,,,,MIS,LWR,SIL,SDL,,,,,,,,,,,,,,,,,
BD-02714,,1,,"Computer Accessories",Headset,Disposed,1730ALA34669,Logitech,H150,"1,288",1900-01-01,,,"Mahbub Masum",MIS,LWR,SIL,SDL,mmasum,,,,,,,,,,,,,,,,
BD-02715,,,,"Computer Accessories",Headset,Assigned,1730ALA34749,Logitech,H150,"1,288",,,,"Abdul Kader","Marketing & Merchandising",LWR,DBO,DBO,akader,,,,,,,,,,,,,,,,
BD-02716,21004000057,1,SDLD383A,Computer,Desktop,Disposed,928L52S,DELL,Inspiron300,"15,000",2015-05-04,,,"PA System",HR,LWR,SDL,SDL,Administrator,,,"Intelï¿½ Atomï¿½ 230",1.60,,160,"2048 ",,,,"WIN10 Pro",,,None,,
BD-02717,,,,"Computer Accessories",Headset,Assigned,1730ALA34779,Logitech,H150,"1,288",,,,"Saif Uddin",Fabric,LWR,DBO,DBO,suddin,,,,,,,,,,,,,,,,
BD-02718,,,,"Computer Accessories",Headset,Assigned,1723ALA54869,Logitech,H150,"1,288",,,,"Nabil Mansur",Finance,LWR,SIL,SDL,nmansur,,,,,,,,,,,,,,,,
BD-02719,,,,"Computer Accessories",Headset,Stock,1723ALA54889,Logitech,H150,"1,288",,,,,MIS,LWR,,SDL,,,,,,,,,,,,,,,,,
BD-02720,,,,"Computer Accessories",Headset,Assigned,1723ALA54259,Logitech,H150,"1,288",,,,"Kazi Marufa",HR,LWR,SHO,SHO,kmarufa,,,,,,,,,,,,,,,,
BD-02721,,,,"Computer Accessories",Headset,Assigned,1723ALA54269,Logitech,H150,"1,288",,,,"Ziaur Rahman2","Marketing & Merchandising",LWR,DBO,SDL,zirahman,,,,,,,,,,,,,,,,
BD-02722,,,,"Computer Accessories",Headset,Assigned,1723ALA54289,Logitech,H150,"1,288",,,,"Hossain Tanvir",MIS,LWR,SIL,SDL,htanvir,,,,,,,,,,,,,,,,
BD-02723,,,,"Computer Accessories",Headset,Assigned,1723ALA54279,Logitech,H150,"1,288",,,,"Syed Imran","Marketing & Merchandising",LWR,SIL,SDL,simran,,,,,,,,,,,,,,,,
BD-02724,21004000227,,,Computer,Desktop,Transferred,H1S0GX0001CY,Asus,"ESC500 G4","133,500",2018-02-17,"Global Brands/INV-GBPGL-2018-001182/3 yrs wrnty",1264,,,SWR,,CAM,,VN6636,Asus,"Intel® Xeon™ CPU E3-1230v5 ",3.40,,1024,"16384 ",,,,"WIN10 Pro",,,"Win 10 Pro",N64CR-T2QXX-YC9BW-QJJTY-WHV22,
BD-02725,,,,Display,Monitor,Assigned,H8LMTF193244,Asus,VP278,,2018-02-17,"Global Brands/INV-GBPGL-2018-001182/3 yrs wrnty",1264,"Monoyarul Islam",Production,SWR,SDL,SDL,pmia,9971,,,,,,,,,,,,,,,
BD-02726,,,,UPS,UPS,Assigned,310022928763652900125,NPS,KST1200,"5,100",2018-03-08,"Numeric Technology/ 201803072 / 6month warranty",1264,"Monoyarul Islam",Production,SWR,SDL,SDL,pmia,,,,,,,,,,,,,,,,
BD-02727,,1,SDLAP12,Computer,Desktop,"Need to Dispose",H5M0KC313899,Clone,B250M,"51,100",2017-08-16,"Global Brand / INV-GBPGL-2017-004231",1192,,MIS,LWR,SIL,SDL,System,,Asus,"Intelï¿½ Core ï¿½  i5 -6500",3.20,,"4 TB","16384 ",,,,,,,"Win 10 Pro",TC468-GNKCX-C2KYK-34BRT-FVV24,
BD-02728,,,,Phone,"IP Phone",Stock,64167F83845E,Polycom,VVX201,"8,714",2017-07-20,Indonasia,,,MIS,LWR,DBO,DBO,,,,,,,,,,,,,,,,,
BD-02729,,,,UPS,UPS,Assigned,18003,Micro,UVS-2000,,,,,"SIL VC Room",MIS,LWR,,SDL,System,,,,,,,,,,,,,,,,
BD-02730,,,,UPS,UPS,Assigned,E1703002836,NPS,KST1200,"5,100",2018-03-08,"Numeric Technology/ 201803072 / 6month warranty",,"Taslima Akter",IE,LWR,,SDL,takter,,,,,,,,,,,,,,,,
BD-02731,,,,UPS,UPS,Assigned,E1703002837,NPS,KST1200,"5,100",2018-03-08,"Numeric Technology/ 201803072 / 6month warranty",,"Golam Mostofa",Sample,LWR,siL,SDL,gmostofa,,,,,,,,,,,,,,,,
BD-02733,,1,,Display,Monitor,Assigned,VKD40709,Lenovo,E2054A,"6,500",2018-04-03,"Thakral Information System/ TISL/18/PCD04/009/ 3yr wrnty",1236,"Sirajul Islam","Marketing & Merchandising",LWR,SIL,SDL,,,,,,,,,,,,,,,,,
BD-02734,,,DEWBDSDLA15,Network,"Access Point",Stock,4W857A5H00970,Netgear,WAC510,"10,500",2018-04-10,,,,MIS,LWR,,SDL,,,,,,,,,,,,,,,,,
BD-02735,,,DEWBDSDLA16,Network,"Access Point",Assigned,4W857A5T0096B,Netgear,WAC510,"10,500",2018-04-10,,,"SDL Ground Floor Audit rooms",MIS,LWR,,SDL,,,,,,,,,,,,,,,,,
BD-02736,,,DEWBDSDLA17,Network,"Access Point",Assigned,4W8271540005C,Netgear,WAC510,"10,500",,,,"SDL PCC",MIS,LWR,,SDL,,,,,,,,,,,,,,,,,
BD-02737,,,,Computer,Desktop,Transferred,,HP,Z640,,1900-01-01,"This computer came with Sublimation Printer.",,,,SWR,,CAM,,,,"Intel® Xeon™ ES-2630V3",2.40,,1TB,"8192 ",,,,,,,,,"This Computer attached with Sublimation Printer."
BD-02738,,,,Display,Monitor,Assigned,UKSA1709020147,Philips,200V4QSBR,,,"This Monitor came with Sublimation Printer.",,"Monoyarul Islam",Production,SWR,SDL,SDL,mislam,,,,,,,,,,,,,,,,"This Monitor attached with Sublimation Printer."
BD-02739,21004000230,na,SDLL244C,Computer,Laptop,Assigned,PF11VW2B,Lenovo,"Thinkpad E470","63,000",2018-04-24,"Global Brand/ INV-GBPGL-2018-002891/ 3yr wrenty",SDL00023,"Shofikul Islam",Compliance,LWR,SDL,SDL,shoislam,,,"Intelï¿½ Core ï¿½  i5 - 7200U",2.50,480,,"8192 ",,,,"WIN10 Pro",2019-12-05,B-006,"Win 10 Pro",BNGKB-GFH7X-H4TY9-66MYH-8HV22,
BD-02740,,INV-GBPGL-2018-002890,SDLL397,Computer,Laptop,Assigned,PF11VQ4F,Lenovo,"Thinkpad E470","63,000",2018-04-24,"Global Brands Pvt Ltd",DBO00013,"Mir Zubair",Maintenance,LWR,SIL,"Shanta Denim Limited",mzubair,,,"Intel Core  i5 - 7200U",2.50,256,,"8192 ",,,,"WIN 11 Pro",2025-01-30,,"Win 10 Pro",KNTWG-P27D3-2MPQ3-9JC7W-6MT6P,
BD-02741,,n/a,,Storage,"External HDD",Assigned,1H4220194541,ADATA,HV620-2T,,1900-01-01,,,"Rifat Binsadek",HR,LWR,SDL,SDL,rbinsadek,,,,,,2TB,,,,,,,,,,"Replaced 9th July 2020 after warranty claimed"
BD-02742,,,,UPS,UPS,Assigned,AT1500170626ST0155,NPS,AT1200,"5,100",,,,"Assign to PA system computer",HR,LWR,,SDL,pasystem,,,,,,,,,,,,,,,,
BD-02743,,,,UPS,UPS,Assigned,AT1500170626ST0156,NPS,AT1200,"5,100",,,,"Parves Askary",Production,LWR,,SDL,paskary,,,,,,,,,,,,,,,,
BD-02744,,N/A,,UPS,UPS,Assigned,AT1200170626ST0165,NPS,AT1200,"5,100",1900-01-01,,,"Jowel Rana",Cutting,LWR,SIL,SDL,jrana,,,,,,,,,,,,,,,,
BD-02745,,1,,UPS,UPS,Assigned,AT1200170626ST0166,NPS,AT1200,"5,100",2022-12-26,,,"Sumith Dewan  ",Sample,LWR,SIL,SDL,sdewan,,,,,,,,,,,,,,,,
BD-02746,,1,,"Computer Accessories",Headset,Assigned,1730ALAB1768,Logitech,H150,"1,200",2022-12-26,,,"Muraduzzaman Murad","Marketing & Merchandising",SWR,SDL,SDL,mmurad,,,,,,,,,,,"WIN10 Pro",,,,,
BD-02747,,1,SDLD464B,Computer,Desktop,Assigned,J1M0AB070220,Clone,"Asus Prime H110M","27,550",2018-05-12,"Global Brand/ INV-GBPGL-2018-003323/ 3yr wrenty","SIL00030,31,32,33","Yeasmin Akter",Frontdesk,LWR,SIL,SDL,yakter,,,"Intel Core i3 7100",3.90,256,,"8192 ",,,,"WIN10 Pro",2023-04-04,,,,
BD-02748,,n/a,SDLD466A,Computer,Desktop,Assigned,J1M0AB070221,Clone,H110M-E/M.2,"27,550",2018-05-12,"Global Brand/ INV-GBPGL-2018-003323/ 3yr wrenty","SIL00030,31,32,33","Saiful Islam3",IE,LWR,SIL,SDL,saifislam,,,"Intelï¿½ Core ï¿½  i3-7100",3.90,,1024,"8192 ",,,,"WIN10 Pro",,,"Win 10 Pro",FVRQT-NMYV2-HB6PT-YM47B-DPFC2,
BD-02749,,n/a,SDLD468,Computer,Desktop,Assigned,J1M0AB070222,Clone,H110M-E/M.2,"27,550",2018-05-12,"Global Brand/ INV-GBPGL-2018-003323/ 3yr wrenty",SIL0034,"Asaduz Zaman",Quality,LWR,SIL,SDL,aszaman,,,"Intelï¿½ Core ï¿½  i3-7100",3.90,,1024,"8192 ",,,,"WIN10 Pro",,,"Win 10 Pro",JF2R8-XNCP9-39MM4-RCFMY-K766P,
BD-02750,,n/a,,Display,Monitor,Assigned,ZV0A1714000175,Philips,193V5L,"6,300",2018-05-15,"Global Brand/ INV-GBPGL-2018-003419/ 3 yr wrenty",SIL0034,"Sumon Rana",Cutting,LWR,SIL,SDL,,,,,,,,,,,,,,,,,
BD-02751,,n/a,,UPS,UPS,Assigned,E1703002801,NPS,KST1200,"8,000",2018-04-10,"Numeric Technology/ 20180410/ 1 yr warranty",SDL00012,"Iqbal Hossain",HR,LWR,SDL,SDL,ihossain,,,,,,,,,,,,,,,,
BD-02752,,n/a,,"Computer Accessories",Webcam,Assigned,1715CD092569,Logitech,C170,"1,500",2017-12-31,"Das computers/ 2075/ 1 yr wrnty",1233,"Masum Billah",HR,LWR,SDL,SDL,mbillah,,,,,,,,,,,,,,,,
BD-02753,,,,UPS,UPS,Assigned,ZAT1200170626ST0201,NPS,AT1200,,,,,"Shahidul Islam2","Store ",LWR,,SDL,sislam2,,,,,,,,,,,,,,,,
BD-02754,,,,UPS,UPS,Stock,ZAT1200170626ST0202,NPS,AT1200,,2018-03-25,,,,MIS,LWR,,SDL,,,,,,,,,,,,,,,,,
BD-02755,21004000228,n/a,SDLL246A,Computer,Laptop,Assigned,PF11VSZU,Lenovo,"ThinkPad E470","63,000",2018-05-25,"Global Brand/INV-GBPGL-2018-003546/ 3 years",SDL00027,"Tanmoy Chudhury",Fabric,SWR,SIL,SDL,tchudhury,,,"Intel Core  i5 - 7200U",2.70,,1024,"8192 ",,,,"WIN10 Pro",,B-0408,"WIN 10 Pro",B9VVN-QXJ4B-YTF2V-DR6H7-GCQPP,
BD-02756,,,,Computer,Tablet,Assigned,HEKNU18123101146,HUAWEI,AGS-L09,"18,500",2018-06-03,"S.H. TELECOM/ 2779/",SDL00026,"SIL Cutting Table 5",Cutting,LWR,SDL,SDL,"SIL Cutting Table 5",,,,,,16,"2048 ",,,,Android,,,,,"Huawei MediaPad T3 10"
BD-02757,,,,Computer,Tablet,Assigned,HEKNU18205103761,HUAWEI,AGS-L09,"18,500",2018-06-03,"S.H. TELECOM/ 2779/",SDL00026,"SIL Cutting Table 3",Cutting,LWR,SIL,SDL,"SIL Cutting Table 3",,,,,,16,"2048 ",,,,Android,,,,,"Huawei MediaPad T3 10"
BD-02758,,,,UPS,UPS,Assigned,AT1200170626ST0236,NPS,KST1200,"5,100",2018-06-06,"Numeric Technology/ 201800606/ 1 years",SDL00032,"Nissan Ali",Production,LWR,SDL,SDL,nali,,,,,,,,,,,,,,,,
BD-02759,,,,Display,Monitor,Assigned,ZV0A1646012132,Philips,193V5L,"6,300",2018-06-10,"Global Brand/INV-GBPGL-2018-004139/ 3 years",SDL00030,"Islam Sharif",Store,LWR,SDL,SDL,isharif,,,,,,,,,,,,,,,,
BD-02760,21004000229,1,SDLL247A,Computer,Laptop,Disposed,LR077XB3,Lenovo,V310,"69,000",2018-05-28,"Global Brand/INV-GBPGL-2018-003761/ 3 years",SDL00023,"Abdullah Jaman","Marketing & Merchandising",SWR,SIL,SDL,abjaman,,,"Intelï¿½ Coreï¿½  i5 - 6267U",2.90,,1024,"8192 ",,,,"WIN10 Pro",,B-016,"WIN 10 Pro",3NY6Q-64T66-WG4X4-T67DG-VCFJ2,"This laptop for Brahim"
BD-02761,11004000252,,SDLL248A,Computer,Laptop,Assigned,PF0VWX0C,Lenovo,L470,"63,800",2018-05-28,"Star Tech/ INV-STETB-2018-004898",SDL00027,"Wahid Seraj",PCC,LWR,SDL,SDL,wseraj,,,"Intel® Core ™  i5 - 6267U",2.90,,1024,"8192 ",,,,"WIN10 Pro",04-May-19,,"WIN 10 Pro",HNY27-THCT8-RGC2Y-MGHX6-KTPKC,
BD-02762,,,,Scanner,Scanner,Assigned,VCHY051445,Epson,V39,"6,000",2018-06-25,"Rayans Computers/ B-823091/ 1 years",SDL00031,"Romis Uddin",Embroidery,LWR,SDL,SDL,ruddin,,,,,,,,,,,,,,,,"Scanner for SDL Embroidery."
BD-02763,,,,UPS,UPS,Assigned,AT1200170626ST0181,NPS,AT1500,"5,100",2018-06-28,"NPS / 201800628/ 1yr warranty",SIL00039,"Attandance device small switch",MIS,LWR,SIL,SDL,System,,,,,,,,,,,,,,,,
BD-02764,,,,UPS,UPS,Assigned,AT1200170626ST0184,NPS,AT1500,"5,100",2018-06-28,"NPS / 201800628/ 1yr warranty",SIL00039,"Iqbal Hossain",HR,LWR,,SDL,ihossain,,,,,,,,,,,,,,,,
BD-02765,,,,UPS,UPS,Assigned,AT1200170626ST0241,NPS,AT1500,"5,100",2018-06-28,"NPS / 201800628/ 1yr warranty",SIL00039,"SWL CCTV",HR,LWR,,SDL,swlcctv,,,,,,,,,,,,,,,,
BD-02766,11004000253,n/a,,Projector,Projector,Disposed,BNCB54700145,InFocus,124A,"45,000",2018-06-25,"IOE Bangladesh Ltd/ M-29/18/ 1yr wrnty",,"Rasanga Ranasinghe",Production,LWR,SIL,SDL,rranasinghe,1PIN124+A,,,,,,,,,,,,,,,
BD-02767,,n/a,,"Computer Accessories",Webcam,Assigned,1715CD092579,Logitech,C170,"1,250",2018-06-11,"Das Computers/ 3005/ 1 yr wrenty",SIL00037,"Zohirul Islam2",HR,LWR,SWL,SDL,zoislam,,,,,,,,,,,,,,,,
BD-02768,,,10.140.21.3,CCTV,"Dome Camera",Assigned,3G037E8PAA00503,Dahua,DH-IPC-HDW1120SP,"4,500",2018-07-05,"Ask Digital/ SDL/WO/2017/0768/ 1yrs wrnty",SIL00012,"Merchandising Area",MIS,LWR,SDL,SDL,Security,,,,,,,,,10.140.21.3,,,,,,,"IP Camera"
BD-02769,,,10.140.21.1,CCTV,"Dome Camera",Assigned,3M05F4APAG65D2D,Dahua,DH-IPC-HDW1120SP,"4,500",2018-07-05,"Ask Digital/ SDL/WO/2017/0768/ 1yrs wrnty",SDL00024,"MIS Room",MIS,LWR,SDL,SDL,Security,,,,,,,,,10.140.21.1,,,,,,,"IP Camera"
BD-02770,,,,UPS,UPS,Assigned,310023731841469200060,NPS,"Offline 1200VA","5,100",2017-07-04,"Numeric Technology",,"Jahanali Khan",Production,LWR,,SDL,kjahanali,,,,,,,,,,,,,,,,
BD-02771,,n/a,,"Computer Accessories",Webcam,Assigned,1749LZ0FJDV9,Logitech,C270,"1,550",2018-07-10,"Ryans Computer/ B-830311/ 2 years warranty",SDL00038,"Ashraful Islam",HR,LWR,SDL,SDL,asislam,,,,,,,,,,,,,,,,"Web Cam for SDL Medical."
BD-02772,,,10.140.21.15,CCTV,"Dome Camera",Assigned,3G037E8PAA00489,Dahua,DH-IPC-HDW1120SP,"4,500",2018-07-10,"ASK Digital/  1yrs wrnty",SDL00024,"Sublimation Printer Room",MIS,LWR,SDL,SDL,Security,,,,,,,,,10.140.21.15,,,,,,,"IP Camera"
BD-02773,,,10.140.21.16,CCTV,"Dome Camera",Assigned,3G037E8PAA00437,Dahua,DH-IPC-HDW1120SP,"4,500",2018-07-10,"ASK Digital/  1yrs wrnty",SDL00024,"Sublimation Printer Room",MIS,LWR,SDL,SDL,Security,,,,,,,,,10.140.21.16,,,,,,,"IP Camera"
BD-02774,,,10.140.21.17,CCTV,"Dome Camera",Assigned,3G037E8PAA00286,Dahua,DH-IPC-HDW1120SP,"4,500",2018-07-10,"ASK Digital/  1yrs wrnty",SDL00024,"Sublimation Printer Room",MIS,LWR,SDL,SDL,Security,,,,,,,,,10.140.21.17,,,,,,,"IP Camera"
BD-02775,,,,"Computer Accessories",Headset,Assigned,1802ALA94258,Logitech,H151,"1,250",2018-07-11,"Computer Technology/ INV-CT-2018-002783/ 1 Years",SDL00021,"Miran Chandra ",Fabric,SWR,SIL,SDL,mchandra,,,,,,,,,,,,,,,,
BD-02776,,B-834156,,Display,Monitor,Assigned,3CM8100DNG,HP,"24F 24inch","15,100",2018-07-17,"Ryans Computer/3 years warranty",SDL00043,"Zakir Khan",Management,LWR,HO,DBO,zkhan,,,,,,,,,,,,,,,,
BD-02777,,n/a,,"Barcode Reader","Barcode Reader",Disposed,62017020035,"Xincode Technology",X-620,"3,600",2018-07-19,"Western Computer/ 48/ 1 month warranty",SDL00044,,MIS,LWR,SDL,SDL,,,,,,,,,,,,,,,,,
BD-02778,21004000240,n/a,SDLL249A,Computer,Laptop,Assigned,PF11WDZ8,Lenovo,"ThinkPad E470","63,000",2018-07-19,"Global Brand/ INV-GBPGL-2018-005089/ 3 Years warranty",SDL0009,"Tauhidul Islam","Marketing & Merchandising",SWR,SDL,SDL,tauislam,,,"Intelï¿½ Core ï¿½  i5 - 7200U",3.10,,1024,"8192 ",,,,"WIN10 Pro",,B-475,"Win 10 Pro",N8VBC-W76QT-G7K3D-QRGK9-C7JXC,"Laptop for Balam"
BD-02779,21004000239,INV-GBPGL-2018-005030,SDLL267A,Computer,Laptop,Assigned,PF11SEK5,Lenovo,"ThinkPad E470","63,000",2018-07-17,"Global Brand/ 3 Years warranty",SDL00042,"Shohag Hasan","Marketing & Merchandising",LWR,SIL,SDL,shhasan,,,"Intel Core  i5 - 7200U",3.10,500,,"8192 ",,,,"WIN10 Pro",2022-01-02,Yes,"Win 10 Pro",HJ82C-NGTR2-KH3R3-236H4-WFG6P,
BD-02780,,N/A,,UPS,UPS,Service,310022928841469400025,NPS,KST1200,"5,100",1900-01-01,"Numeric Technology/ 1years",,"Razu Ahamed","Industrial Engineering",LWR,SIL,SDL,raahamed,,,,,,,,,,,,,,,,
BD-02781,,,,UPS,UPS,Assigned,310022928841469400185,NPS,KST1200,"5,100",2018-07-22,"NPS/20180722/ 1 Yer",SIL000041,"Abdullah Omor","Marketing & Merchandising",LWR,SIL,SDL,aomor,,,,,,,,,,,,,,,,
BD-02782,,,,UPS,UPS,Assigned,310023731841469200055,NPS,KST1200,"5,100",2018-08-05,"NPS/2018080531/ 1 yer",SIL000043,"TR Talent",HR,LWR,SIL,SDL,ttalent,,,,,,,,,,,,,,,,
BD-02783,,,,UPS,UPS,Assigned,310023731841469200085,NPS,KST1200,"5,100",2018-08-05,"NPS/2018080531/ 1 yer",SIL000044,"ruhossain + mommia",Production,LWR,,SDL,"ruhossain + mommia",,,,,,,,,,,,,,,,
BD-02784,,,,UPS,UPS,Assigned,310023731841469200086,NPS,KST1200,"5,100",2018-08-05,"NPS/2018080531/ 1 yer",SIL000044,"Sabuj Gazi",Sample,LWR,SIL,SDL,sgazi,,,,,,,,,,,,,,,,
BD-02785,,,DEWBDSDLMR01,Network,"Access Point",Stock,Q2KD-K2SZ-G3M7,Meraki,MR42,,,,,,MIS,LWR,SIL,SDL,,,,,,,,,,E0:CB:BC:89:FE:56,,,,,,,
BD-02786,,,DEWBDSDLMR02,Network,"Access Point",Stock,Q2KD-QHJ8-SLCA,Meraki,MR42,,,,,,MIS,LWR,SIL,SDL,,,,,,,,,,E0:CB:BC:89:FD:67,,,,,,,
BD-02787,,,DEWBDSDLMR03,Network,"Access Point",Stock,Q2PD-HDNU-NRZ3,Meraki,MR33,,,,,,MIS,LWR,,SDL,,,,,,,,,,E0:CB:BC:48:73:7B,,,,,,,
BD-02788,,,DEWBDSDLMR04,Network,"Access Point",Stock,Q2PD-E4GC-DAVD,Meraki,MR33,,,,,,MIS,LWR,SIL,SDL,,,,,,,,,,E0:CB:BC:48:0B:AF,,,,,,,
BD-02789,,,DEWBDSDLMR05,Network,"Access Point",Stock,Q2PD-DYZK-8BT4,Meraki,MR33,,,,,,MIS,LWR,SIL,SDL,,,,,,,,,,E0:CB:BC:48:0B:5B,,,,,,,
BD-02790,,,DEWBDSDLMX01,Network,Firewall,Stock,Q2PN-YQCB-7LPQ,Meraki,MX84-HW,,,,,,MIS,LWR,SIL,SDL,,,,,,,,,,E0:55:3D:90:DF:10,,,,,,,
BD-02791,,1,DEWBDSDLMX02,Network,Firewall,Disposed,Q2PN-8E72-72JE,Meraki,MX84-HW,,1900-01-01,,,,MIS,LWR,SIL,SDL,,,,,,,,,,E0:55:3D:90:3A:A0,,,,,,,
BD-02792,,,DEWBDSDLMS01,Network,Switch,Stock,Q2GW-RWAH-ZSHR,Meraki,MS120-24,,,,,,MIS,LWR,SIL,SDL,,,,,,,,,,E0:CB:BC:63:CA:20,,,,,,,
BD-02793,,,DEWBDSDLMS20,Network,Switch,Assigned,Q2GW-RWAR-BUA8,Meraki,MS120-24,,,,,,MIS,LWR,SIL,SDL,"SIL Server room",,,,,,,,,E0:CB:BC:63:CA:40,,,,,,,
BD-02794,,1,DEWBDSDLMS30,Network,Switch,"Need to Dispose",Q2GW-S2WP-CXDY,Meraki,MS225-24P,,1900-01-01,,,,MIS,LWR,SIL,SDL,"SWL Rack",,,,,,,,,E0:CB:BC:63:E9:A0,,,,,,,
BD-02795,,,DEWBDSDLMS40,Network,Switch,Stock,Q2FX-UATP-8C2L,Meraki,MS120-48,,,,,,MIS,LWR,SIL,SDL,"SIL Cutting Rack",,,,,,,,,0C:8D:DB:12:14:D4,,,,,,,
BD-02796,,1,DEWBDSDLMS60,Network,Switch,Assigned,Q2FX-Y5RH-MU2Q,Meraki,MS120-48,,1900-01-01,,,,MIS,LWR,SIL,SDL,"SIL CAD Rack",,,,,,,,,0C:8D:DB:12:2A:58,,,,,,,
BD-02797,,,DEWBDDBOMS01,Network,Switch,Stock,Q2CX-SNQ2-MK77,Meraki,MS120-8FP,,,,,,MIS,LWR,DBO,DBO,,,,,,,,,,34:56:FE:31:49:50,,,,,,,
BD-02798,,,DEWBDDBOMR01,Network,"Access Point",Stock,Q2PD-DR4G-QQ2S,Meraki,MR33,,,,,,MIS,LWR,DBO,DBO,,,,,,,,,,E0:CB:BC:48:0A:9A,,,,,,,
BD-02799,,,DEWBDDBOMR02,Network,"Access Point",Stock,Q2PD-DRJ3-MXNL,Meraki,MR33,,,,,,MIS,LWR,DBO,DBO,,,,,,,,,,E0:CB:BC:48:0A:A5,,,,,,,
BD-02800,,,DEWBDDBOMR03,Network,"Access Point",Assigned,Q2PD-HJTR-8YP5,Meraki,MR33,,1900-01-01,,,"SWL Board Room",MIS,LWR,SDL,SDL,system,,,,,,,,10.140.25.56,E0:CB:BC:48:73:F1,,,,,,,
BD-02801,,,DEWBDDBOMX01,Network,Firewall,Stock,Q2PN-CYQF-GQYU,Meraki,MA-SFP-10GB-LR,,,,,,MIS,LWR,DBO,DBO,,,,,,,,,,E0:55:3D:2D:12:B0,,,,,,,
BD-02802,,,,"Network Accessories","SFP Moduller",Stock,FNS205111JK,Meraki,MA-SFP-10GB-LR,,,,,,MIS,LWR,SIL,SDL,,,,,,,,,,,,,,,,,
BD-02803,,1,,"Network Accessories","SFP Moduller",Assigned,FNS205309S0,Meraki,MA-SFP-10GB-LR,,1900-01-01,,,,MIS,LWR,SIL,SDL,,,,,,,,,,,,,,,,,
BD-02804,,1,,"Network Accessories","SFP Moduller",Assigned,FNS205111WH,Meraki,MA-SFP-10GB-LR,,1900-01-01,,,,MIS,LWR,SIL,SDL,,,,,,,,,,,,,,,,,
BD-02805,,,,"Network Accessories","SFP Moduller",Stock,FNS2052094C,Meraki,MA-SFP-10GB-LR,,,,,,MIS,LWR,SIL,SDL,,,,,,,,,,,,,,,,,
BD-02806,,,,"Network Accessories","SFP Moduller",Stock,FNS205111JX,Meraki,MA-SFP-10GB-LR,,,,,,MIS,LWR,SIL,SDL,,,,,,,,,,,,,,,,,
BD-02807,,,,"Network Accessories","SFP Moduller",Stock,FNS2052091F,Meraki,MA-SFP-10GB-LR,,,,,,MIS,LWR,SIL,SDL,,,,,,,,,,,,,,,,,
BD-02808,,n/a,,"Barcode Reader","Barcode Reader",Assigned,6201803019,"Xincode Technology",X-620,"3,600",2018-08-12,"Western Computer/54/1 month",SDL2000049,"Rubel Farazi",Finishing,LWR,SDL,SDL,rfarazi,,,,,,,,,,,,,,,,
BD-02809,,1,DEWBDSDLS06,Network,Switch,Service,FOC1133Y4XM,Cisco,WS-C3560G-24PS,,1900-01-01,,,"SDL Rack 02",MIS,LWR,SDL,SDL,,,,,,,,,,00:1D:71:90:3B:00,,,,,,,"Swithch come from UK"
BD-02810,,,DEWBDSDLS08,Network,Switch,Assigned,FOC1208Y0RW,Cisco,WS-C3560G-24PS,,,,,"SDL Rack 02",MIS,LWR,SDL,SDL,,,,,,,,,,00:1F:6D:C6:7B:80,,,,,,,"Swithch come from UK."
BD-02811,,N/A,,UPS,UPS,Assigned,310023731841469200011,NPS,"Offline 1200VA","5,100",2018-09-10,"NPS/ 201809102/ 1yr wrnty"," SIL0000048","Abul Kashem",Design,LWR,SIL,SDL,akashem,,,,,,,,,,,,,,,,
BD-02812,,n/a,,UPS,UPS,Assigned,310023731841469200012,NPS,"Offline 1200VA","5,100",2018-09-10,"NPS/ 201809102/ 1yr wrnty"," SIL0000048","Safiqur Rahman","Marketing & Merchandising",LWR,SIL,SDL,,,,,,,,,,,,,,,,,
BD-02813,,,10.140.8.61,T&A,"Attendance Device",Assigned,7318710,FingerTec,Timeline-100,"26,000",2018-05-24,"GA/18/1033 & GA/18/1031",SDL00002,,MIS,LWR,,SDL,,,,,,,,,,,,,,,,,
BD-02814,,,10.140.8.62,T&A,"Attendance Device",Assigned,7318711,FingerTec,Timeline-100,"26,000",2018-05-24,"GA/18/1033 & GA/18/1031",SDL00002,,MIS,LWR,,SDL,,,,,,,,,,,,,,,,,
BD-02815,110011000014,INV-GBPGL-2018-006572,SDLL253,Computer,Laptop,Assigned,PF11WFUD,Lenovo,"Thinkpad E470","62,500",2018-09-17,"Global/ INV-GBPGL-2018-006572/ 3yr wrnty",HO3000011,"Avantha Subasinghe",Production,LWR,SDL,SDL,asubasinghe,,,"Intelï¿½ Core ï¿½  i5 - 7200U",3.10,500,,"8192 ",,,,"WIN10 Pro",,B-116,"Win 10 Pro",RJ2WK-KNRH4-FCWYR-23B49-RM49C,
BD-02816,11004000254,n/a,SDLL252B,Computer,Laptop,Assigned,PF11VY4Y,Lenovo,"Thinkpad E470","62,500",2018-09-17,"Global/ INV-GBPGL-2018-006573/ 3yr wrnty"," SIL0000049","Mostafizur Rahaman",Fabric,LWR,SIL,SDL,mosrahaman,,,"Intel Core  i5 - 7200U",3.10,256,,"8192 ",,,,"WIN10 Pro",2022-08-13,B-122,"Win 10 Pro",TQDBN-3Y6F6-FVTWR-YDVFX-V22KC,
BD-02817,21004000243,n/a,SDLL251A,Computer,Laptop,Assigned,PF11VMN9,Lenovo,"Thinkpad E470","62,500",2018-09-17,"Global/ INV-GBPGL-2018-006574/ 3yr wrnty",SDL2000056,"Mominul Islam",IE,LWR,SIL,SDL,momislam,,,"Intelï¿½ Core ï¿½  i5 - 7200U",3.10,500,,"8192 ",,,,"WIN10 Pro",2021-12-20,B-175,"Win 10 Pro",XHF3V-NPJTF-4PVVP-HF989-H6DGP,
BD-02818,21004000244,n/a,SDLL250A,Computer,Laptop,Assigned,PF11VJHN,Lenovo,"Thinkpad E470","62,500",2018-09-17,"Global/ INV-GBPGL-2018-006574/ 3yr wrnty",SDL2000056,"Abubockor Siddik",IE,LWR,SIL,SDL,asiddik,,,"Intelï¿½ Core ï¿½  i5 - 7200U",3.10,500,,"8192 ",,,,"WIN10 Pro",2021-11-24,B-42,"Win 10 Pro",9272H-N6MYH-GD62W-KG7CH-M4G6P,
BD-02819,,,,Display,Monitor,Assigned,3CM82018HG,HP,HP24F,"15,100",2018-09-22,"B-864607/ Rayans Computer/ 3 yer wrnty",SDL00043,"Saravanan Jayaraman",MIS,LWR,SIL,SDL,sjayaraman,,,,,,,,,,,,,,,,
BD-02820,,n/a,,UPS,UPS,Assigned,310022928841469400135,NPS,KST1200,"5,100",2018-09-30,"NPS/ 20180930/ 1yr wrnty",SDL20000060,"Anisur Rahman",Operations,LWR,SIL,SDL,arahman,,,,,,,,,,,,,,,,
BD-02821,,n/a,,UPS,UPS,Assigned,310022928841469400136,NPS,KST1200,"5,100",2018-09-30,"NPS/ 20180930/ 1yr wrnty",SDL20000060,"Mirza Salekul","Industrial Engineering",LWR,SIL,SDL,msalekul,,,,,,,,,,,,,,,,
BD-02822,,,,UPS,UPS,Assigned,310022928841469400011,NPS,KST1200,"5,100",2018-10-15,"NPS/201810153/ 1 yr wrnty",SWL6000019,"Anisur Rhaman",Production,LWR,,SDL,arhaman,,,,,,,,,,,,,,,,
BD-02823,,,,UPS,UPS,Assigned,310022928841469400012,NPS,KST1200,"5,100",2018-10-15,"NPS/201810153/ 1 yr wrnty",SWL6000019,"Beauty Akther",Quality,LWR,,SDL,bakther,,,,,,,,,,,,,,,,
BD-02824,,,,UPS,UPS,Assigned,310022928841469400181,NPS,KST1200,"5,100",2018-10-15,"NPS/201810153/ 1 yr wrnty",SWL6000019,"Lutful Haider",Commercial,LWR,,SDL,lhaider,,,,,,,,,,,,,,,,
BD-02825,,,,UPS,UPS,Assigned,310022928841469400182,NPS,KST1200,"5,100",2018-10-15,"NPS/201810154/ 1 yr wrnty",SIL0000052,"Poranjan Chakraborti",Sample,LWR,,SDL,pchakraborti,,,,,,,,,,,,,,,,
BD-02826,,1,10.140.21.106,CCTV,"CCTV Camera",Disposed,4G0806DPAGF5A74,Dahua,DH-IPC-HDW1230SP,"6,000",2018-10-23,,,,MIS,LWR,"APW Room",SDL,,,,,,,,,,,,,,,,,
BD-02827,,,10.140.21.121,CCTV,"CCTV Camera",Assigned,4F055B3PAGC9384,Dahua,DH-IPC-HFW1230SP,"6,000",2018-10-23,,,,MIS,LWR,"outside of chemical store",SDL,,,,,,,,,,,,,,,,,
BD-02828,,,,Computer,Tablet,Assigned,HEKNU18910102166,HUAWEI,AGS-L09,"19,490",2018-10-23,"M2M Communications/157",SDL00041,"SIL Cutting Table 4",Cutting,LWR,,SDL,"SIL Cutting Table 4",868355035437614,,,,,16,"2048 ",,,,,,,,,
BD-02829,,"M2M Communications/1570",,Computer,Tablet,Assigned,HEKNU18910101874,HUAWEI,AGS-L09,"19,490",2018-10-23,"M2M Communications/1570",SDL2000051,"Saravanan Jayaraman",MIS,LWR,SIL,SDL,sjayaraman,868355035434694,,,,,16,"2048 ",,,,,,,,,
BD-02830,,,,Display,Monitor,Assigned,HBLMQS122923,Asus,VE228TR,"8,200",2018-09-10,"Global/ INV-GBPGL-2018-006371/ 3yr wrnty",SWWL6000015,"Md Rubel",Finishing,LWR,,SDL,mrubel,,,,,,,,,,,,,,,,
BD-02831,,,,Display,Monitor,Assigned,HCLMQS013103,Asus,VE228TR,"8,200",2018-10-01,"Global/ INV-GBPGL-2018-006942/ 3yr wrnty",SWWL0009,"Mohammad Alamgir",Sample,LWR,,SDL,malamgir,,,,,,,,,,,,,,,,
BD-02832,,,,Display,Monitor,Assigned,HCLMQS013259,Asus,VE228TR,"8,200",2018-10-01,"Global/ INV-GBPGL-2018-006942/ 3yr wrnty",SWWL6000016,"Osman Goni",Finishing,LWR,,SDL,ogoni,,,,,,,,,,,,,,,,
BD-02833,,,,UPS,UPS,Assigned,310022928841469400078,NPS,KST1200,"5,100",2018-11-15,"NPS/201811153/ 1 yr wrnty",SIL000053,"Prakash Saha",IE,LWR,,SDL,psaha,,,,,,,,,,,,,,,,
BD-02834,,n/a,,UPS,UPS,Assigned,310022928841469400041,NPS,KST1200,"5,100",2018-11-15,"NPS/201811153/ 1 yr wrnty",SIL000053,"Razu Ahamed","Industrial Engineering",LWR,SIL,SDL,rahamed,,,,,,,,,,,,,,,,
BD-02835,,n/a,SDLL255,Computer,Laptop,Assigned,5CD8217Q30,HP,"Probook 440 G5",,2019-10-08,,,"Rasel Mia",IE,LWR,SIL,SDL,rmia,,,"Intelï¿½ Core ï¿½  i5 - 8250U",1.80,250,1024,"8196 ",,,,"WIN10 Pro",,B-451,"WIN10 Pro",PNXGQ-X6C4F-YCM3K-9CH86-WXCKC,
BD-02836,,,,UPS,UPS,Assigned,310022928841469400187,NPS,KST1200,"5,100",,,,"SDL Server room Network Switch rack",MIS,LWR,,SDL,,,,,,,,,,,,,,,,,
BD-02837,,,,UPS,UPS,Assigned,310022928841469400082,NPS,KST1200,"5,100",2018-12-11,"NPS/201812112/ 1 yr wrenty",SWWL6000023,"SIL Cutting Rack",MIS,LWR,,SDL,System,,,,,,,,,,,,,,,,
BD-02838,,,,Network,"Access point",Assigned,AW837359000DA,Netgear,WAC510,,,,,MIS,MIS,LWR,DBO,AKH,MIS,,,,,,,,,,,,,,,,
BD-02839,,1,,Computer,Tablet,Assigned,HEKNU18C04100626,HUAWEI,AGS-L09,"17,990",2019-01-12,"UCC BD",SIL000053,"Abul Kalam",Quality,LWR,SIL,SDL,akalam,868355038216981,,,,,16,"2048 ",,,,,,,,,
BD-02840,,n/a,,Computer,Tablet,Assigned,HEKNU18C04100816,HUAWEI,AGS-L09,"17,990",2018-10-23,"UCC BD",SIL000053,,Cutting,LWR,SDL,SDL,,868355038218888,,,,,16,"2048 ",,,,,,,,,
BD-02841,,,,UPS,UPS,Assigned,310022928841469400007,NPS,KST1200,"5,100",2019-01-20,"NPS/201901201/ 1 yr wrnty",SIL0000055,"SIL Gate1",HR,LWR,,SDL,sgate1,,,,,,,,,,,,,,,,
BD-02842,,,,"Computer Accessories",Headset,Assigned,1828ALA58019,Logitech,H151,"1,250",2019-01-28,"Logitech Computer/ 281111/ 1yr wrnty",HO3000011,"Rifat Binsadek",HR,LWR,SDL,SDL,rbinsadek,,,,,,,,,,,,,,,,
BD-02843,,,,"Computer Accessories",Headset,Assigned,1829ALA67559,Logitech,H151,"1,250",2019-01-28,"Logitech Computer/ 282849/ 1yr wrnty",DBO5000025,"Touhid Akonkee",BMT,LWR,,SDL,takonjee,,,,,,,,,,,,,,,,
BD-02844,,N/A,,UPS,UPS,Assigned,310022928841469400158,NPS,KST1200,"5,100",2019-02-19,"NPS/201902193/1 yr wrnty",SIL0000055,"Abdul Karim","Human Resource",LWR,SIL,SDL,akarim,,,,,,,,,,,,,,,,
BD-02845,,,,UPS,UPS,Assigned,310022928841469400157,NPS,KST1200,"5,100",2019-02-19,"NPS/201902193/1 yr wrnty",SIL0000055,"Ripon Ali ",Cutting,LWR,,SDL,rali,,,,,,,,,,,,,,,,
BD-02846,11004000184,,,Display,Monitor,Assigned,0A04HYCFB05061K,Samsung,S19C170B,"8,100",2015-01-01,,,"Masum Billah",HR,LWR,SIL,SDL,mbillah,,,,,,,,,,,,,,,,
BD-02847,,n/a,,Display,Monitor,"Need to Dispose",901NTXR6Q898,LG,22MK430H,"9,000",2019-02-26,"Global Brand/ INV-GBPGL-2019-001329/3 yr wrnty",SIL0000065,"Ismail Hossain","Qaulity Assurance",LWR,SDL,"Shanta Denim Limited",ishossain,,,,,,,,,,,,,,,,
BD-02848,,,,Display,Monitor,Assigned,901NTLE6Q888,LG,22MK430H,"9,000",2019-02-26,"Global Brand/ INV-GBPGL-2019-001330/3 yr wrnty",SWL6000027,"Sonjoy Bhowmik",Planning,LWR,,SDL,sobhowmik,,,,,,,,,,,,,,,,
BD-02849,,,,Display,Monitor,Assigned,901NTLE6Q792,LG,22MK430H,"9,000",2019-02-26,"Global Brand/ INV-GBPGL-2019-001328/3 yr wrnty",SIL0000058,"Kiron Morshed","Marketing & Merchandising",LWR,,SDL,kmorshed,,,,,,,,,,,,,,,,
BD-02850,,,,Display,Monitor,Assigned,901NTAB6Q896,LG,22MK430H,"9,000",2019-02-26,"Global Brand/ INV-GBPGL-2019-001328/3 yr wrnty",SIL0000058,"Mohammad Hamidul",Finance,LWR,"SIL Server room",SDL,mhamidul,,,,,,,,,,,,,,,,
BD-02851,,,,"Computer Accessories",Headset,Assigned,1802ALA28938,Logitech,H151,"1,250",2019-01-28,"Logitech Computer/ 281111/ 1yr wrnty",,"Mahfuzur Rahman 2",HR,LWR,SDL,SDL,mahrahman2,,,,,,,,,,,,,,,,
BD-02852,,,10.140.8.63,T&A,"Attendance Device",Assigned,7319064,FingerTec,Timeline-100,,,,SDL2000090,,MIS,LWR,SDL,SDL,,,,,,,,,,,,,,,,"product key 4CI6-YDNJ-UFZH",
BD-02853,,,10.140.8.64,T&A,"Attendance Device",Assigned,7318695,FingerTec,Timeline-100,,,,SDL2000090,,MIS,LWR,SDL,SDL,,,,,,,,,,,,,,,,"product key W7CD-LCBQ-YYLV",
BD-02854,,,10.140.8.65,T&A,"Attendance Device",Assigned,7318704,FingerTec,Timeline-100,,,,SDL2000090,,MIS,LWR,SDL,SDL,,,,,,,,,,,,,,,,"product key FIGU-TVAP-HA9G",
BD-02855,,,10.140.8.62,T&A,"Attendance Device",Assigned,7318711,FingerTec,Timeline-100,,,,SDL2000090,,MIS,LWR,SDL,SDL,,,,,,,,,,,,,,,,,
BD-02856,,,,"Computer Accessories",Headset,Assigned,1714ALA08079,Logitech,H150,,,"Logitech Computer/ 281111/ 1yr wrnty",,"Fariduddin Ahmed",PCC,LWR,SDL,SDL,rbinsadek,,,,,,,,,,,,,,,,
BD-02857,,,,Projector,Projector,Assigned,"There is no serial no",Everycom,LED,,,,,"Jayaraman Saravanan",MIS,LWR,,SDL,sjayaraman,,,,,,,,,,,,,,,,
BD-02858,,n/a,,Printer,"Barcode Printer",Assigned,SW18HST004506,SEWOO,LK-B24,"18,900",2019-03-18,"Global/ INV-GBPGL-2019-001730/ 1 yr wrnty",SIL0000074,"Al Amin 2","Marketing & Merchandising",LWR,SIL,SDL,alamin2,,,,,,,,,,,,,,,,
BD-02859,,n/a,,UPS,UPS,Assigned,3100229288414694009027,NPS,KST1200,"5,100",2019-03-21,,,"Iqbal Hossain 2",Design,SWR,SDL,SDL,iqhossain2,,,,,,,,,,,,,,,,
BD-02860,,N/A,SDLL256A,Computer,Laptop,Stock,5CD5489G9W,HP,"Probook 440 G3","68,000",2018-03-12,,,"Ex user Rakib Uddin",Prodcution,LWR,SDL,SDL,rauddin,,,"Intel Core i5",,"250 GB",1024,"8192 ",,,,"WIN10 Pro",,,,,"Transferred from IndonesiaLast Battery changed 16092024"
BD-02861,,n/a,SDLL257B,Computer,Laptop,"Need to Dispose",2CE30706W3,HP,"Probook 4440s","61,000",2013-12-02,,,"Alpona Afroz ",HR,LWR,SIL,SDL,aafroz,,,"Intel Core i5",,480,,8192,,,,"WIN10 Pro",2021-03-07,B-056,,,"Transferred from Indonesia"
BD-02862,21004000245,1,SDLL258A,Computer,Laptop,Assigned,5CD8505F3Z,HP,"Probook 440 G5","52,000",2019-04-10,"Flora Limited",SDL2000111,"Daulatuzzaman Khan",PCC,SWR,SDL,SDL,dkhan,,,"Intel Core   i5 - 8250U",1.80,500,,"8196 ",,,,"WIN10 Pro",,B-353,"WIN10 Pro",TWNG4-X2GCC-XKJP8-VJPJK-KQBP2,
BD-02863,21004000246,n/a,SDLL259B,Computer,Laptop,Assigned,5CD8505DZB,HP,"Probook 440 G5","52,000",2019-04-10,"Flora Limited",SDL2000111,"Dewan Huraira",PCC,SWR,SDL,SDL,dhuraira,,,"Intel Core  i5 - 8250U",1.80,500,,"8196 ",,,,"WIN10 Pro",2021-09-15,Yes,"WIN10 Pro",68M8K-NDW3X-RV6CY-TMQTK-3RR9C,
BD-02864,21004000247,n/a,SDLL263A,Computer,Laptop,Assigned,5CD8505DF51,HP,"Probook 440 G5","52,000",2019-04-10,"Flora Limited",SDL2000111,"Sohel Rana",Planning,LWR,SDL,SDL,srana,,,"Intel Core  i5 - 8250U",1.80,480,,"8196 ",,,,"WIN10 Pro",2022-02-24,B-316,"WIN10 Pro",PXKRN-DGPPY-2PWHC-84CG6-FVV22,
BD-02865,21004000248,1,SDLL260,Computer,Laptop,Assigned,5CD8505DZW,HP,"Probook 440 G5","52,000",2019-04-10,"Flora Limited",SDL2000111,"Biswas Richik","Marketing & Merchandising",SWR,SDL,SDL,ribiswas,,,"Intelï¿½ Core ï¿½  i5 - 8250U",1.80,,1024,"8196 ",,,,"WIN10 Pro",,B-0361,"WIN10 Pro",M6HHN-K63V6-4KHJJ-BWWD7-T3BP2,"Laptop bag  1392025  B482"
BD-02866,,,,UPS,UPS,Stock,NPS-LA-201903280025,NPS,1200VA,"4,900",2019-04-10,"Numeric Technology",SDL2000115,,MIS,,,SDL,,,,,,,,,,,,,,,,,
BD-02867,,,,UPS,UPS,Assigned,NPS-LA-201903280026,NPS,1200VA,"4,900",2019-04-10,"Numeric Technology",SDL2000115,"Rashel Babu",IE,LWR,SDL,SDL,brashel,,,,,,,,,,,,,,,,
BD-02868,,,,UPS,UPS,Assigned,NPS-LA-201903280023,NPS,1200VA,"4,900",2019-04-10,"Numeric Technology",SDL2000115,"Shamiul Islam & Taohidul Islam","Marketing & Merchandising",SWR,SDL,SDL,shamislam,,,,,,,,,,,,,,,,
BD-02869,,,,UPS,UPS,Assigned,NPS-LA-201903280024,NPS,1200VA,"4,900",2019-04-10,"Numeric Technology/ 201904102/ 1yr wrnty",SIL0000080,"Nuruzzaman Liton","Marketing & Merchandising",,,SDL,nliton,,,,,,,,,,,,,,,,
BD-02870,,,,"Computer Accessories",Headset,Assigned,1802ALA94089,Logitech,H151,,,"Logitech Computer/ 281111/ 1yr wrnty",DBO00013,"Hasan Sarwar","Marketing & Merchandising",SWR,SDL,SDL,hsarwar,,,,,,,,,,,,,,,,
BD-02871,21004000231,,SDLSAP5,Server,Server,Assigned,17RJ7C2,Dell,"PowerEdge R530",,,,,"SDL Server Rack",MIS,LWR,SDL,SDL,,,,"Intel Xeon CPU E5-2620 v3",,,,,,,,,,,,,"Transferred from Indonesia"
BD-02872,,n/a,SDLMED7,Server,Server,Assigned,4939T92,Dell,"PowerEdge R230",,1900-01-01,,,"SDL Server Rack",MIS,LWR,SDL,SDL,,,,"Intel Xeon CPU E3-1220 v5",,,2TB,4096,,,,"Windows 2016",,,,,"Transferred from Indonesia"
BD-02873,,,10.140.8.66,T&A,"Attendance Device",Assigned,7318702,FingerTec,Timeline-100,,,,SDL2000090,,MIS,LWR,SDL,SDL,,,,,,,,,,,,,,,,CAXT-SWXH-NHCK,
BD-02874,,,SDLP055,Printer,Printer,Assigned,E77011G8F143540,Brother,MFC-J2330DW,"21,650",2019-05-08,"Global Brand/INV-GBPGL-2019-002719/ 1yr wrnty",SDL2000118,"Merchandising Floor","Marketing & Merchandising",SWR,SDL,SDL,,,,,,,,,,,,,,,,,
BD-02875,,,DEWBDSDLAP18,Network,"Access Point",Assigned,A040A05A998F,Netgear,WAC510,"10,500",2018-04-10,,,"SDL ground Floor VH audit room",MIS,LWR,SDL,SDL,,,,,,,,,,,,,,,,,
BD-02876,,,,UPS,UPS,Assigned,NPS-LA-201903280022,NPS,NP2120,"4,900",2019-04-30,"NPS/ 201904301 / 1 yr wrenty",SIL0000082,"AKH Rack",MIS,LWR,AKH,SDL,"AKH Rack",,,,,,,,,,,,,,,,
BD-02877,,,,UPS,UPS,Stock,NPS-LA-201903280030,NPS,NP2120,"4,900",2019-04-30,"NPS/ 201904301 / 1 yr wrenty",SIL0000082,,MIS,LWR,SIL,SDL,,,,,,,,,,,,,,,,,
BD-02878,,,,Printer,Printer,Assigned,R9DY355188,Epson,LQ-310,"1,550",2019-05-08,"Flora Ltd/ SML/MC/558/18-19/ 1 yr wrnty",SWWL6000034,"Nasir Hossain",Fabric,LWR,SIL,SDL,nashossain,,,,,,,,,,,,,,,,
BD-02879,,,,Display,Monitor,Assigned,901NTTQ6R257,LG,22MK430H,"9,000",2019-05-07,"Global Brand/INV-GBPGL-2019-002834/ 3yr wrnty",SIL0000082,"Nuruzzaman Liton","Marketing & Merchandising",LWR,SDL,SDL,nliton,,,,,,,,,,,,,,,,
BD-02880,,,"Dilanka's Iphone",Phone,iPhone,Assigned,C7CY1P8AHG7F,Apple,MN8X2B/A,,,,,"Dilanka Fernando","Marketing & Merchandising",LWR,SIL,SDL,dfernando,BC:FE:D9:7C:CE:12,,,,,,,,,,,,,,"Brought from UK",
BD-02881,,,SDLP056,Printer,Printer,Assigned,E77011F8F130251,Brother,MFC-J2330DW,"21,650",2019-05-13,"Global Brand/INV-GBPGL-2019-002939/ 1yr wrnty",SDL2000119,"PCC Dept.",PCC,SWR,SDL,SDL,,,,,,,,,,,,,,,,,
BD-02882,,,,CCTV,"Dome Camera",Assigned,5A02B43PAG5B18C,Dahua,DH-IPC-HDW1230SP,"5,500",2019-05-28,,,"SIL Guard Room",MIS,LWR,"SIL Guard Room",SDL,"SIL Guard Room",,,,,,,,,,,,10.140.21.101,,,,
BD-02883,,,,CCTV,"Dome Camera",Assigned,5A02B43PAG42EDA,Dahua,DH-IPC-HDW1230SP,"5,500",2019-05-28,,,,MIS,LWR,"SIL Size Set",SDL,"SIL Size Set",,,,,,,,,,,,10.140.21.115,,,,
BD-02884,,,,CCTV,"Dome Camera",Stock,4K06799PAG002F9,Dahua,DH-IPC-HDW1230SP,"5,500",2019-05-28,,,,MIS,LWR,SIL,SDL,,,,,,,,,,,,,,,,,
BD-02885,,n/a,,CCTV,"CCTV Camera",Assigned,5B0275FPAG9140C,Dahua,DH-IPC-HFW1230SP,"5,500",2019-05-28,,,"SIL Security Gate roop top",MIS,LWR,"SIL Security Gate roop top",SDL,"SIL Security Gate roop top",,,,,,,,,,,,,,,,
BD-02886,,n/a,,CCTV,"CCTV Camera",Assigned,5B0275FPAG83BB1,Dahua,DH-IPC-HFW1230SP,,2019-05-30,,,"SWL Worker rest area",MIS,LWR,"SWL Worker rest area",SDL,"SWL Worker rest area",,,,,,,,,,,,,,,,
BD-02887,,n/a,,CCTV,"CCTV Camera",Assigned,5B0275FPAGF54FF,Dahua,DH-IPC-HFW1230SP,,2019-05-30,,,"SWL Quality Area",MIS,LWR,"SWL Quality Area",SDL,"SWL Quality Area",,,,,,,,,,,,,,,,
BD-02888,21004000259,B-999700,SDLL262B,Computer,Laptop,Stock,25CG8481QVG,HP,"Elitebook 840 G5","84,000",2019-05-29,"Ryans/ B-999700/ 2 yr wrnty",,"Shofikul Islam",Compliance,LWR,SDL,SDL,shoislam,,,"Core i5 8250U",1.80,250,,"8196 ",,,,"Win 11",2024-12-08,,"Win 10 Pro",,
BD-02889,21004000258,B-999700,SDLL411,Computer,Laptop,Assigned,25CG8327ZFH,HP,"Elitebook 840 G5","84,000",2019-05-29,"Ryans Computers",,"Duminda Wijewardhana",Maintenance,LWR,SIL,"Shanta Denim Limited",dwijewardhana,,,"Core i5 8250U",1.80,250,,"8196 ",,,,"WIN 11 Pro",2025-06-21,,"WIN 10 PRO",8G9GB-N3JJX-MHDJG-VVH3G-8TYP2,
BD-02890,,,,"Computer Accessories",Headset,Assigned,1713ALA20938,Logitech,H150,,,,1221,"Robin Hossain","CAD ",LWR,SDL,SDL,rhossain,,,,,,,,,,,,,,,,
BD-02891,,n/a,,Display,Monitor,Assigned,903NTCZ0F867,LG,22MK430H,"9,000",2019-06-19,"Global Brand/INV-GBPGL-2019-003672/ 3yr wrnty",SIL0000088,"Ripon Ali",Operations,LWR,SIL,SDL,,,,,,,,,,,,,,,,,
BD-02892,,N/A,,Display,Monitor,Assigned,903NTZN0F893,LG,22MK430H,"9,000",2019-06-19,"Global Brand/INV-GBPGL-2019-003672/ 3yr wrnty",SIL0000088,"Shohag Hasan","Marketing & Merchandising",LWR,SIL,SDL,shhasan,,,,,,,,,,,,,,,,
BD-02893,21004000250,SML/MC/282/19-20,SDLL264,Computer,Laptop,Assigned,5CD9129CG8,HP,"Probook 440 G6","58,000",2019-07-10,"Flora Limited, SML/MC/-282/19-20",SDL2000123,"Shajahan Sarker",HRM,LWR,SDL,SDL,ssarker,,,"Core i5 8256U",1.80,250,,"8196 ",,,,"WIN 10",,,"WIN10 Pro",CNGRJ-4B66D-JVT7R-2XKVY-43KTT,
BD-02894,21004000251,SML/MC/282/19-20,DBOL215,Computer,Laptop,Assigned,5CD9129CGN,HP,"Probook 440 G6","58,000",2019-07-10,"Flora Limited, SML/MC/-282/19-20",SDL2000123,"Khirun nahar",Compliance,LWR,DBO,"Dhaka Buying Office",knahar,1,,"Intel Core i5 8256U",1.80,250,,"8196 ",,,,"WIN 10",,Yes,"Win 10 Pro",X9BFN-KRJ68-KVHJR-PYCMJ-9TPKG,
BD-02895,21004000252,SML/MC/282/19-20,SDLL266B,Computer,Laptop,Assigned,5CD9129CGQ,HP,"Probook 440 G6","58,000",2019-07-10,"Flora Limited, SML/MC/-282/19-20",SDL2000123,"Nasir Ahmed","Human Resource",LWR,SIL,SDL,nahmed,,,"Core i5 8256U",1.80,250,,"8196 ",,,,"WIN 10",,B-057,"Win 10 Pro",262VC-R3N7C-X6V6C-HWC9J-W44C6,
BD-02896,,,,"Computer Accessories",Webcam,Stock,185LZ040UU9,Logitech,C270,"1,800",2019-07-11,"Khanbrother's/ 0415/2019/ 1yr wrenty",,,MIS,LWR,,SDL,,,,,,,,,,,,,,,,,
BD-02897,,,SDLP058,Printer,Printer,Stock,E77011L8F136573,Brother,MFC-J2330DW,"21,650",2019-07-09,"Global Brand/ INV-GBPGL-2019-004186/ 1 yr wrnty",SIL0000087,,MIS,LWR,,SDL,,,,,,,,,,,,,,,,,
BD-02898,,n/a,,UPS,UPS,Assigned,AT1200190330ST0130,NPS,M-1200VA,"4,900",2019-07-09,"Numeric Technology/inv-201906191/1yr wrnty",SDL2000131,"Rokib Hossan",IE,LWR,SDL,SDL,rhossan,,,,,,,,,,,,,,,,
BD-02899,,,,UPS,UPS,Assigned,AT1200190330ST0129,NPS,M-1200VA,"4,900",2019-07-09,"Numeric Technology/inv-201906191/1yr wrnty",SDL2000131,"Shariful  Islam",Store,LWR,SDL,SDL,,,,,,,,,,,,,,,,,
BD-02900,,,,UPS,UPS,Stock,AT1200190330ST0099,NPS,M-1200VA,"4,900",2019-07-09,"Numeric Technology/inv-201906191/1yr wrnty",SDL2000131,,MIS,LWR,,SDL,,,,,,,,,,,,,,,,,
BD-02901,,,,Display,Monitor,Assigned,ZZPNH4ZM100003,Samsung,S27F350,"25,500",2019-07-23,"Ryans Computer/ B-1031724/ 3 yr wrnty",SIL0000098,"Paul Warren",Finance,LWR,,SDL,pwarren,,,,,,,,,,,,,,,,
BD-02902,,,,UPS,UPS,Assigned,AT1200190330ST0240,NPS,M-1200VA,"4,900",2019-07-24,"Numeric Technology/inv-201907243/1yr wrnty",SDL2000140,"Temp assign to Helal Udden",MIS,LWR,,SDL,,,,,,,,,,,,,,,,,
BD-02903,,,,UPS,UPS,Assigned,AT1200190330ST0399,NPS,M-1200VA,"4,900",2019-07-24,"Numeric Technology/inv-201907243/1yr wrnty",SDL2000140,"Naznin Akhi",IE,LWR,SDL,SDL,,,,,,,,,,,,,,,,,
BD-02904,,n/a,,UPS,UPS,"Need to Dispose",AT1200190330ST0390,NPS,M-1200VA,"4,900",2019-07-24,"Numeric Technology/inv-201907243/1yr wrnty",SDL2000140,"Raju Mia",HRM,LWR,SDL,SDL,ramia,,,,,,,,,,,,,,,,
BD-02905,,,,CCTV,NVR,Assigned,5A02F1CPAZBAD29,Dahua,NVR5832-4KS2,"47,000",2019-07-21,"B3 Group/ 00555102/ 1 yr warnty",SWWL6000042,,MIS,LWR,SWL,SDL,,,,,,,,,,,,,,,,,
BD-02906,,,,Display,Monitor,Stock,TX5185260475,ViewSonic,TD2220,"22,000",2019-07-24,"Ryans Computer/ B-1032420/ 3 yr wrnty",SDL2000100,,MIS,LWR,,SDL,,,,,,,,,,,,,,,,,
BD-02907,,,,"Computer Accessories",Headset,Assigned,1703ALAC3179,Logitech,"H150 AU","1,500",2019-10-30,"StarTech/ INV-STETB-2017-069870",1209,"Delowar Hossain","Marketing & Merchandising",LWR,,DBO,dehossain,,,,,,,,,,,,,,,,
BD-02908,,,,UPS,UPS,Assigned,AT1200190330ST0236,NPS,1200VA,"4,900",2019-07-14,"Numeric Technology/inv-201907143/1yr wrnty",HO3000027,"Kazi Marufa",HR,LWR,SHO,DBO,kmarufa,,,,,,,,,,,,,,,,
BD-02909,,,,UPS,UPS,Assigned,AT1200181030ST0144,NPS,NP2120,"4,900",2019-08-01,"NPS/ 201908013/ 1 yr wrnty",,"Didarul Islam",Store,LWR,,SDL,dislam,,,,,,,,,,,,,,,,
BD-02910,,,,Display,Monitor,Assigned,"                                                  ",LG,22MK430H,"9,000",2019-07-27,"Global Brand/INV-GBPGL-2019-004672/ 3yr wrnty",SDL2000140,"Abu Jasim",Finishing,LWR,SDL,SDL,ajasim,,,,,,,,,,,,,,,,
BD-02911,,1,,Display,Monitor,Disposed,903NTDV0F322,LG,22MK430H,"9,000",2019-07-27,"Global Brand/INV-GBPGL-2019-004672/ 3yr wrnty",SDL2000140,"Alamgir Hossen",Cutting,LWR,SWL,SDL,,,,,,,,,,,,,,,,,
BD-02912,,n/a,,Display,Monitor,Assigned,CN-ODFDMY-72872-62K-DKGU-A00,Dell,E1916HF,"6,200",2016-10-04,,,"Saddam Swatch cut",Operation,LWR,SIL,SDL,swatchcut,,,,,,,,,,,,,,,,
BD-02913,,n/a,SDLD486A,Computer,Desktop,Assigned,J6M0CS037713,Clone,"Asus H310M-K",,1900-01-01,,,"Alomgir Hossain",Cutting,LWR,SDL,SDL,alohossain,,,"Core i3 8th gen",,,1024,"8196 ",,,,"WIN 10",2021-09-29,,"WIN10 Pro",BCNMH-D6PGD-WVD4Y-6M6W3-H22KG,
BD-02918,,,,T&A,"Attendance Device",Stock,7319407,FingerTech,"Timeline 100","24,000",2019-08-06,"General Automation/ GA/19/1172/ 1yr wrnty",HO3000020,,MIS,LWR,SIL,SDL,,,,,,,,,,,,,,,,,
BD-02919,11004000255," INV-EITHO-2019-001634",,Printer,"Barcode Printer",Assigned,M2418080116,TSC,ME240,"60,000",2019-08-06,"EasternIT, INV-EITHO-2019-001634",SIL0000089,"SIL Location 30",Cutting,LWR,SIL,SDL,,99-042A001-42LF,,,,,,,,,,,,,,,
BD-02920,,,,Photocopier,Photocopier,Stock,33033354,Sharp,AR-5623,"90,000",2014-09-02,,,,MIS,LWR,SIL,SDL,,,,,,,,,,,,,,,,,
BD-02921,,,,Printer,"Label Printer",Assigned,,Brother,E100,,,,,MIS,MIS,LWR,SDL,SDL,,,,,,,,,,,,,,,,,
BD-02922,,n/a,,Display,Monitor,Assigned,903NTLE0F608,LG,22MK430H,"9,000",2019-08-29,"Global Brand/  INV-GBPGL-2019-005311/ 3 yr wrnty",SIL0000099,"Ziaul Alam","Human Resource",LWR,SIL,SDL,zalam,,,,,,,,,,,,,,,,
BD-02923,,,,"Computer Accessories",Headset,Assigned,1723ALA54859,Logitech,H151,,,,,"Merajul Islam","Marketing & Merchandising",LWR,AKH,DBO,meislam,,,,,,,,,,,,,,,,
BD-02924,21004000262,,,Printer,"Printer ",Assigned,R9DY345189,EPSON,LQ-310,16830,2019-09-02,"Flora LimitedFlora Limited/ SML/MC/74/19-20/ 1yr wrnty",SDL2000144,"Faisal Ahmed",Store,LWR,SDL,SDL,faahmed,OKI-20276,,,,,,,,,16830,,,,,,
BD-02925,21004000262,n/a,,Printer,"Printer ",Assigned,R9DY350703,EPSON,LQ-310,16830,2019-09-02,"Flora LimitedFlora Limited/ SML/MC/74/19-20/ 1yr wrnty",SDL2000144,"Nissan Ali",Operation,LWR,SDL,SDL,nali,OKI-20276,,,,,,,,,16830,,,,,,
BD-02926,,n/a,,"Computer Accessories",Headset,Assigned,SN935000880930,Edifier,K550,0,2019-08-30,"Khan Brothers",SDL2000154,"Mamunur Rashid","Marketing & Merchandising",LWR,DBO,AKH,mrashid,,,,,,,,,,900,,,,,,
BD-02927,,n/a,,Computer,Tablet,Service,HEKNU19124111926,Huawei,"MediaPad T3 10",20600,2019-09-14,"Ryans Computer/ B-1063093/ 1yr wrnty",SIL0000101,,Cutting,LWR,SDL,SDL,,,,"Quad Core A53 1.4 GHz",,,16GB,2048,,,20600,,,,,,
BD-02928,,n/a,,Computer,Tablet,Assigned,HEKNU19124112365,Huawei,"MediaPad T3 10",20600,2019-09-14,"Ryans Computer/ B-1063103/ 1yr wrnty",SDL2000159,,Cutting,LWR,SDL,SDL,,,,"Quad Core A53 1.4 GHz",,,16GB,2048,,,20600,,,,,,
BD-02929,,n/a,,Computer,Tablet,Assigned,HEKNU19124112084,Huawei,"MediaPad T3 10",20600,2019-09-14,"Ryans Computer/ B-1063103/ 1yr wrnty",SDL2000159,"Table 3",Cutting,LWR,SIL,SDL,"Table 3",,,"Quad Core A53 1.4 GHz",,,16GB,2048,,,0,,,,,,
BD-02930,,INV-GBPGL-2019-006324,DBOD044,Computer,Desktop,Assigned,,HP,"Prime H310M-F R2.0",38000,2019-10-09,"Global Brands Pvt Ltd",HO3000031,"Sanaulla Bhuiyan",Finance,LWR,DBO,DBO,sbhuiyan,,"Asus Prime H310M-F R2.0","Intel Core i3 9100",3.6,,250,8196,,,0,,,,,,
BD-02931,11004000054,N/A,DBOL149A,Computer,Laptop,Assigned,XG043808H,Toshiba,"Portage Z30-C",80000,2017-01-01,,NA,Shawkat.Ali,Quality,LWR,DBO,"Dhaka Buying Office",shaali,,,"Intel Core i5",,500,,,,,0,"WIN10 Pro",2018-07-30,,,,"Brought from UK"
BD-02932,,1,DBOD040,Computer,Desktop,Assigned,180731557212239,Clone,"PRIME H310M-E R2.0",27910,2019-04-09,"Global Brands Pvt Ltd.",HO3000021,"Reazul Karim",Commercial,LWR,DBO,SHO,rkarim,,Asus,"Intel Core i3",3.6,,1000,8912,,,0,"WIN11 Pro",2025-07-27,,,,
BD-02933,,1,DBOD041,Computer,Desktop,Assigned,180731557212056,Clone,"PRIME H310M-E R2.0",29805,2019-04-01,"Global Brands Pvt Ltd.",HO3000020,"Anwarul Islam",Commercial,LWR,DBO,SHO,anislam,,Asus,"Intel Core i3",3.6,256,,8912,,,0,"WIN11 Pro",2025-07-27,,,,
BD-02934,11004000256,INV-UBSHO-2019-000071,,Projector,Projector,Assigned,F81P08484,Hitachi,CP-X4042WN,59000,2019-09-11,"Unique Business System Limited",SDL2000152,"SIL VC Room",MIS,LWR,SIL,SDL,,,,,,,,,,,0,,,,,,"Invoice no- INV-UBSHO-2019-000071"
BD-02935,,n/a,SDLD487B,Computer,Desktop,Assigned,K4M0KC410747J6P,Clone,"Asus H310M-E R2.0",38000,2019-08-26,"Global Brands Pvt Ltd.",SDL2000145,"Tamzid Hossain",Finishing,LWR,SDL,SDL,tahossain,90MB0Z20-M0UAY0,"Asus  Prime H310-ER2.0","Intel Core i3 8th Gen",3.6,256,,"8192 ",,,38000,"WIN10 Pro",2024-09-03,,"WIN10 Pro",HW7WT-N2J46-XT48P-WG8G9-V22KG,
BD-02936,,n/a,,UPS,UPS,Assigned,20190914AST0071,NPS,NP2120,4900,2019-09-22,"Numeric Technology",SDL2000162,"Mizanur Rahman",Production,LWR,SDL,SDL,mizarahman,,,,,,,,,,0,,,,,,
BD-02937,,n/a,,UPS,UPS,Assigned,20190914AST0069,NPS,NP2120,4900,2019-09-22,"Numeric Technology",SDL2000162,"Abubakkar Siddik",Design,SWR,SDL,SDL,absiddik,,,,,,,,,,0,,,,,,
BD-02938,,n/a,,UPS,UPS,Assigned,E1812042577,NPS,NP2120,4900,2019-09-22,"Numeric Technology",SDL2000145,"Ikram Hossain",Finishing,SWR,SIL,SDL,ihosen,,,,,,,,,,0,,,,,,
BD-02939,,n/a,,Display,Monitor,Assigned,903NTGY0F415,LG,22MK430H,9000,2019-08-26,"Global Brands Pvt Ltd.",SDL2000145,"Abdul Alim",Production,LWR,SDL,SDL,aabdul,,,,,,,,,,0,,,,,,
BD-02940,,,,UPS,UPS,Assigned,AT200181030ST0146,NPS,NP2120,4900,2019-08-29,"Numeric Technology",SIL0000105,"Mohhamad Alamgir",Sample,LWR,SDL,SDL,malamgir,,malamgir,,,,,,,,4900,,,,,,
BD-02941,,1,,UPS,UPS,Assigned,AT200181030ST0145,NPS,NP2120,4900,2019-08-29,"Numeric Technology",SIL0000107,"Faisal Ahmed",Costing,LWR,SIL,SDL,fahemed,,,,,,,,,,4900,,,,,,
BD-02942,,A001INV19001196,,Printer,"Barcode Printer",Assigned,MH219080188,TSC,MH240T,70000,2019-09-24,"DIGI Solution",SDL2000144,"SDL Swatch Cut Area",Store,LWR,SDL,"Shanta Denim Limited",,99-060A002-000K,,,,,,,,,70000,,,,,,
BD-02943,,A001INV19001196,,Printer,"Barcode Printer",Stock,MH219120058,TSC,MH240T,70000,2019-09-24,"DIGI Solution",SDL2000144,,MIS,LWR,SIL,SDL,,99-060A002-000K,,,,,,,,,70000,,,,,,"Last serviced by DIGI on 02/02/2022 Printer Head Replaced"
BD-02944,,DGT-2019-2018,,Display,TV,Assigned,05ZR389M400206,Samsung,UA65NU7100R,166250,2019-09-26,"Transcom Electronics",SIL0000104,"SIL Board Room",MIS,LWR,SIL,SDL,"SIL Board Room",,,,,,,,,,166250,,,,,,
BD-02945,,201910152,,UPS,UPS,Assigned,31002292898322640017,NPS,KST1200,4900,2019-10-15,"Numeric Technology",SIL0000108,Ruhul,Operations,LWR,SIL,"Shanta Denim Limited",,,,,,,,,,,0,,,,,,
BD-02946,,201910152,,UPS,UPS,Assigned,310022928983226400171,NPS,KST1200,4900,2019-10-15,"Numeric Technology",SIL0000108,"Rahana Sultana","Human Resource",LWR,SIL,"Shanta Denim Limited",rsultana,,,,,,,,,,0,,,,,,
BD-02947,,201910152,,UPS,UPS,Stock,310022928983226400172,NPS,KST1200,4900,2019-10-15,"Numeric Technology",SIL0000108,"SWL Gate","Human Resource",LWR,SWL,"Shanta Denim Limited",swlgate,,,,,,,,,,0,,,,,,
BD-02948,,n/a,,UPS,UPS,Disposed,0136-1604140061,Digilog,1200VA,5100,2015-01-01,"Numeric Technology",n/a,"Fazlur Rahman","Quality Assurance",LWR,SWL,"Shanta Denim Limited",frahman,,,,,,,,,,0,,,,,,
BD-02949,,CVS/15/16974,,"Computer Accessories",Speaker,Assigned,1934GX081348,Logitech,Z120,950,2019-10-24,"Crystal Vision Solutions",SDL2000165,"Rifat Bin Sadek","Human Resource",LWR,SIL,"Shanta Denim Limited",rbinsadek,,,,,,,,,,0,,,,,,
BD-02950,,CVS/15/16974,,"Computer Accessories",Speaker,Assigned,1934GX081358,Logitech,Z120,950,2019-10-24,"Crystal Vision Solutions",SDL2000165,"SIL Gate 1","Human Resource",LWR,SIL,"Shanta Denim Limited",sgate1,,,,,,,,,,0,,,,,,
BD-02951,,CVS/15/16974,,"Computer Accessories",Speaker,Assigned,1934GX081319,Logitech,Z120,950,2019-10-24,"Crystal Vision Solutions",SDL2000165,"SDL Security Gate","Human Resource",LWR,SDL,"Shanta Denim Limited",sdgate1,,,,,,,,,,0,,,,,,
BD-02952,,n/a,,Display,Monitor,Assigned,ZZNHH4TH903586B,Samsung,S19F,7000,2017-10-10,"Global Brands Pvt Ltd.","Not Found","Abubakkar Siddik",Design,SWR,SDL,"Shanta Denim Limited",absiddik,,,,,,,,,,0,,,,,,
BD-02953,,201911065,,UPS,UPS,Stock,310022928983226400154,NPS,KST1200,4900,2019-11-06,"Numeric Technology",SIL0000110,"Zahidul Islam",Operations,LWR,SIL,"Shanta Denim Limited",zahislam,,,,,,,,,,0,,,,,,
BD-02954,,201911065,,UPS,UPS,Assigned,310022928983226400153,HP,KST1200,4900,2019-11-06,"Numeric Technology",SIL0000110,"Sabrina Alam","Marketing & Merchandising",LWR,SIL,"Shanta Denim Limited",saalam,,,,,,,,,,0,,,,,,
BD-02955,,201911065,,UPS,UPS,Assigned,310022928983226400155,HP,KST1200,4900,2019-11-06,"Numeric Technology",SIL0000110,"Shoriful Islam",Design,LWR,SWL,"Shanta Denim Limited",shorislam,,,,,,,,,,0,,,,,,
BD-02956,,INV-GBPGL-2019-006953,,Display,Monitor,Assigned,904NTAB77248,LG,22MK430H,9000,2019-11-05,"Global Brands Pvt Ltd.",SIL0000110,"Shoriful Islam",Design,LWR,SWL,"Shanta Denim Limited",shorislam,,,,,,,,,,0,,,,,,
BD-02957,,INV-GBPGL-2019-006953,,Display,Monitor,Assigned,905NTGY4Y983,LG,22MK430H,9000,2019-11-05,"Global Brands Pvt Ltd.",SIL0000110,,MIS,LWR,SIL,"Shanta Denim Limited",,,,,,,,,,,0,,,,,,
BD-02958,,INV-GBPGL-2019-006953,,Display,Monitor,Service,904NTDV77002,LG,22MK430H,9000,2019-11-05,"Global Brands Pvt Ltd.",SIL0000110,"Al Mamun","Industrial Engineering",LWR,SDL,"Shanta Denim Limited",almamun,,,,,,,,,,0,,,,,,
BD-02959,,INV-GBPGL-2019-006953,,Display,Monitor,Assigned,904NTRL76870,LG,22MK430H,9000,2019-11-05,"Global Brands Pvt Ltd.",SIL0000110,"Mahfuzur Rahman","Marketing & Merchandising",LWR,SIL,"Shanta Denim Limited",mahfrahman,,,,,,,,,,0,,,,,,
BD-02960,,EFER,,"Computer Accessories",Headset,Assigned,18B030H120001420,Rapoo,H120,4,2019-11-12,"Global Brands Pvt Ltd.",DF,"Abdur Razzak",Operations,LWR,SDL,"Shanta Denim Limited",arazzak,,,,,,,,,,0,,,,,,
BD-02961,,INV-GBPGL-2019-006473,,Display,Monitor,Stock,904NTNH76935,LG,22MK430H,9000,2019-10-30,"Global Brands Pvt Ltd.",SIL0000108,,MIS,LWR,SIL,"Shanta Denim Limited",,,,,,,,,,,0,,,,,,
BD-02962,,INV-GBPGL-2019-006954,,Display,Monitor,Assigned,904NTKF76621,LG,22MK430H,9000,2019-11-05,"Global Brands Pvt Ltd.",SDL2000166,"Farhad Miah",Design,LWR,SIL,"Shanta Denim Limited",fmiah,,,,,,,,,,0,,,,,,
BD-02963,21004000253,n/a,DBOL232A,Computer,Laptop,Assigned,5CD9129CH5,HP,"Probook 440 G6",57000,2019-08-04,"Flora Limited",SDL2000152,"Gazi Razzak",Planning,LWR,SIL,"Shanta Denim Limited",rgazi,,,"Intel Core i5 8265U",,256,,8192,,,0,"WIN10 Pro",2021-01-05,,"Win 10 Pro",87YKN-WY36K-JKT66-XJ4TH-PWF9G,"It has two SSD"
BD-02964,,A001INV19013824,,Display,Monitor,Assigned,VKC192340218,Viewsonic,VA2256-H,9200,2019-11-18,"UCC Headquarters",SDL2000172,"Nabil Mansur","Accounts & Finance",LWR,SIL,"Shanta Denim Limited",nmansur,,,,,,,,,,0,,,,,,
BD-02965,,A001INV19013824,,Display,Monitor,Assigned,VKC192340224,Viewsonic,VS17294,9200,2019-11-18,"UCC Headquarters",SDL2000172,,MIS,LWR,SIL,"Shanta Denim Limited",,,,,,,,,,,0,,,,,,
BD-02966,,A001INV19013824,,Display,Monitor,Assigned,VKC192340401,Viewsonic,VA2256-H,9200,2019-11-18,"UCC Headquarters",SDL2000172,"Raju Mia","Human Resource",LWR,SDL,"Shanta Denim Limited",rmia,,,,,,,,,,0,,,,,,
BD-02967,,A001INV19013825,,Display,Monitor,Assigned,VKC192340223,Viewsonic,VA2256-H,9200,2019-11-18,"UCC Headquarters",SDL2000171,"Syed Imran","Marketing & Merchandising",LWR,SIL,"Shanta Denim Limited",simran,,,,,,,,,,0,,,,,,
BD-02968,,A001INV19013825,,Display,Monitor,Stock,VKC192340225,Viewsonic,VA2256-H,9200,2019-11-18,"UCC Headquarters",SDL2000171,,MIS,LWR,SIL,"Shanta Denim Limited",,,,,,,,,,,0,,,,,,
BD-02969,,A001INV19013825,,Display,Monitor,Assigned,VKC192340262,Viewsonic,VA2256-H,9200,2019-11-18,"UCC Headquarters",SDL2000171,"Sazzadur Rahman2",Costing,LWR,SIL,"Shanta Denim Limited",sazrahman,,,,,,,,,,0,,,,,,
BD-02970,,A001INV19013825,,Display,Monitor,Assigned,VKC192340275,Viewsonic,VA2256-H,9200,2019-11-18,"UCC Headquarters",SDL2000171,"Faisal Ahmed",Costing,LWR,SIL,"Shanta Denim Limited",fahemed,,,,,,,,,,0,,,,,,
BD-02971,,A001INV19013825,,Display,Monitor,Assigned,VKC192340485,Viewsonic,VA2256-H,9200,2019-11-18,"UCC Headquarters",SDL2000171,"Mamunur Rahman",MIS,LWR,SIL,"Shanta Denim Limited",mamrahman,,,,,,,,,,0,,,,,,
BD-02972,,A001INV19013741,,"Computer Accessories",Headset,Stock,RYTTG1004777,Rapoo,H120,910,2019-11-16,"UCC Headquarters",SIL000110,,MIS,LWR,SIL,"Shanta Denim Limited",,,,,,,,,,,0,,,,,,
BD-02973,,A001INV19013741,,"Computer Accessories",Headset,Stock,RYTTG1004778,Rapoo,H120,910,2019-11-16,"UCC Headquarters",SIL0000110,,MIS,LWR,SIL,"Shanta Denim Limited",,,,,,,,,,,0,,,,,,
BD-02974,,A001INV19000949,,CCTV,"CCTV Camera",Assigned,5E00E91PAGCF165,Dahua,IPC-HFW-1230SP,5610,2019-11-14,"Richman Informatics",SIL0000110,"SIL Ramp & Fabric area","Human Resource",LWR,SIL,"Shanta Denim Limited",system,,,,,,,,,,0,,,,,,
BD-02975,,A001INV19000948,,CCTV,"CCTV Camera",Assigned,5E00E91PAG8C133,Dahua,IPC-HFW-1230SP,5610,2019-11-14,"Richman Informatics",SWWL6000051,,"Human Resource",LWR,SWL,"Shanta Denim Limited",,,,,,,,,,,0,,,,,,
BD-02976,21004000264,CVS/19/18168,,Printer,"Barcode Printer",Assigned,SW19IST005306,Sewoo,LK-B24,19200,2019-12-02,"Crystal Vision Solutions",SDL2000144,"SIL MIS Room",MIS,LWR,SIL,"Shanta Denim Limited",,,,,,,,,,,0,,,,,,
BD-02977,,A001INV19014319,,Display,Monitor,Assigned,VKC192340119,Viewsonic,VS17294,9200,2019-12-03,"UCC Headquarters",SDL2000173,"Rana Sarker","Human Resource",LWR,SDL,"Shanta Denim Limited",rsarker,,,,,,,,,,0,,,,,,
BD-02978,,A001INV19014319,,Display,Monitor,Assigned,VKC192340149,Viewsonic,VS17294,9200,2019-12-03,"UCC Headquarters",SDL2000174,"Murad Hossain","Marketing & Merchandising",LWR,SDL,"Shanta Denim Limited",hmurad,,,,,,,,,,0,,,,,,
BD-02979,,A001INV19014319,,Display,Monitor,Assigned,VKC192340161,Viewsonic,VS17294,9200,2019-12-03,"UCC Headquarters",SDL2000174,"Mehedi Hasan5","Marketing & Merchandising",LWR,SDL,"Shanta Denim Limited",mehedihasan,,,,,,,,,,0,,,,,,
BD-02980,21004000263,SML/MC/195/19-20,SDLD492B,Computer,Desktop,Assigned,4CE90928M9,HP,"Prodesk 400 G5",62000,2019-11-24,"Flora Limited",SDL2000167,"Titan 5 Imran Hossain",Lab,LWR,SDL,"Shanta Denim Limited",imhossain,4FZ42AV,,"Intel Core i5-8500",,500,,8192,,,62000,"WIN10 Pro",2019-12-19,,"Win 10 Pro",D3TNR-P38TH-P862W-W4K6C-GQ726,
BD-02981,,SML/MC/195/19-20,,Display,Monitor,Assigned,1CR8361CCR,HP,N223v,1,2019-11-24,"Flora Limited",SDL2000167,"Alam, Monsur",Store,LWR,SDL,"Shanta Denim Limited",moalam,4AM19AA-V,,,,,,,,,0,,,,,,
BD-02982,,2019231108,,UPS,UPS,Assigned,31002292898322640014,NPS,KST1200,4900,2019-11-23,"Numeric Technology",SDL2000173,"Rahad Hossain",Sample,LWR,SIL,"Shanta Denim Limited",rahossain,,,,,,,,,,0,,,,,,
BD-02983,,A001INV20000349,n/a,Storage,"Pen Drive",Assigned,F429421460,Transcend,JF790_64GB,975,2020-01-12,"UCC Headquarters",n/a,"Mohammad Hamidul","Accounts & Finance",LWR,SIL,"Shanta Denim Limited",mhamidul,,,,,,,,,,0,,,,,,
BD-02984,,A001INV20000349,n/a,Storage,"Pen Drive",Assigned,F429421496,Transcend,JF790_64GB,975,2020-01-12,"UCC Headquarters",n/a,"TR Talent","Human Resource",LWR,SIL,"Shanta Denim Limited",ttalent,,,,,,,,,,0,,,,,,
BD-02985,,A001INV20000349,n/a,Storage,"External HDD",Assigned,F531680533,Transcend,TS1TSJ25M3G,5050,2020-01-12,"UCC Headquarters",n/a,"Mohammad Shahinuzzaman","Industrial Engineering",LWR,SIL,"Shanta Denim Limited",mshahinuzzaman,,,,,,,,,,0,,,,,,
BD-02986,,A001INV20000349,n/a,Storage,"External HDD",Assigned,F531680549,Transcend,TS1TSJ25M3G,5050,2020-01-12,"UCC Headquarters",n/a,"Mohammad Shahinuzzaman","Industrial Engineering",LWR,SIL,"Shanta Denim Limited",mshahinuzzaman,,,,,,,,,,0,,,,,,
BD-02987,,2019231108,,UPS,UPS,Assigned,310022928983226400141,NPS,KST-1200,4900,2019-11-23,"Numeric Technology",sdl2000174,"Rozina Akter",Production,LWR,SDL,"Shanta Denim Limited",roakter,,,,,,,,,,0,,,,,,
BD-02988,,2019231108,,UPS,UPS,Stock,310022928983226400156,NPS,KST-1200,4900,2019-11-23,"Numeric Technology",SDL2000174,,MIS,LWR,SDL,"Shanta Denim Limited",,,,,,,,,,,0,,,,,,
BD-02989,,A001INV20000105,,Display,Monitor,Stock,VKC192340527,Viewsonic,VA2256-H,9200,2020-01-06,"UCC Headquarters",SDL2000178,,MIS,LWR,SDL,"Shanta Denim Limited",,,,,,,,,,,0,,,,,,
BD-02990,,n/a,SDLD493,Computer,Desktop,Assigned,K6M0KC255537226,Clone,"Prime H310M-E R2.0",35000,2019-12-24,"Global Brands Pvt Ltd.",n/a,"Selim Reza","Industrial Engineering",LWR,SDL,"Shanta Denim Limited",selreza,,,,,256,,"8092 ",,,0,"WIN11 Pro",2025-07-21,,,,
BD-02991,,89,,"Computer Accessories",Headset,Assigned,18B030H1201425,Rapoo,H120,920,2019-11-10,"Ryans IT Ltd",n/a,"TR Talent","Human Resource",LWR,SIL,"Shanta Denim Limited",ttalent,,,,,,,,,,0,,,,,,
BD-02992,,89,,"Computer Accessories",Headset,Assigned,179010H1201595,Rapoo,H120,920,2019-11-10,"Ryans IT Ltd",n/a,"Nasir Ahmed","Human Resource",LWR,SIL,"Shanta Denim Limited",nahmed,,,,,,,,,,0,,,,,,
BD-02993,,89,,"Computer Accessories",Headset,Assigned,18B039H1201426,Rapoo,H120,920,2019-11-10,"Ryans IT Ltd",n/a,"Kamrul Milon","Human Resource",LWR,SIL,"Shanta Denim Limited",kmilon,,,,,,,,,,0,,,,,,
BD-02994,,INV-GBPGL-2020-000551,,Display,Monitor,Assigned,904NTXR77058,LG,22MK430H,9000,2020-02-22,"Global Brands Pvt Ltd.",SDL2000180,"Abdur Razzak 2",Design,SWR,SDL,"Shanta Denim Limited",abrazzak,,,,,,,,,,0,,,,,,
BD-02995,,INV-GBPGL-2020-000551,SDLD494,Computer,Desktop,Assigned,K7M0KC42584552C,Clone,"Asus H310M-E R2.0",40046,2020-01-22,"Global Brands Pvt Ltd.",SDL2000180,"Rajib Hawlader",Cutting,SWR,SDL,"Shanta Denim Limited",rhawlader,,Asus,"Intel Core i3 9100",3.6,"250 GB",,8192,,,0,"WIN10 Pro",2020-02-02,,"Win 10 Pro",N4WY6-V6RT8-JWYVJ-XQFXD-4GDGT,
BD-02996,,na,SDLD495B,Computer,Desktop,Assigned,K7M0KC42584869N,Asus,"Asus Prime H310-E R2.0",40000,2020-02-09,"Global Brands Pvt Ltd.",Na,"Md Moshin","Quality Assurance",SWR,SDL,"Shanta Denim Limited",mmoshin,,"Asus H310M ER2.0","Intel Core i3 9100",3.6,,1024,8192,,,0,"WIN 11 Pro",2025-04-22,,"Win 10 Pro",YG9T4-N7JWB-R2D68-8CDR9-MG9TT,
BD-02997,21004000260,A001INV19001196,,Printer,"Barcode Printer",Stock,MH219120058,TSC,MH240T,70000,2019-09-24,"DIGI Solution",SDL2000144,spare,"Marketing & Merchandising",SWR,SIL,"Shanta Denim Limited",,,,,,,,,,,0,,,,,,
BD-02998,21004000261,A001INV19001196,,Printer,"Barcode Printer",Assigned,MH219080188,TSC,MH240T,70000,2019-09-24,"DIGI Solution",SDL2000144,"Store Loading area SDL",Operations,LWR,SDL,"Shanta Denim Limited",,,,,,,,,,,0,,,,,,
BD-02999,11004000257,INV-UT-2020-150101,,Printer,"Barcode Printer",Assigned,MH219450400,TSC,MH240T,71425,2020-01-15,"Eastern IT",SIL000118,"Store Loading Area 1- Swatch2",MIS,LWR,SIL,"Shanta Denim Limited",,,,,,,,,,,0,,,,,,
BD-03000,,INV-UT-2020-150101,,Printer,"Barcode Printer",Stock,MH219510272,TSC,MH240T,71425,2020-01-15,"Eastern IT",SDL2000171,,MIS,LWR,SIL,"Shanta Denim Limited",,,,,,,,,,,0,,,,,,
BD-03001,,INV-GBPGL-2019-006324,DBOD045A,Computer,Desktop,Assigned,K4M0KK026686Z38,Clone,"Prime H310M-F R2.0",33937,2019-10-09,"Global Brands Pvt Ltd.",HO3000031,"Aolad Khan",Commercial,LWR,HO,"Dhaka Buying Office",aokhan,,"Asus Prime H310M-F R2.0","Intel Core i3 8100",3.6,,1024,8192,,,0,"Win 11",2025-04-26,,"Win 10 Pro",MNT34-CKG82-P3CT7-67G9X-Y7V26,
BD-03002,,na,,Display,Monitor,Assigned,123,Viewsonic,VA2256,9200,2020-02-25,"UCC Headquarters",1209,"Taslima Munni","Marketing & Merchandising",LWR,DBO,"Dhaka Buying Office",tmunni,,,,,,,,,,0,,,,,,
BD-03003,,na,,UPS,UPS,Stock,310022928983226400066,NPS,KST1200,4900,2020-04-02,"Numeric Technology ",Na,,MIS,LWR,SDL,"Shanta Denim Limited",,,,,,,,,,,0,,,,,,
BD-03004,,na,,UPS,UPS,Assigned,6400065,NPS,KST1200,4900,2020-01-01,"Numeric Technology",NA,"Using for AKH network equip",MIS,LWR,DBO,"Dhaka Buying Office",,,,,,,,,,,0,,,,,,
BD-03005,11004000258,na,,Printer,"Barcode Printer",Assigned,MH219510272,TSC,MH240T,61000,2020-01-01,"Eastern IT",Na,"Warehouse Fabric Issue SIL ",Operations,LWR,SDL,"Shanta Denim Limited",,,,,,,,,,,0,,,,,,
BD-03006,21004000254,na,SDLL269A,Computer,Laptop,Assigned,5CD9129CFZ,HP,"Probook 440 G6",58000,2019-10-07,"Flora Limited",n/a,"MAsud Sikder","Marketing & Merchandising",LWR,SIL,"Shanta Denim Limited",msikder,,,"Core i5 8256U",1.80,250,,8192,,,0,"WIN10 Pro",2020-03-12,B-0213,"Win 10 Pro",QNW8K-784BJ-8V24H-Q3T96-Y98XC,
BD-03007,21004000255,SML/MC/50/19-20,DBOL147,Computer,Laptop,Assigned,5CD9129CFW,HP,"Probook 440 G6",58000,2019-10-07,"Flora Limited",Na,"Abu Naiem","Finance & Acounts",LWR,HO,"Dhaka Buying Office",anaiem,,,"Intel Core i5",1.80,250,,8192,,,70000,"WIN10 Pro",2020-03-11,B-0366,"Win 10 Pro",,
BD-03008,,INV-GBPGL-2020-001364,SDLD497,Computer,Desktop,Assigned,K7M0KC425935WHG,Clone,"Asus Prime H310-E R2.0",41410,2020-02-29,"Global Brands Pvt Ltd.",SWWL6000056,"Shoriful Islam",Design,LWR,SWL,"Shanta Denim Limited",shorislam,,Asus,"Intel Core i3 9100",,,1024,8192,,,0,"WIN10 Pro",2020-03-12,,"Win 10 Pro",7C8KP-YNVYX-GYGDX-VCW7W-2GYP6,
BD-03009,,INV-GBPGL-2020-000551,SDLD496,Computer,Desktop,Assigned,K7M0KC425938JTY,Clone,"Asus H310M-E R2.0",41410,2020-02-10,"Global Brands Pvt Ltd.",SDL2000182,"Siddiqur Rahman",MIS,LWR,SDL,"Shanta Denim Limited",sidrahman,,"Asus  Prime H310-ER2.0","Intel Core i3 9100",3.20,,1024,,,,0,"WIN10 Pro",2020-03-12,,"Win 10 Pro",X4NTX-B686W-6GVGX-V9G4P-3YH26,
BD-03010,,n/a,,"Computer Accessories",Headset,Assigned,18B030H120001393,Rapoo,H120,925,2020-11-01,"Global Brands Pvt Ltd.",Na,"Shahin Hossain2",Technical,LWR,DBO,"Dhaka Buying Office",ShahiHossain,,,,,,,,,,0,,,,,,
BD-03011,21004000256,SML/MC/50/19-20,SDLL270A,Computer,Laptop,Assigned,5CD9129CFX,HP,"Probook 440 G6",57000,2019-08-04,"Flora Limited",SDL2000154,"Rokhsana Akter","Human Resource",LWR,SIL,"Shanta Denim Limited",rokakter,6KB54PA,,"Intel Core i5 8265U",1.8,256,,8192,,,69000,"WIN10 Pro",2023-07-18,N/A,"WIN10 Pro",BQQQV-HWN88-89CTY-FYCKH-KHJXG,
BD-03012,,202006011,,UPS,UPS,Assigned,310022928983226400191,NPS,KST1200,4900,2020-06-01,"Numeric Technology",SDL2000191,"Asish Kumar",Operations,LWR,SDL,"Shanta Denim Limited",askumar,,,,,,,,,,0,,,,,,
BD-03013,,202006011,,UPS,UPS,Assigned,310022928983226400119,NPS,KST1200,4900,2020-06-01,"Numeric Technology",SDL2000191,"Nazmul Islam","Marketing & Merchandising",LWR,SIL,"Shanta Denim Limited",mislam,,,,,,,,,,0,,,,,,
BD-03014,,na,,"Computer Accessories",Headset,Assigned,199010H1200229,Rapoo,H120,750,2020-06-22,"Global Brands Pvt Ltd.",SDL2000191,"Liton Nuruzzaman","Marketing & Merchandising",LWR,SIL,"Shanta Denim Limited",nliton,,,,,,,,,,0,,,,,,
BD-03015,,202006011,,UPS,UPS,Stock,310022928983226400130,NPS,KST1200,4900,2020-06-01,"Numeric Technology",SDL2000191,,MIS,LWR,SIL,"Shanta Denim Limited",,,,,,,,,,,0,,,,,,
BD-03016,,202006011,,UPS,UPS,Stock,310022928983226400129,NPS,KST1200,4900,2020-06-01,"Numeric Technology",SDL2000191,,MIS,LWR,SIL,"Shanta Denim Limited",,,,,,,,,,,0,,,,,,
BD-03017,,202006011,,UPS,UPS,Stock,310022928983226400128,NPS,KST1200,4900,2020-06-01,"Numeric Technology",SDL2000191,,MIS,LWR,SIL,"Shanta Denim Limited",,,,,,,,,,,0,,,,,,
BD-03018,,202006011,,UPS,UPS,Assigned,310022928983226400127,NPS,KST1200,4900,2020-06-01,"Numeric Technology",SDL2000191,"Nazrul Islam 4","Qaulity Assurance",LWR,SIL,"Shanta Denim Limited",nazruislam,,,,,,,,,,0,,,,,,
BD-03019,,n/a,,"Computer Accessories",Headset,Assigned,199010H1200230,Rapoo,H120,1000,2020-06-01,"Global Brands Pvt Ltd.",SDL2000191,"Quazi Akhtaruzzaman","Quality Assurance",LWR,SIL,"Shanta Denim Limited",qakhtaruzzaman,,,,,,,,,,0,,,,,,
BD-03020,,n/a,,"Computer Accessories",Webcam,Assigned,00000000000000,A4tech,PK-910H,3000,2020-06-01,"Global Brands Pvt Ltd.",000000000000,"Anca Alexe",Technical,LWR,DBO,"CastleCrafts Limited",aalexe,,,,,,,,,,0,,,,,,
BD-03021,,n/a,,"Computer Accessories",Headset,Assigned,199010H1200237,Rapoo,H120,800,2020-06-01,"Global Brands Pvt Ltd.",SDL2000191,"Faisal Ahmed 2",Fabric,LWR,SIL,"Shanta Denim Limited",faiahmed,,,,,,,,,,0,,,,,,
BD-03022,,na,,"Computer Accessories",Headset,Assigned,199010H1200236,Rapoo,H120,1000,2020-06-01,"Global Brands Pvt Ltd.",SDL2000191,"Siddikur Rahman",Design,LWR,SIL,"Shanta Denim Limited",sirahman,,,,,,,,,,0,,,,,,
BD-03023,,INV-GBPGL-2020-002483,SDLD500A,Computer,Desktop,Assigned,K7M0KC425935GHW,Clone,"Asus  Prime H310M-E R2.0",40000,2020-04-27,"Global Brands Pvt Ltd.",SWWL600058,"Mohammad Hamidul","Finance & Acounts",LWR,SIL,"Shanta Denim Limited",mhamidul,,Asus,"Intel Core i3 9100",3.6,500,,8192,,,0,"WIN10 Pro",2021-09-05,,"Win 10 Pro",W8B4N-RV3VJ-2C4R4-B42FK-T83GP,
BD-03024,,INV-GBPGL-2020-02426,DBOD052,Computer,Desktop,Assigned,K7M0KC425935WHG,Clone,"Asus  Prime H310M-E R2.0",40000,2020-06-23,"Global Brands Pvt Ltd.",SDL2000192,"Shefaet Shanto",Commercial,LWR,HO,"Dhaka Buying Office",sshanto,,Asus,"Intel Core i3 9100",3.30,256,,8192,,,0,"WIN10 Pro",2021-10-30,,"Win 10 Pro",BR94N-K9G7V-CYH9Y-G3RTK-3RR9G,
BD-03025,,n/a,,"Computer Accessories",Webcam,Assigned,1934LZ55T,Logitech,C270,17000,2020-06-06,"MS Khan Brothers Computer",SIL0000122,,MIS,LWR,SIL,"Shanta Denim Limited",,,,,,,,,,,0,,,,,,
BD-03026,,1,,"Computer Accessories",Webcam,Stock,2020LZ56ESZ9,Logitech,C270,1,2020-07-19,"MS Khan Brothers Computer",SDL2000197,,MIS,LWR,SIL,"Shanta Denim Limited",,,,,,,,,,,0,,,,,,
BD-03027,,1,,"Computer Accessories",Webcam,Service,2023LZ50LXC8,Logitech,C270,1,2020-07-19,"MS Khan Brothers Computer",SDL2000197,,MIS,LWR,SDL,"Shanta Denim Limited",,,,,,,,,,,0,,,,,,
BD-03028,,1,,"Computer Accessories",Webcam,Assigned,2017LZ50VQY8,Logitech,C270,1,2020-07-19,"MS Khan Brothers Computer",N/A,"MD Shamim","Sampel Development",LWR,SDL,"Shanta Denim Limited",mshamim,,,,,,,,,,0,,,,,,
BD-03029,,1,,"Computer Accessories",Webcam,Assigned,2017LZ50VU38,Logitech,C270,1,2020-07-19,"MS Khan Brothers Computer",N/A,"Anwar Hossain","Qaulity Assurance",LWR,SDL,"Shanta Denim Limited",anhossain,,,,,,,,,,0,,,,,,
BD-03030,,n/a,,UPS,UPS,Assigned,310022928983226400192,NPS,KST-1200,5100,2020-08-08,"Numeric Technology",SDL2000180,"Khairun Naher",PCC,LWR,SDL,"Shanta Denim Limited",knaher,,,,,,,,,,0,,,,,,
BD-03031,,n/a,,UPS,UPS,Assigned,310022928983226400045,NPS,KST1200,5100,2020-09-07,"Numeric Technology",SDL2000191,"Iqbal Hossain","Human Resource",LWR,SDL,"Shanta Denim Limited",ihossain,,,,,,,,,,0,,,,,,
BD-03032,,n/a,,"Computer Accessories",Speaker,Stock,00010189899,Jabra,510,12000,2020-09-10,"MS Khan Brothers Computer",N/A,Ridoan,MIS,LWR,SIL,"Shanta Denim Limited",,7510-109,,,,,,,,,0,,,,,,
BD-03033,,INV-GBPGL-2020-004156,,"Computer Accessories",Headset,Assigned,207020H1201678,Rapoo,H120,950,2020-09-12,"Global Brands Pvt Ltd.",SDL2000202,"Shakil Hossain",Planning,LWR,SDL,"Shanta Denim Limited",shhossain,,,,,,,,,,0,,,,,,
BD-03034,,INV-GBPGL-2020-004157,,"Computer Accessories",Headset,Assigned,207020H1201680,Rapoo,H120,950,2020-09-12,"Global Brands Pvt Ltd.",SIL0000124,"Rasel Mia","Industrial Engineering",LWR,SIL,"Shanta Denim Limited",rmia,,,,,,,,,,0,,,,,,
BD-03035,,INV-GBPGL-2020-004156,,"Computer Accessories",Headset,Assigned,207020H1201677,Rapoo,H120,950,2020-09-12,"Global Brands Pvt Ltd.",SDL2000202,"Masum Mahbub",MIS,LWR,SIL,"Shanta Denim Limited",mmasum,,,,,,,,,,0,,,,,,
BD-03036,,INV-GBPGL-2020-004157,,"Computer Accessories",Headset,Assigned,207020H1201679,Rapoo,H120,950,2020-09-12,"Global Brands Pvt Ltd.",SIL0000124,"Asif Khan","Marketing & Merchandising",LWR,SIL,"Shanta Denim Limited",askhan,,,,,,,,,,0,,,,,,
BD-03037,,INV-GBPGL-2020-004157,,"Computer Accessories",Headset,Assigned,207020H1201671,Rapoo,H120,950,2020-09-12,"Global Brands Pvt Ltd.",SIL0000124,"Nazmul Karim","Marketing & Merchandising",LWR,SIL,"Shanta Denim Limited",nkarim,,,,,,,,,,0,,,,,,
BD-03038,,INV-GBPGL-2020-004157,,"Computer Accessories",Headset,Assigned,207020H1201676,Rapoo,H120,950,2020-09-12,"Global Brands Pvt Ltd.",SIL0000124,"Mamun Abdullah",Costing,LWR,SIL,"Shanta Denim Limited",amamun,,,,,,,,,,0,,,,,,
BD-03039,,0,,"Computer Accessories",Headset,Assigned,207020H1201675,Rapoo,H120,950,2020-09-20,"Global Brands Pvt Ltd.",SDL2000191,"Sayem Salauddin",Procurement,LWR,HO,"Dhaka Buying Office",ssayem,,,,,,,,,,0,,,,,,
BD-03040,,INV-GBPGL-2020-004156,,"Computer Accessories",Headset,Assigned,207020H1201666,Rapoo,H120,950,2020-09-12,"Global Brands Pvt Ltd.",SDL2000202,"Mahtab Hossain",Finance,LWR,HO,"Shanta Denim Limited",Mahossain,,,,,,,,,,0,,,,,,
BD-03041,,INV-GBPGL-2020-004156,,"Computer Accessories",Headset,Assigned,207020H1201672,Rapoo,H120,950,2020-09-12,"Global Brands Pvt Ltd.",SDL2000202,"Masud Hossain",Finance,LWR,HO,"Shanta Denim Limited",mhossain,,,,,,,,,,0,,,,,,
BD-03042,,INV-GBPGL-2020-004156,,"Computer Accessories",Headset,Assigned,207020H1201673,Rapoo,H120,950,2020-09-12,"Global Brands Pvt Ltd.",SDL2000202,"Gias Almamun",Finance,LWR,HO,"Shanta Denim Limited",galmamun,,,,,,,,,,0,,,,,,
BD-03043,,INV-GBPGL-2020-004156,,"Computer Accessories",Headset,Assigned,207020H1201674,Rapoo,H120,950,2020-09-12,"Global Brands Pvt Ltd.",SDL2000202,"Anwarul Islam",Commercial,LWR,HO,"Shanta Denim Limited",anislam,,,,,,,,,,0,,,,,,
BD-03044,,INV-GBPGL-2020-004156,,"Computer Accessories",Headset,Assigned,207020H1201667,Rapoo,H120,950,2020-09-12,"Global Brands Pvt Ltd.",SDL2000202,"Md Moniruzzaman2","Marketing & Merchandising",MWR,DBO,"CastleCrafts Limited",mmoniruzzaman,,,,,,,,,,0,,,,,,
BD-03045,,INV-GBPGL-2020-004156,,"Computer Accessories",Headset,Assigned,207020H1201668,Rapoo,H120,950,2020-09-12,"Global Brands Pvt Ltd.",SDL2000202,"MD Ziauddin",MIS,LWR,SIL,"Shanta Denim Limited",mziauddin,,,,,,,,,,0,,,,,,
BD-03046,,INV-GBPGL-2020-004156,,"Computer Accessories",Headset,Disposed,207020H1201669,Rapoo,H120,950,2020-09-12,"Global Brands Pvt Ltd.",SDL2000202,"Mohammad Shafiq",Planning,LWR,SIL,"Shanta Denim Limited",mshafiq,,,,,,,,,,0,,,,,,
BD-03047,,INV-GBPGL-2020-004156,,"Computer Accessories",Headset,Stock,207020H1201670,Rapoo,H120,950,2020-09-12,"Global Brands Pvt Ltd.",SDL2000202,,MIS,LWR,SIL,"Shanta Denim Limited",,,,,,,,,,,0,,,,,,
BD-03048,,INV-GBPGL-2020-004156,,"Computer Accessories",Headset,Assigned,207020H1201663,Rapoo,H120,950,2020-09-12,"Global Brands Pvt Ltd.",SDL2000202,"Anisur Rahman",Procurement,LWR,HO,"Shanta Denim Limited",anisrahman,,,,,,,,,,0,,,,,,
BD-03049,,INV-GBPGL-2020-004156,,"Computer Accessories",Headset,Assigned,207020H1201661,Rapoo,H120,950,2020-09-12,"Global Brands Pvt Ltd.",SDL2000202,"Harunur Rashid","Finance & Acounts",LWR,HO,"Dhaka Buying Office",harashid,,,,,,,,,,0,,,,,,
BD-03050,,n/a,,Display,Monitor,Assigned,001NTPC2V040,LG,22MK600M,10000,2020-08-08,"Global Brands Pvt Ltd.",N/A,"Abdullah Omor","Marketing & Merchandising",LWR,SIL,"Shanta Denim Limited",aomor,,,,,,,,,,0,,,,,,
BD-03051,,INV-GBPGL-2020-004156,,"Computer Accessories",Headset,Assigned,207020H1201664,Rapoo,H120,950,2020-09-12,"Global Brands Pvt Ltd.",SDL2000202,"Baidyanath Saha",Quality,MWR,DBO,"Dhaka Buying Office",bsaha,,,,,,,,,,0,,,,,,
BD-03052,,INV-GBPGL-2020-004156,,"Computer Accessories",Headset,Assigned,207020H1201659,Rapoo,H120,950,2020-09-12,"Global Brands Pvt Ltd.",SDL2000191,"Tofayel Ahmed",Finance,LWR,HO,"Dhaka Buying Office",toahmed,,,,,,,,,,0,,,,,,
BD-03053,,n/a,,"Computer Accessories",Keyboard,Assigned,PP2E9110,Rapoo,E9110,4000,2020-10-16,"Global Brands Pvt Ltd.",N/A,"Paul Warren",Finance,LWR,SIL,"Shanta Denim Limited",pwarren,,,,,,,,,,0,,,,,,"Purchased from PC carnival"
BD-03054,,n/a,,"Computer Accessories",Keyboard,Assigned,16303X81000054,Rapoo,K8100,4000,2020-10-16,"Global Brands Pvt Ltd.",N/A,"Nabil Mansur",Finance,LWR,SIL,"Shanta Denim Limited",nmansur,,,,,,,,,,0,,,,,,
BD-03055,,n/a,,"Computer Accessories",Speaker,Assigned,PS20BJNW,Perfect,D7,600,2020-10-26,"MS Khan Brothers Computer",N/A,"TCQC Shanta/ Mannan","Qaulity Assurance",LWR,SIL,"Shanta Denim Limited",tcqcshanta,,,,,,,,,,0,,,,,,
BD-03056,,n/a,,Display,Monitor,Assigned,001NTTQ2V241,LG,22MK600M-B,11500,2020-09-22,"Global Brands Pvt Ltd.",N/A,"TR Talent","Human Resource",LWR,SIL,"Shanta Denim Limited",ttalent,,,,,,,,,,0,,,,,,
BD-03057,,1494/2020,,"Computer Accessories",Webcam,Assigned,1934LZ55T9L9,Logitech,C930e,18000,2020-06-17,"MS Khan Brothers Computer",SIL0000122,"Shofiqul Islam",Quality,MWR,DBO,"CastleCrafts Limited",shislam,,,,,,,,,,0,,,,,,
BD-03058,,n/a,,"Computer Accessories",Headset,Assigned,207020H1201665,Rapoo,H120,950,2020-09-12,"Global Brands Pvt Ltd.",N/A,"Abu Rahat",Finance,LWR,HO,"Dhaka Buying Office",arahat,,,,,,,,,,0,,,,,,
BD-03059,,n/a,,"Computer Accessories",Headset,Assigned,207020H1201658,Rapoo,H120,950,2020-08-12,"Global Brands Pvt Ltd.",N/A,"Saif Uddin",Fabric,MWR,DBO,"Dhaka Buying Office",suddin,,,,,,,,,,0,,,,,,
BD-03060,21004000265,n/a,,CCTV,"CCTV Camera",Assigned,5K002F1PAG05ECF,Dahua,DH-IPC-B1B20P-L,5000,2020-09-09,"MS Khan Brothers Computer",N/A,,MIS,LWR,SIL,"Shanta Denim Limited",,,,,,,,,,,0,,,,,,
BD-03061,,n/a,,CCTV,"CCTV Camera",Assigned,5H0529CPAG75319,Dahua,DH-IPC-HFW1320MP-AS-I1,8500,2020-11-07,"MS Khan Brothers Computer",N/A,,MIS,LWR,SIL,"Shanta Denim Limited",,,,,,,,,,,0,,,,,,
BD-03062,,B-1352384,DBOL148B,Computer,Laptop,Assigned,5CG036143J,Hp,"Elitebook G7",91000,2020-11-19,"Ryans Computers",SDL2000216,Paul,Finance,LWR,HO,"Dhaka Buying Office",pwarren,8PZ96AV,,"Intel Core i5",,500,,,,,0,,2025-06-22,,,RP9CP-94NK7-QKDMF-XRKBY-RC2KG,"Hp Elitebook 840 G7pwarrenCapex SDL 2006"
BD-03063,,n/a,,"Computer Accessories",Speaker,Assigned,n/a,Havit,HV-SK486,500,2020-11-28,"MS Khan Brothers Computer",N/A,,MIS,LWR,SIL,"Shanta Denim Limited",,,,,,,,,,,0,,,,,,
BD-03064,,n/a,SDLD350G,Computer,Desktop,Assigned,L1M0KC78740XUC,Asus,"Prime H310M-E R2.0",40850,2020-10-20,"Global Brands Pvt Ltd.",N/A,"Susanto Pall","Sampel Development",LWR,SIL,"Shanta Denim Limited",spall,,Asus,"Intel Core i3 9100",3.6,256,,8192,,,0,"Win 10 Pro",2023-12-12,,"Win 10 Pro",7MH3N-DJPVQ-DDRFR-P8HQK-V22KG,
BD-03065,,n/a,SDLD506B,Computer,Desktop,Assigned,L8M0KC374602HD6,Clone,"Asus  Prime H310M-E R2.0",40850,2020-11-20,"Global Brands Pvt Ltd.",N/A,"Zannatul Naim","Goods Inwards",LWR,SIL,"Shanta Denim Limited",naim,,Asus,"Intel Core i3 10100",3.6,256,,8192,,,0,"WIN10 Pro",2021-10-09,,"Win 10 Pro",HB7XK-PCN4X-D3MR9-RVVDK-QV66T,
BD-03066,,B-,,Display,Monitor,Assigned,ZZS5H4ZMB00014,Samsung,S27F350FHW,25000,2020-12-06,"Ryans IT Ltd",SHO,"Andrew Graham",Finance,LWR,HO,"Dhaka Buying Office",agraham,,,,,,,,,,0,,,,,,
BD-03067,,INV-GBL,,Display,Monitor,Stock,010NTTQ04281,LG,24MK600M,15000,2020-12-06,"Global Brands Pvt Ltd.",SHO,"spare dbo server room",MIS,LWR,HO,"Dhaka Buying Office",spare,,,,,,,,,,0,,,,,,
BD-03068,,n/a,,Network,Router,"Need to Dispose",Q2PN-6RPN-36K8,Cisco,"Meraki MX84",0,2020-12-09,"Global Brands Pvt Ltd.",N/A,,MIS,LWR,SDL,"Shanta Denim Limited",,,,,,,,,,,0,,,,,,"The product received from UK at 12 Dec2020"
BD-03069,,INV-GBPGL-2020-05980,SDLD504,Computer,Desktop,Assigned,L8M0KC37461377N,Clone,"Asus  Prime H410M-CS",40000,2020-12-06,"Global Brands Pvt Ltd.",SIL0000135,"Haque Anamul",Planning,LWR,SDL,"Shanta Denim Limited",ahaque,,Asus,"Intel Core i3 10100",3.6,500,,8192,,,52500,"WIN11 Pro",2025-08-19,,8WQCN-2YYKQ-P8GRP-GVHB6-8TYP6,03308020300280,"SSD Installed on 19082025"
BD-03070,,n/a,,"Computer Accessories",Headset,Assigned,207020H1201662,Rapoo,H120,1050,2020-11-12,"Global Brands Pvt Ltd.",N/A,"Asif Azad",Costing,LWR,SIL,"Shanta Denim Limited",aazad,,,,,,,,,,0,,,,,,
BD-03071,,n/a,,"Computer Accessories",Headset,"Need to Dispose",207020H1201656,Rapoo,H120,1050,2020-11-12,"Global Brands Pvt Ltd.",N/A,"Poli Rani","Industrial Engineering",LWR,SIL,"Shanta Denim Limited",prani,,,,,,,,,,0,,,,,,
BD-03072,,n/a,,Display,Monitor,Assigned,001NTCZ2V523,LG,22MK600M,11000,2020-09-09,"Global Brands Pvt Ltd.",N/A,"Chamal Sembupperuma",Costing,LWR,SIL,"Shanta Denim Limited",csembupperuma,,,,,,,,,,0,,,,,,
BD-03073,,n/a,,"Computer Accessories",Speaker,Assigned,101A1J6F1GA,Jabra,410,14000,2020-09-12,"MS Khan Brothers Computer",N/A,"Rasanga Ranasinghe ",Operation,LWR,SIL,"Shanta Denim Limited",rranasinghe,,,,,,,,,,0,,,,,,
BD-03074,,n/a,,Display,Monitor,Assigned,001NTHM2V593,LG,22MK600M-B,11000,2020-09-12,"Global Brands Pvt Ltd.",na,"Shaheen Hasan","Human Resource",LWR,SDL,"Shanta Denim Limited",hshaheen,,,,,,,,,,0,,,,,,
BD-03075,,2012213,,UPS,UPS,Assigned,310022928983226400004,NPS,KST1200,4900,2020-12-23,"Numeric Technology",SIL0000140,"Russel Ahmed",Planning,LWR,SIL,"Shanta Denim Limited",ruahmed,,,,,,,,,,0,,,,,,
BD-03076,,n/a,SDLD507D,Computer,Desktop,Assigned,KCM0KC484731J6P,Clone,"Asus H310M-D R2.0",40000,2020-12-12,"Global Brands Pvt Ltd.",na,Rokib.Hossan,"Industrial Engineering",LWR,SDL,"Shanta Denim Limited",rhossan,,Asus,"Intel Core i3 9100",3.90,,1024,,,,0,"WIN10 Pro",2021-01-28,,"Win 10 Pro",NGCWM-Q7RKY-PDT8R-XW66R-2KCKG,
BD-03077,110011000015,SML/MC/228/20-21,DBOL150,Computer,Laptop,Assigned,5CD044CDYR,HP,"Probokk 450 G7",67465,2020-12-29,"Flora Limited",SIL0000136,"Md Abujar",Finance,LWR,HO,"Dhaka Buying Office",mabujar,,,"Intel Core i5 10210U",1.6,,1024,8192,,,0,"WIN10 Pro",2021-01-15,,"Win 10 Pro",H3DWN-3TQRT-RJ398-HVDY2-JB49G,
BD-03078,11004000260,A001INV21000062,SDLP063,Printer,"Barcode Printer",Assigned,MH219510261,TSC,MH240T,64300,2021-01-14,"DIGI Solution",SIL0000146,"Store Loading Area 1- Swatch1",Store,LWR,SIL,"Shanta Denim Limited",snabin,99-060A002-000K,,,,,,,10.140.7.63,,64300,,,,,,
BD-03079,11004000261,A001INV21000062,,Printer,"Barcode Printer","Need to Dispose",MH219510262,TSC,MH240T,64300,2021-01-14,"DIGI Solution",SIL0000146,"SDL Cutting - Laysheet label",Cutting,LWR,SDL,"Shanta Denim Limited",,99-060A002-000K,,,,,,,,,0,,,,,,
BD-03080,11004000262,A001INV21000062,,Printer,"Barcode Printer",Assigned,MH219510263,TSC,MH240T,64300,2021-01-14,"DIGI Solution",SIL0000146,"SIL Super Market Area- Laysheet Label",Operation,LWR,SIL,"Shanta Denim Limited",,,,,,,,,,,0,,,,,,
BD-03080,11004000262,A001INV21000062,,Printer,"Barcode Printer",Assigned,MH219510263,TSC,MH240T,64300,2021-01-14,"DIGI Solution",SIL0000146,"SIL Super Market Area- Laysheet Label",Operation,LWR,SIL,"Shanta Denim Limited",,,,,,,,,,,0,,,,,,
BD-03080,11004000262,A001INV21000062,,Printer,"Barcode Printer",Assigned,MH219510263,TSC,MH240T,64300,2021-01-14,"DIGI Solution",SIL0000146,"SIL Super Market Area- Laysheet Label",Operation,LWR,SIL,"Shanta Denim Limited",,,,,,,,,,,0,,,,,,
BD-03081,11004000263,A001INV21000062,,Printer,"Barcode Printer",Assigned,MH219510264,TSC,MH240T,64300,2021-01-14,"DIGI Solution",SIL0000146,"SDL Server ",MIS,LWR,SIL,"Shanta Denim Limited",,99-060A002-000K,,,,,,,,,0,,,,,,
BD-03082,,INV-GBPGL-2021-000477,,"Computer Accessories",Headset,Assigned,20B010H120002868,Rapoo,H120,950,2021-01-21,"Global Brands Pvt Ltd.",SIL0000148,"Golam Kabir","Marketing & Merchandising",LWR,DBO,"Shanta Denim Limited",gkabir,,,,,,,,,,0,,,,,,
BD-03083,,INV-GBPGL-2021-000477,,"Computer Accessories",Headset,Assigned,20B010H120002873,Rapoo,H120,950,2021-01-21,"Global Brands Pvt Ltd.",SIL0000148,"Afrina Akter",Commercial,LWR,HO,"Dhaka Buying Office",aakter,,,,,,,,,,0,,,,,,
BD-03084,,INV-GBPGL-2021-000477,,"Computer Accessories",Headset,Assigned,20B010H120001661,Rapoo,H120,950,2021-01-21,"Global Brands Pvt Ltd.",SIL0000148,"Abul Basher",Quality,LWR,DBO,"Dhaka Buying Office",abasher,,,,,,,,,,0,,,,,,
BD-03085,,INV-GBPGL-2021-000477,,"Computer Accessories",Headset,Assigned,20B010H120001664,Rapoo,H120,950,2021-01-21,"Global Brands Pvt Ltd.",SIL0000148,"Saiful Islam2",Technical,LWR,DBO,"Dhaka Buying Office",saiislam,,,,,,,,,,0,,,,,,
BD-03086,,INV-GBPGL-2021-000477,,"Computer Accessories",Headset,Assigned,20B010H120001655,Rapoo,H120,950,2021-01-21,"Global Brands Pvt Ltd.",SIL0000148,"Bulbul Ahmed","Marketing & Merchandising",LWR,DBO,"Dhaka Buying Office",buahmed,,,,,,,,,,0,,,,,,
BD-03087,,n/a,,CCTV,"CCTV Camera",Assigned,5J0A437PAGE4DAC,Dahua,DH-IPC-T1B20P-L,5000,2021-01-01,"MS Khan Brothers Computer",na,,MIS,LWR,SDL,"Shanta Denim Limited",,,,,,,,,10.140.21.20,,0,,,,,,
BD-03088,,STS/SG-210203,,CCTV,"CCTV Camera",Assigned,6K01169PAGD6B0A,Dahua,DH-IPC-HDW1230T1-S5,5000,2021-02-03,"MS Khan Brothers Computer",N/A,,MIS,LWR,SIL,"Shanta Denim Limited",,,,,,,,,10.140.21.135,,0,,,,,,
BD-03089,,STS/SG-210203,,CCTV,"CCTV Camera",Assigned,6L0469EPAGD64CA,Dahua,DH-IPC-HDW1230T1-S5,5000,2021-02-03,"MS Khan Brothers Computer",N/A,,MIS,LWR,SIL,"Shanta Denim Limited",,,,,,,,,10.140.21.137,,0,,,,,,
BD-03090,,STS/SG-210203,,CCTV,"CCTV Camera",Assigned,6L0469EPAG41677,Dahua,DH-IPC-HDW1230T1-S5,5000,2021-02-03,"MS Khan Brothers Computer",N/A,,MIS,LWR,SIL,"Shanta Denim Limited",,,,,,,,,10.140.21.136,,0,,,,,,
BD-03091,,INV-GBPGL-2021-00163,,Display,Monitor,Assigned,010NTTQ9Y105,LG,"22MK600M-B 21.5",10300,2021-01-06,"Global Brands Pvt Ltd.",HO3000046,"Sanaulla Bhuiyan",Finance,LWR,HO,"Dhaka Buying Office",sbhuiyan,,,,,,,,,,0,,,,,,
BD-03092,,INV-GBPGL-2021-00163,,Display,Monitor,Assigned,010NTEP9Y156,LG,"22MK600M-B 21.5",10300,2021-01-06,"Global Brands Pvt Ltd.",HO3000046,"Nazmus Mahi","Finance & Acounts",LWR,HO,"Dhaka Buying Office",nmahi,,,,,,,,,,0,,,,,,
BD-03093,,INV-GBPGL-2021-00163,,Display,Monitor,Assigned,010NTFA8L619,LG,"22MK600M-B 21.5",10300,2021-01-06,"Global Brands Pvt Ltd.",HO3000046,"Mohammad Kaiyum",Commercial,LWR,HO,"Dhaka Buying Office",mkaiyum,,,,,,,,,,0,,,,,,
BD-03094,,INV-GBPGL-2021-00163,,Display,Monitor,Assigned,010NTRL8L622,LG,"22MK600M-B 21.5",10300,2021-01-06,"Global Brands Pvt Ltd.",HO3000046,"Abu Rahat",Finance,LWR,HO,"Dhaka Buying Office",arahat,,,,,,,,,,0,,,,,,
BD-03095,,INV-GBPGL-2021-00163,,Display,Monitor,Assigned,010NTQD8L556,LG,"22MK600M-B 21.5",10300,2021-01-06,"Global Brands Pvt Ltd.",HO3000046,"Shahid Hossain",Finance,LWR,HO,"Dhaka Buying Office",shahossain,,,,,,,,,,0,,,,,,
BD-03096,,INV-GBPGL-2021-00163,,Display,Monitor,Assigned,010NTJJ8L236,LG,"22MK600M-B 21.5",10300,2021-01-06,"Global Brands Pvt Ltd.",HO3000046,"Devbrata Mozumder",Commercial,LWR,HO,"Dhaka Buying Office",dmozumder,,,,,,,,,,0,,,,,,
BD-03097,,INV-GBPGL-2021-00163,,Display,Monitor,Assigned,010NTRL8L550,LG,"22MK600M-B 21.5",10300,2021-01-06,"Global Brands Pvt Ltd.",HO3000046,"Rafiqul Islam",Commercial,LWR,HO,"Dhaka Buying Office",raislam,,,,,,,,,,0,,,,,,
BD-03098,,INV-GBPGL-2021-00163,,Display,Monitor,Assigned,010NTXR9X778,LG,"22MK600M-B 21.5",10300,2021-01-06,"Global Brands Pvt Ltd.",HO3000046,"Akter Imam",Finance,LWR,HO,"Dhaka Buying Office",aimam,,,,,,,,,,0,,,,,,
BD-03099,,INV-GBPGL-2021-00163,,Display,Monitor,Assigned,010NTXR8L618,LG,"22MK600M-B 21.5",10300,2021-01-06,"Global Brands Pvt Ltd.",HO3000046,"Mozammel Hossain",Commercial,LWR,HO,"Dhaka Buying Office",mozhossain,,,,,,,,,,0,,,,,,
BD-03100,,INV-GBPGL-2021-00163,,Display,Monitor,Assigned,010NTMX8L611,LG,"22MK600M-B 21.5",10300,2021-01-06,"Global Brands Pvt Ltd.",HO3000046," Kazi Marufa","Human Resource",LWR,HO,"Dhaka Buying Office",Kmarufa,,,,,,,,,,0,,,,,,
BD-03101,,INV-GBPGL-2021-00163,,Display,Monitor,Assigned,010NTFA8L355,LG,"22MK600M-B 21.5",10300,2021-01-06,"Global Brands Pvt Ltd.",HO3000046,"Monjurul Islam",Commercial,LWR,HO,"Dhaka Buying Office",monislam,,,,,,,,,,0,,,,,,
BD-03102,,INV-GBPGL-2021-00163,,Display,Monitor,Assigned,010NTSU8L462,LG,"22MK600M-B 21.5",10300,2021-01-06,"Global Brands Pvt Ltd.",HO3000046,"Anisur Rahman3",Procurement,LWR,HO,"Dhaka Buying Office",anisrahman,,,,,,,,,,0,,,,,,
BD-03103,,INV-GBPGL-2021-00163,,Display,Monitor,Assigned,010NTTQ8L633,LG,"22MK600M-B 21.5",10300,2021-01-06,"Global Brands Pvt Ltd.",HO3000046,"Wahid Muhammed",Commercial,LWR,HO,"Dhaka Buying Office",wmuhammed,,,,,,,,,,0,,,,,,
BD-03104,,INV-GBPGL-2021-00163,,Display,Monitor,Assigned,010NTCZ8L555,LG,"22MK600M-B 21.5",10300,2021-01-06,"Global Brands Pvt Ltd.",HO3000046,"Mohammad Faridul",Finance,LWR,HO,"Dhaka Buying Office",mfaridul,,,,,,,,,,0,,,,,,
BD-03105,,INV-GBPGL-2021-00225,,Display,Monitor,Assigned,010NTRL9X398,LG,"22MK600M-B 21.5",10300,2021-01-11,"Global Brands Pvt Ltd.",HO3000047,"Md Abujar",Finance,LWR,HO,"Dhaka Buying Office",mabujar,,,,,,,,,,0,,,,,,
BD-03106,,n/a,,"Computer Accessories",Headset,Assigned,20B010H120001656,Rapoo,H120,950,2021-01-25,"Global Brands Pvt Ltd.",N/A,"Obaidur Rahman","Marketing & Merchandising",LWR,SIL,"Shanta Denim Limited",orahman,,,,,,,,,,0,,,,,,
BD-03107,,B-1417372,,"Computer Accessories",Webcam,Assigned,2031LZ57Z4W9,Logitech,C930e,11850,2021-02-07,"Ryans IT Ltd",DBO5000079,,MIS,LWR,SIL,"Shanta Denim Limited",,,,,,,,,,,0,,,,,,
BD-03108,11004000266,INV-GBPGL-2021-000127,SDLL278,Computer,Laptop,Assigned,PF1VLTNV,Lenovo,"Thinkpad E14",76750,2021-02-01,"Global Brands Pvt Ltd.",SIL0000148,"Soanjoy Ghosh",Planning,LWR,SIL,"Shanta Denim Limited",sghosh,SL10W47313,,"Intel Core i5 10210U",1.6,128,1024,8192,,,0,"WIN10 Pro",2021-02-11,B-465,"Win 10 Pro",NK3HB-9CGFG-KBXTX-3RKBX-4JRC6,
BD-03109,,n/a,SDLD509,Computer,Desktop,Assigned,LAM0CS1019163SX,Clone,"Asus  Prime H310M-AT R2.0",40000,2021-02-14,"Global Brands Pvt Ltd.",N/A,"Raqibul Islam","Marketing & Merchandising",LWR,SDL,"Shanta Denim Limited",raqislam,,Asus,"Intel Core i3 9100",3.6,,1024,8192,,,0,"WIN10 Pro",2021-03-09,,"Win 10 Pro",8N223-8KXDH-RM7C8-MFX4D-YBH26,
BD-03110,,n/a,SDLD180F,Computer,Desktop,Assigned,L8M0KC3747687J3,Clone,"Asus  Prime H310M-E R2.0",40000,2021-02-14,"Global Brands Pvt Ltd.",N/A,"Monsur Alam",Store,LWR,SIL,"Shanta Denim Limited",moalam,,Asus,"Intel Core i3 10100",3.6,,1024,8192,,,0,"WIN10 Pro",2021-03-14,,"Win 10 Pro",WGNTX-92B73-8CRFX-C44CR-YTDGT,
BD-03111,,n/a,,"Computer Accessories",Headset,Assigned,20B010H120002875,Rapoo,H120,950,2021-01-22,"Global Brands Pvt Ltd.",N/A,"Ziaur Rahman","Marketing & Merchandising",LWR,DBO,"Dhaka Buying Office",zrahman,,,,,,,,,,0,,,,,,
BD-03112,,n/a,,"Computer Accessories",Headset,"Need to Dispose",20B010H120001665,Rapoo,H120,950,2021-01-22,"Global Brands Pvt Ltd.",N/A,"Ex.-NurulAmin Faysal","Marketing & Merchandising",LWR,DBO,"Dhaka Buying Office",nfaysal,,,,,,,,,,0,,,,,,"Damaged seen 31/10/2023"
BD-03113,,n/a,,"Computer Accessories",Headset,Assigned,20B010H120002969,Rapoo,H120,950,2021-01-22,"Global Brands Pvt Ltd.",N/A,"Wahid Muhammed",Commercial,LWR,HO,"Dhaka Buying Office",wmuhammed,,,,,,,,,,0,,,,,,
BD-03114,11004000264,TISL/21/PCD02/011,SDLL279,Computer,Laptop,Assigned,PF2G49KG,Lenovo,"Thinkpad L14 Gen 1",75000,2021-02-02,"Thakral Information System Pvt Ltd",SIL0000136,"Zubair Ahamed",Fabric,LWR,SIL,"Shanta Denim Limited",zahamed,,,"Intel Core i5 10210U",,500,,8192,,,75000,"WIN10 Pro",2021-02-17,B-462,"Win 10 Pro",NDCPW-PK6GD-8WGXJ-RYMJT-V6DGP,
BD-03115,,n/a,,UPS,UPS,Assigned,n/a,NPS,KST1200,4900,2021-02-18,"Numeric Technology",N/A,"Screenline Rack 2",MIS,LWR,SIL,"Shanta Denim Limited",,,,,,,,,,,0,,,,,,
BD-03116,21004000267,n/a,,CCTV,"CCTV Camera",Assigned,6L06319PAGAD613,Dahua,DH-IPC-HDW1230T1-S5,4500,2021-02-22,"STS Automation",SDL2000232,,MIS,LWR,SCRLN,SDL,,,,,,,,,10.140.21.167,,0,,,,,,
BD-03117,21004000268,n/a,,CCTV,"CCTV Camera",Assigned,6L06316PAG92756,Dahua,DH-IPC-HFW1230T1-S5,4500,2021-02-22,"STS Automation",SDL2000232,,MIS,LWR,SCRLN,SDL,,,,,,,,,10.140.21.168,,0,,,,,,
BD-03118,21004000269,n/a,,CCTV,"CCTV Camera",Assigned,6L06316PAG2DBE8,Dahua,DH-IPC-HFW1230T1-S5,4500,2021-02-22,"STS Automation",SDL2000232,,MIS,LWR,SCRLN,SDL,,,,,,,,,,,0,,,,,,
BD-03119,21004000270,na,,CCTV,"CCTV Camera",Assigned,6L06316PAG29778,Dahua,DH-IPC-HFW1230T1-S5,4500,2021-02-22,"STS Automation",SDL2000232,,MIS,LWR,SCRLN,SDL,,,,,,,,,,,0,,,,,,
BD-03120,21004000271,0,,CCTV,"CCTV Camera",Assigned,6L06319PAG111CE,Dahua,DH-IPC-HDW1230T1-S5,4500,2021-02-22,"STS Automation",SDL2000232,,MIS,LWR,SCRLN,SDL,,,,,,,,,,,0,,,,,,
BD-03121,21004000272,n/a,,CCTV,"CCTV Camera",Assigned,6L06319PAG9D37E,Dahua,DH-IPC-HDW1230T1-S5,4500,2021-02-22,"STS Automation",SDL2000232,,MIS,LWR,SCRLN,SDL,,,,,,,,,10.140.21.172,,0,,,,,,
BD-03122,21004000273,n/a,,CCTV,"CCTV Camera",Assigned,6L06316PAG6AE17,Dahua,DH-IPC-HFW1230T1-S5,4500,2021-02-22,"STS Automation",SDL2000232,,MIS,LWR,SCRLN,SDL,,,,,,,,,10.140.21.173,,0,,,,,,
BD-03123,21004000274,n/a,,CCTV,"CCTV Camera",Assigned,6L06316PAGD5CEA,Dahua,DH-IPC-HFW1230T1-S5,4500,2021-02-25,"STS Automation",SDL2000232,,MIS,LWR,SCRLN,SDL,,,,,,,,,10.140.21.174,,0,,,,,,
BD-03124,21004000275,n/a,,CCTV,"CCTV Camera",Assigned,6L06316PAGD5CE7,Dahua,DH-IPC-HFW1230T1-S5,4500,2021-02-22,"STS Automation",SDL2000232,,MIS,LWR,SCRLN,SDL,,,,,,,,,10.140.21.175,,0,,,,,,
BD-03125,21004000276,n/a,,CCTV,"CCTV Camera",Assigned,6L06319PAG88B55,Dahua,DH-IPC-HDW1230T1-S5,4500,2021-02-22,"STS Automation",SDL2000232,,MIS,LWR,SCRLN,SDL,,,,,,,,,10.140.21.176,,0,,,,,,
BD-03126,21004000277,n/a,,CCTV,"CCTV Camera",Assigned,6L01A10PAGCF54F,Dahua,DH-IPC-HDW1230T1-S5,4500,2021-02-22,"STS Automation",SDL2000232,,MIS,LWR,SCRLN,SDL,,,,,,,,,10.140.21.177,,0,,,,,,
BD-03127,21004000278,n/a,,CCTV,"CCTV Camera",Assigned,6K01169PAGD9FC9,Dahua,DH-IPC-HDW1230T1-S5,4500,2021-02-22,"STS Automation",SDL2000232,,MIS,LWR,SCRLN,SDL,,,,,,,,,10.140.21.178,,0,,,,,,
BD-03128,21004000279,n/a,,CCTV,"CCTV Camera",Assigned,6K01169PAGD2D9D,Dahua,DH-IPC-HDW1230T1-S5,4500,2021-02-22,"STS Automation",SDL2000232,,MIS,LWR,SCRLN,SDL,,,,,,,,,10.140.21.179,,0,,,,,,
BD-03129,21004000280,na,,CCTV,"CCTV Camera",Assigned,6K01169PAG268F8,Dahua,DH-IPC-HDW1230T1-S5,4500,2021-02-22,"STS Automation",SDL2000232,,MIS,LWR,SCRLN,SDL,,,,,,,,,10.140.21.180,,0,,,,,,
BD-03130,21004000281,n/a,,CCTV,"CCTV Camera",Assigned,6L01A10PAGF84EA,Dahua,DH-IPC-HDW1230T1-S5,4500,2021-02-22,"STS Automation",SDL2000232,,MIS,LWR,SCRLN,SDL,,,,,,,,,10.140.21.181,,0,,,,,,
BD-03131,21004000282,n/a,,CCTV,NVR,Assigned,5E09B64PAZ0C44A,Dahua,NVR-5216-4KS2,18000,2021-02-22,"STS Automation",SDL2000232,,MIS,LWR,SCRLN,SDL,,,,,,,,,10.140.20.15,,0,,,,,,
BD-03132,,n/a,,Network,Switch,Assigned,"Switch 1","BD COM",BDCOM-S1218-16P-330,17500,2021-02-22,"STS Automation",SDL2000232,,MIS,LWR,SCRLN,SDL,,,,,,,,,,,0,,,,,,"16port Gigabit PoE switch with two SFP port"
BD-03133,,n/a,,Network,Switch,Assigned,"Switch 2","BD COM",BDCOM-S1218-16P-330,17500,2021-02-22,"STS Automation",SDL2000232,,MIS,LWR,SCRLN,SDL,,,,,,,,,,,0,,,,,,"16port Gigabit PoE switch with two SFP port"
BD-03134,,STS/SG-210101,,CCTV,NVR,Assigned,6C06933PAZA8C83,Dahua,DHI-NVR4216-4KS2,40000,2021-01-19,"STS Automation",SIL0000143,,MIS,LWR,SIL,SDL,,,,,,,,,10.140.20.14,,0,,,,,,
BD-03135,,n/a,,UPS,UPS,Assigned,E1907033115,NPS,1200VA,4900,2021-02-02,"Numeric Technology",N/A,"Abdullah Noman",Maintenance,MWR,SIL,"Shanta Denim Limited",anoman,,,,,,,,,,0,,,,,,"Using for Energypac Network Rack"
BD-03136,,n/a,,"Computer Accessories",Headset,Assigned,20B010H120002970,Rapoo,H120,950,2021-02-22,"Global Brands Pvt Ltd.",N/A,"Shahin Hossain 2","Fabric Technology",LWR,DBO,DBO,shahihossain,,,,,,,,,,0,,,,,,
BD-03137,,2103021,,UPS,UPS,Assigned,E1907033049,NPS,1200VA,4900,2021-03-02,"Numeric Technology",SIL-0900015,"Screen Line","Human Resource",LWR,SCRLN,SDL,scctv,,,,,,,,,,0,,,,,,
BD-03138,,2103021,,UPS,UPS,Assigned,E1907033032,NPS,1200VA,4900,2021-03-02,"Numeric Technology",SIL-0900015,"Ramzan Ali",Cutting,LWR,SIL,SDL,ramali,,,,,,,,,,0,,,,,,
BD-03139,,2103021,,UPS,UPS,Stock,E2005079849,NPS,1200VA,4900,2021-03-02,"Numeric Technology",SIL-0900015,,CAD,LWR,SIL,SDL,,,,,,,,,,,0,,,,,,
BD-03140,,2103021,,UPS,UPS,Stock,E1907033110,NPS,1200VA,4900,2021-03-02,"Numeric Technology",SIL-0900015,,MIS,LWR,SIL,SDL,,,,,,,,,,,0,,,,,,
BD-03141,,n/a,,"Computer Accessories",Headset,Assigned,20B010H120002952,Rapoo,H120,950,2021-03-11,"Global Brands Pvt Ltd.",N/A,"Fahim Abedin",Quality,LWR,SIL,SDL,fabedin,,,,,,,,,,0,,,,,,
BD-03142,,n/a,,"Computer Accessories",Headset,Assigned,20B010H1202951,Rapoo,H120,950,2021-02-22,"Global Brands Pvt Ltd.",N/A,"Rifat Bin Sadek","HR & Compliance",LWR,SIL,SDL,rbinsadek,,,,,,,,,,0,,,,,,
BD-03143,,n/a,,Display,Monitor,Assigned,001NTVS2V591,LG,22MK600M,11000,2021-02-20,"Global Brands Pvt Ltd.",N/A,"Arun Chandra",CAD,LWR,SIL,SDL,achandra,,,,,,,,,,0,,,,,,
BD-03144,11004000265,TISL/21/PCD02/011,SDLL280,Computer,Laptop,Assigned,PF2G4BS0,Lenovo,"Thinkpad L14 Gen 1",69000,2021-02-02,Thakral,SIL0000136,"Shariful Islam 2","Marketing & Merchandising",SWR,SDL,SDL,sharislam,,,"Intel Core i5 10210U",1.6,500,,8192,,,0,"WIN 10 Pro",2021-03-21,B-464,"Win 10 Pro",3T2HM-NHJCQ-M73FV-GDGKM-92FC2,"Bag delivery date30122024"
BD-03145,,INV-GBPGL-2021-000399,,Display,Monitor,Assigned,010NTCZ8K211,LG,22MK600M-B,10300,2021-01-18,"Global Brands Pvt Ltd.",N/A,"Saleha Khatun","Industrial Engineering",LWR,SIL,SDL,skhatun,,,,,,,,,,0,,,,,,
BD-03146,,n/a,,UPS,UPS,Assigned,E2005079813,NPS,1200VA,4900,2021-03-18,"Numeric Technology",na,"Shahin Alom2",Prodcution,LWR,SDL,SDL,salom,,,,,,,,,,0,,,,,,
BD-03147,,n/a,,UPS,UPS,Assigned,E1907033053,NPS,1200VA,4900,2021-03-18,"Numeric Technology",na,"Abdul Alim",Planning,LWR,SDL,SDL,aabdul,,,,,,,,,,0,,,,,,
BD-03148,,n/a,,UPS,UPS,Assigned,E1907032008,NPS,1200VA,4900,2021-03-18,"Numeric Technology",na,"Asikur Rahman 2",Finishing,LWR,SDL,SDL,asrahman,,,,,,,,,,0,,,,,,
BD-03149,,INV-GBPGL-2021-001578,SDLD511A,Computer,Desktop,Assigned,LCM0KC102390AF7,Clone,"Asus  Prime H410M CS SI",40000,2021-03-20,"Global Brands Pvt Ltd.",SWWL6000060,"Store loading area1(Sree Nabin)",Store,LWR,SIL,SDL,snabin,,Asus,"Intel Core i3 10100",,"250 GB",,8192,,,0,"WIN10 Pro",2023-12-25,,"Win 10 Pro",GVK82-N84GQ-9X99P-RQ7JG-8TYP6,
BD-03150,,21031811,,UPS,UPS,Assigned,E1907032929,NPS,1200VA,4900,2021-03-18,"Numeric Technology",SIL0000155,"Manik Chandra",Finishing,LWR,SIL,SDL,mchandra,,,,,,,,,,0,,,,,,
BD-03151,,21031811,,UPS,UPS,Assigned,E1907032930,NPS,1200VA,4900,2021-03-18,"Numeric Technology",SIL0000155,,CAD,LWR,SIL,SDL,,,,,,,,,,,0,,,,,,
BD-03152,,INV-GBPGL-2021-001577,SDLD513,Computer,Desktop,Assigned,M1M0CS01V312NK5,Clone,"Asus  Prime H410M CS SI",40000,2021-03-20,"Global Brands Pvt Ltd.",SDL2000235,"Sufia Begum","Industrial Engineering",LWR,SIL,SDL,sbegum,,Asus,"Intel Core i3 10100",3.6,256,,8192,,,41000,"WIN10 Pro",,,"Win 10 Pro",N2JDF-9MRV9-VDQT9-CJ9MP-W2QGT,
BD-03153,,n/a,,"Computer Accessories",Speaker,Assigned,0648701332,Jabra,510,12000,2021-02-26,"MS Khan Brothers Computer",N/A,"Ridoan Zahan",MIS,LWR,SIL,SDL,rzahan,,,,,,,,,,0,,,,,,
BD-03154,,n/a,,"Computer Accessories",Speaker,Assigned,0648701331,Jabra,510,12000,2021-02-02,"MS Khan Brothers Computer",N/A,"Paul Warren",Finance,LWR,DBO,"Dhaka Buying Office",pwarren,,,,,,,,,,0,,,,,,
BD-03155,,2103212,,UPS,UPS,Assigned,E1907032031,NPS,1200VA,4900,2021-03-21,"Numeric Technology",SDL2000235,,CAD,LWR,SIL,SDL,,,,,,,,,,,0,,,,,,
BD-03156,,2103212,,UPS,UPS,Assigned,E1907032959,NPS,1200VA,4900,2021-03-21,"Numeric Technology",SDL2000235,,CAD,LWR,SIL,SDL,,,,,,,,,,,0,,,,,,
BD-03157,,2103212,,UPS,UPS,Assigned,E1907032887,NPS,1200VA,4900,2021-03-21,"Numeric Technology",SDL200235,"Nani Gopal",CAD,LWR,SIL,SDL,ngopal,,,,,,,,,,0,,,,,,"Last Battery Replaced: 31/03/2024"
BD-03158,,2103212,,UPS,UPS,Assigned,E2005079855,NPS,1200VA,4900,2021-03-21,"Numeric Technology",SDL2000239,"Mahmudul Hasan4",Operation,LWR,SIL,SDL,mahmuhasan,,,,,,,,,,0,,,,,,
BD-03159,,n/a,,"Computer Accessories",Headset,Assigned,20B010H120001653,Rapoo,H120,950,2021-02-22,"Global Brands Pvt Ltd.",N/A,"Devbrata Mozumder","HR & Commercial",LWR,HO,DBO,dmozumder,,,,,,,,,,0,,,,,,
BD-03160,,n/a,,"Computer Accessories",Headset,Assigned,20B010H120002866,Rapoo,H120,950,2021-02-22,"Global Brands Pvt Ltd.",N/A,"Suman Maitra","Fabric Technical",MWR,DBO,DBO,smaitra,,,,,,,,,,0,,,,,,
BD-03161,,n/a,,"Computer Accessories",Headset,Assigned,20B010H120002954,Rapoo,H120,950,2021-02-22,"Global Brands Pvt Ltd.",N/A,"Sanaulla Bhuiyan","Finance & Acounts",LWR,HO,HO,sbhuiyan,,,,,,,,,,0,,,,,,
BD-03162,,n/a,SDLD514,Computer,Desktop,Assigned,M1M0CS01V316V4V,Clone,"Asus  Prime H410M CS SI",40000,2021-03-20,"Global Brands Pvt Ltd.",N/A,"Raju Barua",CAD,LWR,SIL,SDL,rbarua,,Asus,"Intel Core i3 10100",,256,,8192,,,0,"WIN10 Pro",2021-03-31,,"Win 10 Pro",6P82N-9V29P-K8RRW-HPXCD-9766T,
BD-03163,,INV-GBPGL-2021-000399,,Display,Monitor,Assigned,010NTLE8K216,LG,22MK600M-B,10300,2021-01-18,"Global Brands Pvt Ltd.",n/A,"Shamim Reza",Store,LWR,SWL,SDL,sreza,,,,,,,,,,0,,,,,,
BD-03164,,B-1464324,,Computer,Tablet,Stock,8TU9X20824K00673,Huawei,"Matepad T KOB2-W09",10408,2021-04-07,"Ryans IT Ltd",N/A,,Cutting,LWR,SIL,SDL,,,,,,,,,,,0,,,,,,
BD-03165,,B-1464324,,Computer,Tablet,Stock,8TU9X20824K00656,Huawei,"Matepad T KOB2-W09",10408,2021-04-07,"Ryans IT Ltd",N/A,,Cutting,LWR,SIL,SDL,,,,,,,,,,,0,,,,,,
BD-03166,,B-1464324,,Computer,Tablet,Assigned,8TU9X20824K00582,Huawei,"Matepad T KOB2-W09",14082,2021-04-07,"Ryans IT Ltd",N/A,"Masum Mahbub",MIS,LWR,SIL,SDL,mmasum,,,,,,,,,,0,,,,,,
BD-03167,,B-1464324,,Computer,Tablet,Stock,8TU9X20730K00558,Huawei,"Matepad T KOB2-W09",14082,2021-04-07,"Ryans IT Ltd",N/A,,Cutting,LWR,SIL,SDL,,,,,,,,,,,0,,,,,,
BD-03168,,B-1464324,,Computer,Tablet,Stock,8TU9X20824K00749,Huawei,"Matepad T KOB2-W09",10408,2021-04-07,"Ryans IT Ltd",N/A,,MIS,LWR,SIL,SDL,,,,,,,,,,,0,,,,,,
BD-03169,,B-1464324,,Computer,Tablet,Stock,8TU9X20824K00675,Huawei,"Matepad T KOB2-W09",10408,2021-04-07,"Ryans IT Ltd",N/A,,MIS,LWR,SIL,SDL,,,,,,,,,101," f4:a5:9d:87:0b:ea",0,,,,,,
BD-03170,,INV-GBPGL-2021-001970,,Display,Monitor,Assigned,101NTFA9Q019,LG,22MK600M-B,10600,2021-04-07,"Global Brands Pvt Ltd.",SIL0000158,"Sufia Begum","Industrial Engineering",LWR,SIL,SDL,sbegum,,,,,,,,,,0,,,,,,
BD-03171,21004000290,B-1464865,DBOL152,Computer,Laptop,Assigned,5CD1048205,HP,"Probook 440 G8",70410,2021-04-08,"Ryans IT Ltd",SDL2000225,"Mohammad Kaiyum",Commercial,LWR,HO,DBO,mkaiyum,,,"Intel Core i5 1135G7",4.2,512,,8192,,,83472,"WIN 10 Pro",2021-04-12,Yes,"Win 10 Pro",GYN69-V3PFV-9GY64-3R9YB-JK8XF,
BD-03172,,B-1466465,,Computer,Tablet,Stock,7TE9X20B05X03217,Huawei,"Matepad T KOB2-L09",14082,2021-04-10,"Ryans IT Ltd",N/A,,MIS,LWR,SIL,SDL,,,,,,,,,,,0,,,,,,
BD-03173,,n/a,SDLD515,Computer,Desktop,Assigned,R9M003927EV,Clone,"ASUS Prime H510M-K R2.0",40000,2021-04-04,"Global Brands Pvt Ltd.",N/A,"Abdul Momin",Production,LWR,SIL,SDL,amomin,,Asus,"Intel Core i3 10100",3.20,256,,8192,,,0,"WIN 10 Pro",2024-11-03,,"Win 10 Pro",RVPPN-4K4KD-CR8WJ-97XJX-HCFC6,"Motherboard Changed on 03112024 Old board Asus Prime H410MCS201278061700440"
BD-03174,,n/a,SDLD516,Computer,Desktop,Assigned,201278981504056,Clone,"Asus  Prime H410M CS SI",40000,2021-04-04,"Global Brands Pvt Ltd.",N/A,"Maksudur Rahman",Store,LWR,SIL,SDL,marahman,,Asus,"Intel Core i3 10100",,256,,8192,,,40000,"WIN 10 Pro",2021-04-17,,"Win 10 Pro",WHNJ7-28MQT-2QY2V-DJJYC-2DKTT,
BD-03175,,n/a,SDLD517A,Computer,"Desktop ",Assigned,201278981509217,Clone,"Asus  Prime H410M-E",40000,2021-04-04,"Global Brands Pvt Ltd.",N/A,"Shahida Parvin","Human Resource",LWR,SIL,SDL,sparvin,,Asus,"Intel Core i3 10100",3.6,256,,8192,,,40000,"WIN 11 Pro",2025-06-15,,"Win 10 Pro",63FBN-4GMRD-6JCFX-39RBV-GCQGT,
BD-03176,,n/a,SDLD518,Computer,"Desktop ",Assigned,M1M0CS01V33993D,Clone,"Asus  Prime H410M-E",40000,2021-04-04,"Global Brands Pvt Ltd.",N/A,"Anisur Rahman",Finishing,LWR,SIL,SDL,arahman,,Asus,"Intel Core i3 10100",3.6,256,,8192,,,40000,"WIN 11 Pro",2025-07-27,,"Win 10 Pro",2H837-NK2G2-8DH44-F7CTR-2KCKG,
BD-03177,,n/a,,Display,Monitor,Assigned,001NTTQ2V097,LG,22MK600M-B,10600,2021-03-03,"Global Brands Pvt Ltd.",N/A,"Anisur Rahman",Finishing,LWR,SIL,SDL,arahman,,,,,,,,,,0,,,,,,
BD-03178,,n/a,,UPS,UPS,Assigned,E1907032684,NPS,EA2120,4900,2021-04-14,"Numeric Technology",N/A,"Anisur Rahman",Finishing,LWR,SIL,SDL,arahman,,,,,,,,,,0,,,,,,
BD-03179,21004000285,B-1464865,DBOL249A,Computer,Laptop,Assigned,5CD104824W,HP,"Probook 440 G8",70410,2021-04-08,"Ryans IT Ltd",N/A,"Alamin Hossain",Commercial,LWR,HO,"Dhaka Buying Office",alahossain,,,"Core i5 1135G7",,512,,8192,,,73472,"WIN 11 Pro",2025-06-15,Yes,"Win 10 Pro",6BNV6-BKK7Q-RXP2D-9PGVF-JHV24,
BD-03180,21004000286,B-1464865,SDLL282,Computer,Laptop,Stock,5CD104824Y,HP,"Probook 440 G8",70410,2021-04-08,"Ryans IT Ltd",N/A,"EX Mehedi Hasan",MIS,LWR,SIL,SDL,mehasan,,,"Intel Core i5 1135G7",,512,,8192,,,83472,"WIN 10 Pro",,Yes,"Win 10 Pro",8TPN9-C7RTQ-29FQW-7TPBB-PR4C4,
BD-03181,21004000287,B-1464865,SDLL283,Computer,Laptop,Assigned,5CD1048200,HP,"Probook 440 G8",70410,2021-04-08,"Ryans IT Ltd",N/A,"Hasan Sarwar","Marketing & Merchandising",LWR,SIL,SDL,hsarwar,,,"Intel Core i5 1135G7",,512,,8192,,,83472,"WIN 10 Pro",,Yes,"Win 10 Pro",DTRY9-9NMVD-99P6J-T6C7K-C7JXF,
BD-03182,21004000288,B-1464865,DBOL183,Computer,Laptop,Assigned,5CD104823L,HP,"Probook 440 G8",70410,2021-04-08,"Ryans IT Ltd",N/A,"Jahid Hoque","Finance & Acounts",LWR,HO,"Dhaka Buying Office",jhoque,,,"Intel Core i5 1135G7",,512,,8192,,,83472,"WIN 11 Pro",,Yes,"Win 11 Pro",CQPMP-67NB3-QPQC7-JMMHQ-M7V24,
BD-03183,21004000289,B-1464865,DBOL233,Computer,Laptop,Assigned,5CD104823Q,HP,"Probook 440 G8",70410,2021-04-08,"Ryans IT Ltd",N/A,"Nimat Zarin",Finance,LWR,SDL,"Dhaka Buying Office",nzarin,,,"Intel Core i5 1135G7",,512,,8192,,,83472,"WIN 10 Pro",2021-06-28,Yes,"Win 10 Pro",WDDXN-3BBWC-CXMB6-Q26H2-MP2KF,"Ex SDLL285"
BD-03184,,n/a,,"Computer Accessories",Headset,Assigned,20B010H1201658,Rapoo,H120,950,2021-02-22,"Global Brands Pvt Ltd.",N/A,"Mahmud Islam","Human Resource",LWR,SDL,SDL,maislam,,,,,,,,,,0,,,,,,
BD-03185,,n/a,,UPS,UPS,Assigned,E1907032002,NPS,KST-1200,4900,2021-04-20,"Numeric Technology",na,"SDL Ground Floor Rack",MIS,LWR,SDL,SDL,,,,,,,,,,,0,,,,,,
BD-03186,,B-1388792,SDLD520,Computer,Desktop,Assigned,9HU8629U90108,Clone,"MSI X570-A Pro AMD",89000,2021-01-05,"Ryans IT Ltd",SIL0000145,"Wahid Dheraj",PCC,LWR,SDL,SDL,"Wahid Dheraj",,"MSI X570-A Pro AMD AM4 Socket","AMD Ryzen 7 3800X 8 core",4.5,480,,65536,,,89000,"WIN 10 Pro",2021-04-22,,None,,
BD-03187,,n/A,,UPS,UPS,Service,E1907032960,NPS,1200VA,2,2021-05-03,"Numeric Technology",n/A,"Masud Hossain","Accounts & Finance",LWR,HO,DBO,mhossain,,,,,,,,,,0,,,,,,
BD-03188,,n/a,,Display,Monitor,Assigned,101NTPCL0544,LG,22MK600M-B,11000,2021-05-03,"Global Brands Pvt Ltd.",N/A,"Subrata Bhowmik",Quality,LWR,SIL,SDL,sbhowmik,,,,,,,,,,0,,,,,,
BD-03189,,n/a,,Display,Monitor,Assigned,101NTJJD0612,LG,22MK600M-B,10800,2021-04-25,"Global Brands Pvt Ltd.",N/A,"Abu Tarik",Costing,LWR,SIL,SDL,atarik,,,,,,,,,,0,,,,,,
BD-03190,,n/a,,Display,Monitor,Assigned,101NTPCD0616,LG,22MK600M-B,10800,2021-04-25,"Global Brands Pvt Ltd.",N/A,"Nure Alam",Costing,LWR,SIL,SDL,nalam,,,,,,,,,,0,,,,,,
BD-03191,,n/a,,UPS,UPS,Assigned,E1907032246,NPS,1200VA,4900,2021-04-25,"Numeric Technology",N/A," Rejaul Islam",Operations,LWR,SIL,SDL,rislam,,,,,,,,,,0,,,,,,
BD-03192,21004000257,TVSB19080056,,UPS,UPS,Assigned,HI17380011,Socomec,NRT2-U11000CLAC,965000,2019-08-25,"Techvalley Solutions Ltd",SDL2000136,"SDL Server Room",MIS,LWR,SDL,SDL,,,,,,,,,10.140.12.3,,0,,,,,,
BD-03193,,n/a,,"Computer Accessories",Headset,Assigned,207020H1201660,Rapoo,H120,950,2021-03-16,"Global Brands Pvt Ltd.",N/A," Rokhsana Akter","Human Resource",LWR,SIL,SDL,rokakter,,,,,,,,,,0,,,,,,
BD-03194,,n/a,,"Computer Accessories",Headset,Assigned,207020H1201657,Rapoo,H120,950,2021-03-23,"Global Brands Pvt Ltd.",N/A,"Rahana Sultana","Human Resource",LWR,SIL,SDL,rsultana,,,,,,,,,,0,,,,,,
BD-03195,,n/a,,Display,Monitor,Assigned,101NTZNL0765,LG,22MK600M-B,11000,2021-04-24,"Global Brands Pvt Ltd.",N/A,"Abdullah Mamun2","Industrial Engineering",LWR,SIL,SDL,abmamun,,,,,,,,,,0,,,,,,
BD-03196,,n/a,,Display,Monitor,Assigned,101NTWGL0609,LG,22MK600M-B,11000,2021-04-22,"Global Brands Pvt Ltd.",N/A,"Kamrul Ahasan",Production,LWR,SIL,SDL,kahasan,,,,,,,,,,0,,,,,,
BD-03197,,n/a,SDLD521,Computer,Desktop,Assigned,B84GZG2,Dell,"Precision Tower",1,2021-05-06,N/A,N/A,"Ali Hossain",PCC,SWR,SDL,SDL,alihossain,,,"Intel Core i7 6700",3.4,500,,16000,,,0,"WIN 10 Pro",2021-05-26,,"Win 10 Pro",,"This CPU sent From UK on May2021"
BD-03198,,n/a,,Display,Monitor,Assigned,101NTGYL0767,LG,22MK600M-B,11000,2021-04-24,"Global Brands Pvt Ltd.",N/A,"Enayet Hossain","Human Resource",LWR,SIL,SDL,enhossain,,,,,,,,,,0,,,,,,
BD-03199,,n/a,,"Computer Accessories",Headset,Service,20B010H120001343,Rapoo,H120,950,2021-06-07,"Global Brands Pvt Ltd.",N/A,"Shajedul Hasan","Marketing & Merchandising",LWR,SIL,SDL,shahasan,,,,,,,,,,0,,,,,,
BD-03200,,n/a,,Computer,Tablet,Stock,8TU9X20730K00681,Huawei,"Matepad T KOB2-W09",10000,2021-06-08,"Ryans IT Ltd",N/A,,MIS,LWR,SDL,SDL,,,,,,,,2048,,C0B5CD23D318,0,,,,,,
BD-03201,,n/a,,Computer,Tablet,Stock,8TU9X20824K00964,Huawei,"Matepad T KOB2-W09",10000,2021-06-08,"Ryans IT Ltd",N/A,,MIS,LWR,SDL,SDL,,,,,,,,2048,,F4A59D870E2C,0,,,,,,
BD-03202,,1,,Computer,Tablet,Assigned,N5LNU21318201100,Huawei,AGS3-W09,1,2021-06-08,"Ryans IT Ltd",N/A,"SDL table 3",Cutting,LWR,SDL,SDL,,,,,,,,,,F055019E7E5B,0,,,,,,
BD-03203,,1,,Computer,Tablet,Assigned,N5LNU21318202287,Huawei,AGS3-W09,1,2021-06-08,"Ryans IT Ltd",N/A,,Cutting,LWR,SDL,SDL,,,,,,,,2048,,F055019E8349,0,,,,,,
BD-03204,,1,,Computer,Tablet,Assigned,N5LNU21318201279,Huawei,AGS3-W09,1,2021-06-08,"Ryans IT Ltd",N/A,,Cutting,LWR,SDL,SDL,,,,,,,,2048,,F055019E7B63,0,,,,,,
BD-03205,,1,,Computer,Tablet,Assigned,N5LNU21318201988,Huawei,AGS3-W09,1,2021-06-08,"Ryans IT Ltd",N/A,,Cutting,LWR,SDL,SDL,,,,,,,,2048,,F055019E79F3,0,,,,,,
BD-03206,,1,,Computer,Tablet,Assigned,N5LNU21318200085,Huawei,AGS3-W09,1,2021-06-08,"Ryans IT Ltd",N/A,,Cutting,LWR,SDL,SDL,,,,,,,,2048,,F055019E7E6A,0,,,,,,
BD-03207,,1,SDLD522C,Computer,Desktop,Assigned,96K2NK2,Dell,"Precision Tower",1,2021-06-14,"received from UK",N/A,"Abdus Salam 2",PCC,SWR,SDL,SDL,absalam,,,"Intel Core i7 6700",,500,,16000,,,0,"WIN 10 Pro",2023-01-30,,None,,"This CPU received from UK"
BD-03208,,INV-GBPGL-2021-002970,,"Computer Accessories",Headset,"Need to Dispose",213030H120001298,Rapoo,H120,950,2021-06-08,"Global Brands Pvt Ltd.",SDL2000244,"Rahman Milton","Marketing & Merchandising",LWR,SDL,SDL,rmilton,,,,,,,,,,0,,,,,,
BD-03209,,INV-GBPGL-2021-002970,,"Computer Accessories",Headset,"Need to Dispose",213030H120001304,Rapoo,H120,950,2021-06-08,"Global Brands Pvt Ltd.",SDL2000244,"Emdadul Haque2","Marketing & Merchandising",LWR,SDL,SDL,emdhaque,,,,,,,,,,0,,,,,,
BD-03210,,INV-GBPGL-2021-002970,,"Computer Accessories",Headset,Assigned,213030H120001301,Rapoo,H120,950,2021-06-08,"Global Brands Pvt Ltd.",SDL2000244,"Zahid Hasan","Marketing & Merchandising",LWR,SDL,SDL,zhasan,,,,,,,,,,0,,,,,,
BD-03211,,INV-GBPGL-2021-002970,,"Computer Accessories",Headset,Assigned,213030H120001302,Rapoo,H120,950,2021-06-08,"Global Brands Pvt Ltd.",SDL2000244,"Abubakkar Siddik",PCC,LWR,SDL,SDL,absiddik,,,,,,,,,,0,,,,,,
BD-03212,,INV-GBPGL-2021-002970,,"Computer Accessories",Headset,"Need to Dispose",213030H120001294,Rapoo,H120,950,2021-06-08,"Global Brands Pvt Ltd.",N/A,"Hasan Nabid",Costing,LWR,SIL,SDL,hnabid,,,,,,,,,,0,,,,,,
BD-03213,,INV-GBPGL-2021-002970,,"Computer Accessories",Headset,Assigned,213030H120001293,Rapoo,H120,950,2021-06-08,"Global Brands Pvt Ltd.",SDL2000244,"Merajul Islam","Marketing & Merchandising",MWR,DBO,"Dhaka Buying Office",mahamhasan,,,,,,,,,,0,,,,,,
BD-03214,,INV-GBPGL-2021-002970,,"Computer Accessories",Headset,"Need to Dispose",213030H120001296,Rapoo,H120,950,2021-06-08,"Global Brands Pvt Ltd.",SDL2000244,"Shahnur Rashid",Costing,LWR,SIL,SDL,srashid,,,,,,,,,,0,,,,,,
BD-03215,,1,,VC,"VC Device",Assigned,0E1CF1,"Polycom ","Group 500",1,2021-06-16,"Unique Business System Limited",N/A,"SIL VC",MIS,LWR,SIL,SDL,,,,,,,,,,,0,,,,,,
BD-03216,,INV-GBPGL-2021-002970,,"Computer Accessories",Headset,Assigned,213030H120001305,Rapoo,H120,950,2021-05-24,"Global Brands Pvt Ltd.",N/A,Jahid.Hoque,"Finance & Acounts",LWR,HO,DBO,jhoque,,,,,,,,,,0,,,,,,
BD-03217,,1,,"Computer Accessories",Headset,Assigned,213030H120001299,Rapoo,H120,950,2021-05-24,"Global Brands Pvt Ltd.",N/A,"Mahmudul Hasan 2",Costing,LWR,SIL,SDL,mahamhasan,,,,,,,,,,0,,,,,,
BD-03218,,INV-GBPGL-2021-002970,,"Computer Accessories",Headset,Assigned,213030H120001303,Rapoo,H120,950,2021-05-24,"Global Brands Pvt Ltd.",N/A,"Shahinur Rahman",Costing,LWR,SIL,SDL,shrahman,,,,,,,,,,0,,,,,,
BD-03219,,INV-GBPGL-2021-002970,,"Computer Accessories",Headset,Assigned,213030H120001295,Rapoo,H120,950,2021-05-28,"Global Brands Pvt Ltd.",SDL2000202,"Syed Imran","Marketing & Merchandising",LWR,SIL,SDL,simran,,,,,,,,,,0,,,,,,
BD-03220,,INV-GBPGL-2021-002970,,"Computer Accessories",Headset,Assigned,213030H120001291,Rapoo,H120,950,2021-05-28,"Global Brands Pvt Ltd.",SDL2000202,"Badrul Hassan",Fabric,LWR,SIL,SDL,bhassan,,,,,,,,,,0,,,,,,
BD-03221,,n/a,SDLD523,Computer,Desktop,Assigned,B7VJZG2/CN722006AC00NU,Dell,"Precision Tower",1,2021-06-15,"From UK IT",N/A,"Rafiqul Islam3",CAD,LWR,SIL,SDL,rafislam,,,"Intel Core i7 6700",3.4,,1024,16000,,,0,"WIN 10 Pro",,,N/A,N/A,"This Machine received from UK "
BD-03222,21004000291,B-1473521,DBOL153,Computer,Laptop,Assigned,5CD105KQ58,HP,"Probook 440 G8",70410,2021-04-25,"Ryans IT Ltd",SDL1000016,"Wahid Muhammed",Commercial,LWR,SIL,SDL,wmuhammed,,,"Intel Core i5 1135G7",2.4,512,,8192,,,0,,,,"Windows 10 Pro 64 Bit",VXN99-WCQDQ-J9MPV-H8RBP-7CFC2,
BD-03223,21004000292,B-1473521,SDLL286,Computer,Laptop,Assigned,5CD105KQ3F,HP,"Probook 440 G8",70410,2021-04-25,"Ryans IT Ltd",SIL0000156,"Abdullah Al Mamun",MIS,LWR,SIL,SDL,aalmamun,,,"Intel Core i5 1135G7",2.4,512,,8192,,,0,,,,"Windows 10 Pro 64 Bit",N7TCF-87QHP-776H9-439T7-RGDGT,
BD-03224,,n/a,,Display,Monitor,Assigned,101NTZND0645,LG,22MK600M-B,10600,2021-06-03,"Global Brands Pvt Ltd.",N/A,"Olivia Audije","Marketing & Merchandising",LWR,SIL,SDL,oaudije,,,,,,,,,,0,,,,,,
BD-03225,,n/a,,Display,Monitor,Assigned,101NTMXL0747,LG,22MK600M-B,10600,2021-06-06,"Global Brands Pvt Ltd.",N/A,"Hossain Tanvir","Marketing & Merchandising",LWR,SIL,SDL,htanvir,,,,,,,,,,0,,,,,,
BD-03226,,n/a,,Display,Monitor,Assigned,101NTNH9P911,LG,22MK600M-B,10600,2021-06-02,"Global Brands Pvt Ltd.",N/A,"Sirajul Islam","Sampel Development",LWR,SDL,SDL,sirislam,,,,,,,,,,0,,,,,,
BD-03227,,n/a,,Display,Monitor,Assigned,101NTSUl0550,LG,22MK600M-B,10600,2021-06-03,"Global Brands Pvt Ltd.",N/A,"Ripon Ahmed","Sampel Development",LWR,SDL,SDL,riahmed,,,,,,,,,,0,,,,,,
BD-03228,,n/a,,Display,Monitor,Assigned,101NTQDD0140,LG,22MK600M-B,10600,2021-05-27,"Global Brands Pvt Ltd.",N/A,"Saddam hossen2","Industrial Engineering",LWR,SWL,SDL,shossen,,,,,,,,,,0,,,,,,
BD-03229,11004000269,TISL/21/HP06/150,SDLL290,Computer,Laptop,Assigned,5CD1187QLG,HP,"Probook 440 G8",70000,2021-06-29,Thakral,N/A,"Al Amin2","Marketing & Merchandising",LWR,SIL,SDL,alamin,,,"Intel Core i5 1135G7",,512,,8192,,,70000,,2021-07-15,B-0374,"Win 10 Pro",KQ9JN-4BCK7-99M3M-V7D87-4C2KG,
BD-03230,11004000272,TISL/21/HP06/150,DBOL154B,Computer,Laptop,Assigned,5CD1187QYQ,HP,"Probook 440 G8",70000,2021-06-29,Thakral,N/A,"Shofiqul Islam","Qaulity Assurance",MWR,DBO,"Dhaka Buying Office",shislam,,,"Intel Core i5 1135G7",,512,,8192,,,0,"Win 10 Pro",2024-03-03,B-030,"Win 10 Pro",2NVBY-JX6VY-TRCVM-BJKKV-RGDGT,
BD-03231,11004000270,TISL/21/HP06/150,SDLL289,Computer,Laptop,Assigned,5CD1187QXL,HP,"Probook 440 G8",70000,2021-06-29,Thakral,N/A,"Poli Rani","Industrial Engineering",LWR,SIL,SDL,prani,,,"Intel Core i5 1135G7",,512,,8192,,,70000,"Win 10 Pro",2021-07-12,,"Win 10 Pro",F4B9V-Q4N37-VPR27-G37MG-23726,
BD-03232,11004000268,TISL/21/HP06/150,SDLL372,Computer,Laptop,Assigned,5CD1187QHG,HP,"Probook 440 G8",70000,2021-06-29,Thakral,N/A,"Iftakharul Islam",Merchandising,LWR,SIL,"Shanta Denim Limited",iislam,,,"Intel Core i5 1135G7",,512,,8192,,,70000,"WIN 10 Pro",2024-09-30,B-035,"Win 10 Pro",J4VNG-C8DHJ-YRK22-JPTGX-T83GT,
BD-03233,11004000271,TISL/21/HP06/150,SDLL287A,Computer,Laptop,Assigned,5CD1187QYB,HP,"Probook 440 G8",70000,2021-06-29,Thakral,N/A,"Omar Faruk",Quality,LWR,SIL,SDL,ofaruk,,,"Intel Core i5 1135G7",,512,,8192,,,0,"WIN 10 Pro",2021-07-16,B-031,"Win 10 Pro",2K2N6-DMPC8-VPQRR-RG7W4-844C6,
BD-03234,,1,SDLD524A,Computer,Desktop,Assigned,G1FQ1L2/CNFCW0075N00HC,Dell,"Precision Tower",1,2021-06-15,"From UK IT",N/A,"Md Kamruzzaman",Cutting,LWR,SIL,SDL,mkamruzzaman,,,"Intel Core i7 6700",,240GB,,16000,,,0,"WIN 10 Pro",2021-07-05,,,,
BD-03235,,n/a,,"Computer Accessories",Headset,Assigned,213030H120001300,Rapoo,H120,950,2021-06-29,"Global Brands Pvt Ltd.",N/A,"Shariful Islam","Marketing & Merchandising",LWR,DBO,DBO,shaislam,,,,,,,,,,0,,,,,,
BD-03236,,n/a,,"Computer Accessories",Headset,Assigned,20B010H12022850,Rapoo,H120,950,2021-06-29,"Global Brands Pvt Ltd.",N/A,"Wahid Seraj",PCC,LWR,SDL,SDL,wseraj,,,,,,,,,,0,,,,,,
BD-03237,,1,SDLD525,Computer,Desktop,Assigned,CN7220062T00K4,Dell,"Precision Tower",1,2021-06-15,"From UK IT",N/A,"Robin Hossain",CAD,LWR,SDL,SDL,rhossain,,,"Intel Core i7 6700",,,1024,16000,,,0,"WIN 10 Pro",2021-07-08,,,,
BD-03238,,n/a,,Display,Monitor,Assigned,001NTHM2V594,LG,22MK600M-B,11000,2021-03-18,"Global Brands Pvt Ltd.",na,"Amirul Islam 2","Marketing & Merchandising",LWR,SDL,SDL,amiislam,,,,,,,,,,0,,,,,,
BD-03239,,n/a,,"Computer Accessories",Headset,Assigned,20B010H1202848,Rapoo,H120,950,2021-06-29,"Global Brands Pvt Ltd.",N/A,"Salam Habib",Technical,LWR,DBO,DBO,shabib,,,,,,,,,,0,,,,,,
BD-03240,21004000296,n/A,DBOL156,Computer,Laptop,Assigned,PF2XV14F,Lenovo,"Thinkpad L14 Gen 1",85000,2021-07-15,"Global Brands Pvt Ltd.",DBO5000094,"Delowar Hossain","Marketing & Merchandising",MWR,DBO,DBO,dehossain,,,,,500,,8192,,,0,"Windows 10 Pro 64Bit",2021-07-16,,"Windows 10 Pro 64Bit",KFYYN-H9283-7V9CY-4T6JW-F3KTP,
BD-03241,21004000299,n/A,DBOL157,Computer,Laptop,Assigned,PF2YP6EL,Lenovo,"Thinkpad L14 Gen 1",85000,2021-07-15,"Global Brands Pvt Ltd.",DBO5000094,"Md Alauddin","Marketing & Merchandising",MWR,DBO,DBO,malauddin,,,,,500,,8192,,,0,"Win 10 Pro",2021-07-15,B-386,"Win 10 Pro",NF9W9-RHY84-T3Q74-277BC-6JF9C,
BD-03242,21004000297,n/A,DBOL158A,Computer,Laptop,Assigned,PF2YBR4G,Lenovo,"Thinkpad L14 Gen 1",85000,2021-07-15,"Global Brands Pvt Ltd.",DBO5000094,"Subrata Mojumder",Technical,MWR,DBO,DBO,smojumder,,,,,500,,8192,,,0,"Windows 11 Pro 64Bit",2021-07-15,,"Windows 11 Pro 64Bit",D8H3H-NRKCQ-DKQ9V-DK9T7-G6PKC,
BD-03243,21004000295,n/A,DBOL159,Computer,Laptop,Assigned,PF2Y934G,Lenovo,"Thinkpad L14 Gen 1",85000,2021-07-15,"Global Brands Pvt Ltd.",HO3000058,"Abdur Fahad",Commercial,LWR,HO,DBO,afahad,,,,,500,,8192,,,0,"Windows 10 Pro 64Bit",2021-07-16,,"Windows 10 Pro 64Bit",XF7N3-9FMVK-Y6P8T-7FMT7-G6PKC,
BD-03244,21004000298,na,SDLL291,Computer,Laptop,Assigned,PF2YP2MK,Lenovo,"Thinkpad L14 Gen 1",84500,2021-07-18,"Global Brands Pvt Ltd.",N/A,"Safiqur Rahman",Costing,LWR,SIL,SDL,srahman,,,"Intel Core i5 10210U",1.6,500,,8192,,,0,"WIN 10 Pro",2021-07-18,B-339,"Win 10 Pro",7D4XK-N4R9Y-TJFF3-CCD8H-WK8XC,
BD-03245,,INV-GBPGL-2021-003593,SDLL292,Computer,Laptop,Assigned,PF2XC330,Lenovo,"Thinkpad L14 Gen 1",84500,2021-07-18,"Global Brands Pvt Ltd.",N/A,"Shahinur Rahman",Costing,LWR,SIL,SDL,shrahman,,,"Intel Core i5 10210U",,500,,8192,,,0,"WIN 10 Pro",2021-07-18,B-026,"Win 10 Pro",NQ64Q-YXDWV-6VH72-GVPRT-J2QGP,
BD-03246,,INV-GBPGL-2021-003593,SDLL293,Computer,Laptop,Assigned,PF2XV4MX,Lenovo,"Thinkpad L14 Gen 1",84500,2021-07-16,"Global Brands Pvt Ltd.",N/A,"Mahmudul Hasan 2",Costing,LWR,SIL,SDL,mahamhasan,,,"Intel Core i5 10210U",1.6,500,,8192,,,84500,"WIN 10 Pro",2021-07-18,Yes,"Win 10 Pro",JY8YW-NXW4C-DP348-8R3T9-V22KC,"New Bag Assigned date02022025"
BD-03247,,INV-GBPGL-2021-003593,SDLL294,Computer,Laptop,Assigned,PF2XTSWD,Lenovo,"Thinkpad L14 Gen 1",84500,2021-07-16,"Global Brands Pvt Ltd.",N/A,"Mostafizur Rahman 3",Planning,LWR,SIL,SDL,morahman,,,"Intel Core i5 10210U",1.6,500,,8192,,,84500,"WIN 10 Pro",2021-07-18,B-027,"Win 10 Pro",6FN87-QHWX2-3KV63-BP8PJ-82QGP,
BD-03248,,1,SDLL295,Computer,Laptop,Assigned,PF2YPFJE,Lenovo,"Thinkpad L14 Gen 1",84500,2021-07-16,"Global Brands Pvt Ltd.",N/A,"Sumon Chowdhury",MIS,LWR,SIL,SDL,schowdhury,,,"Intel Core i5 10210U",1.6,500,,8192,,,0,"WIN 10 Pro",2021-08-01,B-029,"Win 10 Pro",82D3N-X9DVD-J2CR2-D8KG9-Y7V22,
BD-03249,,n/a,DBOL227,Computer,Laptop,Assigned,PF2YP7Q8,Lenovo,"Thinkpad L14 Gen 1",84000,2021-07-16,"Global Brands Pvt Ltd.",N/A,"Riaj Uddin2",Quality,LWR,DBO,"CastleCrafts Limited",rijuddin,,,"Intel Core i5 10210U",,500,,8192,,,84000,"WIN 10 Pro",2021-08-02,B-427,"Win 10 Pro",34NX8-27TT4-DQWJT-H3PT7-6XXTP,
BD-03250,,n/a,SDLL297,Computer,Laptop,Assigned,PF2YP2N8,Lenovo,"Thinkpad L14 Gen 1",84000,2021-07-16,"Global Brands Pvt Ltd.",N/A,"Mohammad Shahinuzzaman","Industrial Engineering",LWR,SIL,SDL,mshahinuzzaman,,,"Intel Core i5 10210U",1.6,500,,8192,,,0,"WIN 11 Pro",2025-08-21,B-141,"Win 10 Pro",KJNXP-W7YCD-CQ2WR-J6BBQ-BG9TP,
BD-03251,,n/a,,"Computer Accessories",Headset,Assigned,20B010H1202849,Rapoo,H120,950,2021-06-30,"Global Brands Pvt Ltd.",N/A,"Mosaibur Rahman","Marketing & Merchandising",LWR,SIL,SDL,mosarahman,,,,,,,,,,0,,,,,,
BD-03252,11004000283,n/a,SDLL298C,Computer,Laptop,Assigned,PF2XC30K,Lenovo,"Thinkpad L14 Gen 1",84000,2021-07-16,"Global Brands Pvt Ltd.",N/A,"Hasibul Islam","Industrial Engineering",LWR,SIL,SDL,haislam,,,"Intel Core i5 10210U",1.6,500,,8192,,,0,"WIN 10 Pro",2021-08-11,B-161,"Win 10 Pro",YXNWK-K8B37-8WQVK-VHQQ7-JQKTP,
BD-03253,,n/a,DBOL160,Computer,Laptop,Assigned,PF2YP2LH,Lenovo,"Thinkpad L14 Gen 1",84500,2021-07-16,"Global Brands Pvt Ltd.",N/A,"Lutfur Rahman3",Technical,MWR,DBO,DBO,lutrahman,,,"Intel Core i5 10210U",1.6,500,,8192,,,84500,"WIN 10 Pro",2021-08-03,B-043,"Win 10 Pro",6P8N8-89D3Q-WMM97-VKTBX-FRG6P,
BD-03254,11004000277,n/a,DBOL161,Computer,Laptop,Assigned,PF2XVNV0,Lenovo,"Thinkpad L14 Gen 1",84500,2021-07-16,"Global Brands Pvt Ltd.",N/A,"Golam Kabir","Marketing & Merchandising",MWR,DBO,DBO,gkabir,,,"Intel Core i5 10210U",1.6,500,,8192,,,84500,"WIN 10 Pro",2021-08-08,,"Win 10 Pro",MNG7Q-78QK7-VKVDH-6MW4T-P7JXC,
BD-03255,,n/a,,Display,Monitor,Assigned,101NTTQD0121,LG,22MK600M-B,12000,2021-07-15,"Global Brands Pvt Ltd.",N/A,"Sazzad Hossain",Prodcution,LWR,SIL,SDL,shossain,,,,,,,,,,0,,,,,,
BD-03256,11004000273,n/a,DBOL162,Computer,Laptop,Assigned,PF2XV16R,Lenovo,"Thinkpad L14 Gen 1",84500,2021-07-16,"Global Brands Pvt Ltd.",N/A,"Abu Maruf","Marketing & Merchandising",LWR,DBO,DBO,amaruf,,,"Intel Core i5 10210U",1.6,500,,8192,,,0,"WIN 10 Pro",2021-08-08,,"Win 10 Pro",GDK2N-KCFVV-B8GHK-WRJVK-WTYP2,
BD-03257,,n/a,,Display,Monitor,Assigned,103NTEP2B260,LG,22MK600M-B,12550,2021-07-14,"Global Brands Pvt Ltd.",N/A,"Arifur Rahman2",CAD,LWR,SIL,SDL,arrahman,,,,,,,,,,0,,,,,,
BD-03258,11004000278,n/a,DBOL163,Computer,Laptop,Assigned,PF2YP2KD,Lenovo,"Thinkpad L14 Gen 1",84500,2021-07-16,"Global Brands Pvt Ltd.",N/A,"Alamgir Hossain","Marketing & Merchandising",MWR,DBO,DBO,alamhossain,,,"Intel Core i5 10210U",1.6,500,,8192,,,0,"WIN 10 Pro",2021-08-08,,"Win 10 Pro",CN9WR-6P6F2-GQ3PX-XJ6XJ-29XTP,
BD-03259,11004000280,n/a,DBOL164,Computer,Laptop,Assigned,PF2XV7SD,Lenovo,"Thinkpad L14 Gen 1",84500,2021-07-16,"Global Brands Pvt Ltd.",N/A,"Abu Jubaer","Quality Assurance",MWR,DBO,DBO,ajubaer,,,"Intel Core i5 10210U",1.6,500,,8192,,,0,"WIN 10 Pro",2021-08-08,,"Win 10 Pro",W22HN-9KQDF-4YDGT-8JYCH-XD7220,
BD-03260,11004000281,n/a,DBOL165,Computer,Laptop,Assigned,PF2XV7YL,Lenovo,"Thinkpad L14 Gen 1",84500,2021-07-16,"Global Brands Pvt Ltd.",N/A,"Shariful Islam","Marketing & Merchandising",MWR,DBO,DBO,shaislam,,,"Intel Core i5 10210U",1.6,500,,8192,,,0,"WIN 10 Pro",2021-08-08,,"Win 10 Pro",D897T-8CNYQ-XPR37-Q49JJ-JFG6P,
BD-03261,,n/a,DBOL166,Computer,Laptop,Assigned,PF2Y9343,Lenovo,"Thinkpad L14 Gen 1",84500,2021-07-16,"Global Brands Pvt Ltd.",N/A,"Md Younus",Fabric,MWR,DBO,DBO,myounus,,,"Intel Core i5 10210U",,500,,8192,,,0,"WIN 10 Pro",2021-08-09,Yes,"Win 10 Pro",GCCY6-FNTMP-CKGMT-QCCWP-4RG6P,
BD-03262,,n/a,,UPS,UPS,Assigned,202101230193,NPS,1200VA,4900,2021-07-16,"Numeric Technology",na,"SDL West Side Rack",MIS,LWR,SDL,SDL,mis,,,,,,,,,,0,,,,,,
BD-03263,,n/a,DBOL168A,Computer,Laptop,"Need to Dispose",PF2XVCFH,Lenovo,"Thinkpad L14 Gen 1",84500,2021-07-16,"Global Brands Pvt Ltd.",N/A,"Mahibul Haque","Fabric Technical",MWR,DBO,DBO,mhaque,,,"Intel Core i5 10210U",,500,,8192,,,0,"WIN 10 Pro",2021-08-10,,"Win 10 Pro",BN7DB-VP667-G98P8-96WJC-3YH22,"This laptop is lost from the user"
BD-03264,,n/a,DBOL167,Computer,Laptop,Assigned,PF2YP2NQ,Lenovo,"Thinkpad L14 Gen 1",84500,2021-07-16,"Global Brands Pvt Ltd.",N/A,"Eftekhar Mashuk","Marketing & Merchandising",MWR,DBO,DBO,emashuk,,,"Intel Core i5 10210U",1.6,500,,8192,,,0,"WIN 10 Pro",2021-08-10,,"Win 10 Pro",Q9B4X-4N7HD-2F4VX-8TMBF-VMH22,
BD-03265,,n/a,,UPS,UPS,Assigned,202101230046,NPS,1200VA,4900,2021-08-08,"Numeric Technology",SIL0000175,"Jahidul Islam 4",Production,LWR,SIL,SDL,jahiislam,,,,,,,,,,0,,,,,,
BD-03266,,n/a,,UPS,UPS,Assigned,202101230020,NPS,1200VA,4900,2021-08-07,"Numeric Technology",SIL0000175,"Ashraful Mohammad",Store,LWR,SIL,SDL,amohammad,,,,,,,,,,0,,,,,,
BD-03267,,n/a,,UPS,UPS,Assigned,202101230043,NPS,1200VA,4900,2021-08-07,"Numeric Technology",SIL0000175,"Enamul Haque",Planning,LWR,SIL,SDL,enhaque,,,,,,,,,,0,,,,,,
BD-03268,,n/a,,UPS,UPS,Assigned,202101230019,NPS,1200VA,4900,2021-08-07,"Numeric Technology",SIL0000175,"Farjana Akter","Human Resource",LWR,SIL,SDL,fakter,,,,,,,,,,0,,,,,,
BD-03269,,n/a,,Network,Switch,Assigned,DN124120CZQ,Cisco,SG95D-08,4500,2021-03-22,"STS Automation",N/A,"Saravanan Jayaraman",MIS,LWR,SIL,SDL,sjayaraman,,,,,,,,,,0,,,,,,
BD-03270,,0,,Network,Switch,Stock,DN1234008FP,Cisco,SG95D-08,4500,2021-03-22,"STS Automation",N/A,,MIS,LWR,SIL,SDL,,,,,,,,,,,0,,,,,,
BD-03271,,n/a,SDLL394,Computer,Laptop,Stock,PF2XV4K5,Lenovo,"Thinkpad L14 Gen 1",84500,2021-07-16,"Global Brands Pvt Ltd.",N/A,"Ex user Mohammad Piyer Mollah",MIS,LWR,SIL,"Shanta Denim Limited",,,,"Intel Core i5 10210U",,500,,8192,,,0,"WIN 11 Pro",2021-08-11,Yes,,48X7H-BNVMB-V784T-QVM3F-DJ3GP,"Motherboard change on 11102025 by Morshed Now L15 G1 board Ex Anca Alexe"
BD-03272,,n/a,DBOL170F,Computer,Laptop,Assigned,PF2XV17C,Lenovo,"Thinkpad L14 Gen 1",84500,2021-07-16,"Global Brands Pvt Ltd.",N/A,"Shahadat Hossain",Quality,MWR,DBO,DBO,shahahossain,,,"Intel Core i5 10210U",1.6,500,,8192,,,0,"WIN 11 Pro",2025-12-24,B-416,"Win 11 Pro",NGQ82-JGJX8-WD6PJ-6XMDP-P9XTP,
BD-03273,,n/a,,UPS,UPS,Assigned,202101230045,NPS,1200VA,4900,2021-08-16,"Numeric Technology",na,"Asadul Haque",CAD,LWR,SDL,SDL,ashaque,,,,,,,,,,0,,,,,,
BD-03274,,2328/2021,,"Computer Accessories",Speaker,Assigned,282160206849,Edifier,R12U,1200,2021-07-17,"MS Khan Brothers Computer",N/A,"PUMA Item Scan (Asikur Rahman 2)",Finishing,LWR,SDL,SDL,,,,,,,,,,,0,,,,,,
BD-03275,,n/a,DBOL254,Computer,Laptop,Assigned,PF2XVG20,Lenovo,"Thinkpad L14 Gen 1",84500,2021-07-16,"Global Brands Pvt Ltd.",N/A,"Shahdath Hossain2",Quality,LWR,DBO,"Dhaka Buying Office",shahdhossain,,,"Intel Core i5 10210U",1.6,500,,8192,,,0,"WIN 11 Pro",2025-12-13,B-165,"Win 11 Pro",RPMNG-HJWWP-HYD9Q-2KVCP-V8RC2,
BD-03276,11004000276,n/a,SDLL398,Computer,Laptop,Assigned,PF2XV7Y5,Lenovo,"Thinkpad L14 Gen 1",84500,2021-07-16,"Global Brands Pvt Ltd.",n/a,"Mehadi Hasan 2",Costing,LWR,SIL,SDL,mehadhasan,,,"Intel Core i5 10210U",1.6,500,,8192,,,0,"Win 10 Pro",2021-09-06,,"Win 10 Pro",GJ6NV-K9M82-JXM9G-JD998-VH66P,
BD-03277,,N/A,,"Computer Accessories",Speaker,Assigned,00010189883,Jabra,510,12000,2021-09-01,"MS Khan Brothers Computer",HO3000059,"Zakir Khan","Accounts & Finance",LWR,HO,DBO,zkhan,,,,,,,,,,0,,,,,,
BD-03278,,n/a,,Computer,Respberrypi,Assigned,n/a,Rasberrypi,"pi 3",8000,2021-09-06,"MS Khan Brothers Computer",SDL2000250,"SIL PA system",MIS,LWR,SDL,SDL,"SIL PA System",,,,,,,,,,0,,,,,,
BD-03279,,n/a,,Computer,Respberrypi,Stock,n/a,Rasberrypi,"pi 3",8000,2021-09-06,"MS Khan Brothers Computer",SDL2000250,,MIS,LWR,SDL,SDL,,,,,,,,,,,0,,,,,,
BD-03280,,INVSMTBB202100984670,,Network,Router,Stock,Q2MN-9HJL-56MW,Cisco,"Meraki MX64W",92100,2021-08-09,"Smart Technology",DBO5000088,,MIS,MWR,DBO,DBO,,,,,,,,,,F8:9E:28:83:47:08,0,,,,,,
BD-03281,,INVSMTBB202100984670,,Network,Router,Stock,Q2MN-9FAW-45Y8,Cisco,"Meraki MX64W",92100,2021-08-09,"Smart Technology",DBO5000088,,MIS,MWR,DBO,DBO,,,,,,,,,,F8:9E:28:83:43:D8,0,,,,,,
BD-03282,,n/a,,UPS,UPS,Assigned,202101230044,NPS,1200VA,4900,2021-08-16,"Numeric Technology",na,"Amirul Islam","Human Resource",LWR,SDL,SDL,amislam,,,,,,,,,,0,,,,,,
BD-03283,,n/a,,Display,Monitor,Assigned,103NTTQ28257,LG,22MK600M-B,11500,2021-09-09,"Global Brands Pvt Ltd.",n/a,"Shohidul Islam 2",CAD,LWR,SIL,SDL,sislam,,,,,,,,,,0,,,,,,
BD-03284,,n/a,SDLD526,Computer,Desktop,Assigned,M3M0KC452813JY6,Clone,"Asus Prime H410M-CS",40000,2021-08-08,"Global Brands Pvt Ltd.",n/a,"Fazlay Rabby","Human Resource",LWR,SDL,SDL,frabby,,"Asus Prime H410M-CS","Intel core i3 10100",3.6,250,,8192,,,0,"Win 11 Pro",2025-05-03,,"Win 10 Pro",BXP9N-B2QYP-RWKFC-K2Q8T-Y98XC,
BD-03285,,1,,Computer,Tablet,Assigned,N5lNU21318201948,Huawei,AGS3-W09,1,2021-06-08,"Ryans IT Ltd",n/a,"SIL Table 1",Cutting,LWR,SIL,SDL,"SIL Table 1",,,,,,,2024,,,0,,,,,,
BD-03286,11004000282,n/a,SDLL302,Computer,Laptop,Service,PF2XTSPH,Lenovo,"Thinkpad L14 Gen 1",84500,2021-07-16,"Global Brands Pvt Ltd.",n/a,"Ex. user Shahnur Rashid",MIS,LWR,SIL,SDL,nmustafa,,,"Intel Core i5 10210U",,500,,8192,,,0,"Win 10 Pro",2021-09-16,Yes,"Win 10 Pro",7B7Q7-GNDH9-FMBVF-T7VQ2-CKCKC,"Temporary Assigned to Nurul MustafaMIS"
BD-03287,11004000279,n/a,DBOL171,Computer,Laptop,Assigned,PF2Y8R8T,Lenovo,"Thinkpad L14 Gen 1",84500,2021-07-16,"Global Brands Pvt Ltd.",n/a,"TCQC Akter",Quality,MWR,DBO,DBO,tcqcakter,,,"Intel Core i5 10210U",1.6,500,,8192,,,0,"Win 10 Pro",,Yes,"Win 10 Pro",N3QC6-9X4RR-XY6XX-8BTW4-YTDGP,
BD-03288,,n/a,,"Computer Accessories",Webcam,Assigned,2036LZ90R4V9,Logitech,C930e,12000,2021-07-07,"MS Khan Brothers Computer",n/a,"TCQC Shanta Mannan","Qaulity Assurance",LWR,SIL,SDL,tshanta,,,,,,,,,,0,,,,,,
BD-03289,,n/a,,Display,Monitor,Assigned,103NTLE2B304,LG,22MK600M-B,12000,2021-07-07,"Global Brands Pvt Ltd.",na,,Finishing,LWR,SDL,SDL,,,,,,,,,,,0,,,,,,
BD-03290,21004000294,1,SDLP066,Printer,"Barcode Printer",Assigned,34J201500827,Zebra,"ZTC ZT510-300dpi ZPL",1,2021-08-08,"Robust International Ltd",na,"SDL Packing Office area",Finishing,LWR,SDL,SDL,,,,,,,,,10.140.7.66,,0,,,,,,
BD-03291,,n/a,,"Barcode Reader","Barcode reader",Assigned,62021050085,Starex,X-620E,3500,2021-09-25,"MS Khan Brothers Computer",n/a,"Mostafizur Rahman 2",Finishing,LWR,SIL,SDL,mrahman,,,,,,,,,,0,,,,,,
BD-03292,,n/a,,"Barcode Reader","Barcode reader",Stock,62021050069,Starex,X-620E,3500,2021-09-25,"MS Khan Brothers Computer",n/a,"Rubel Farazi",Finishing,LWR,SDL,SDL,rfarazi,,,,,,,,,,0,,,,,,
BD-03293,11004000267,A001INV21000823,SDLP067,Printer,"Barcode Printer",Assigned,MH320500091,TSC,MH340T,72000,2021-06-20,"DIGI Solution",SIL0000173,"SDL Packing Office for VH",Finishing,LWR,SDL,SDL,"SDL Packing Office for VH",,,,,,,,10.140.7.67,,0,,,,,,
BD-03294,,A001INV21001234,,"Barcode Reader","Barcode reader",Stock,BT-AJ01460,HR,HR3280-BT,13410,2021-09-22,"DIGI Solution",n/a,,MIS,LWR,SIL,SDL,,,,,,,,,,,0,,,,,,
BD-03295,,A001INV21001234,,"Barcode Reader","Barcode reader",Stock,BT-AJ01469,HR,HR3280-BT,13410,2021-09-22,"DIGI Solution",n/a,,MIS,LWR,SDL,SDL,,,,,,,,,,,0,,,,,,
BD-03296,,n/a,SDLD527,Computer,Desktop,Assigned,M3M0KC4528069R4,Clone,"Asus Prime H410M-CS",40000,2021-08-08,"Global Brands Pvt Ltd.",n/a,"Julkar Nine",Costing,LWR,SIL,SDL,jnine,,,"Intel core i3 10100",,256,,8192,,,40000,"Win 10 Pro",2021-09-28,,"Win 10 Pro",QPNTQ-6JDY7-RXB7F-VJQ6R-2KCKC,
BD-03297,,n/a,,Display,Monitor,Assigned,101NTTQL0625,LG,22MK600M-B,11500,2021-07-07,"Global Brands Pvt Ltd.",n/a,"Julkar Nine",Costing,LWR,SIL,SDL,jnine,,,,,,,,,,0,,,,,,
BD-03298,11004000275,n/a,DBOL172A,Computer,Laptop,Assigned,PF2XV18Q,Lenovo,"Thinkpad L14 Gen 1",84500,2021-07-16,"Global Brands Pvt Ltd.",n/a,"Faysal Ahmed",Quality,MWR,DBO,DBO,fahmed,,,"Intel Core i5 10210U",,500,,8192,,,0,"Win 11 Pro",2025-06-22,B-174,"Win 10 Pro",96NQG-X9VYX-P3WW4-8KJWV-XD722,
BD-03299,,INV-GBPGL-2021-005103,,"Computer Accessories",Headset,Assigned,218010H1201960,Rapoo,H120,1030,2021-09-29,"Global Brands Pvt Ltd.",n/A,"Md Alauddin","Marketing & Merchandising",MWR,DBO,DBO,malauddin,,,,,,,,,,0,,,,,,
BD-03300,,INV-GBPGL-2021-005103,,"Computer Accessories",Headset,Assigned,218010H1201971,Rapoo,H120,1030,2021-09-29,"Global Brands Pvt Ltd.",n/A,"Eftekhar Mashuk","Marketing & Merchandising",MWR,DBO,DBO,emashuk,,,,,,,,,,0,,,,,,
BD-03301,,INV-GBPGL-2021-005103,,"Computer Accessories",Headset,"Need to Dispose",218010H1201970,Rapoo,H120,1030,2021-09-29,"Global Brands Pvt Ltd.",n/A,"Ex user Ashraful Alam","Marketing & Merchandising",MWR,DBO,DBO,aalam,,,,,,,,,,0,,,,,,
BD-03302,,INV-GBPGL-2021-005103,,"Computer Accessories",Headset,Assigned,218010H1201965,Rapoo,H120,1030,2021-09-29,"Global Brands Pvt Ltd.",n/A,"Anca Alexe",Technical,MWR,DBO,DBO,aalexe,,,,,,,,,,0,,,,,,
BD-03303,,INV-GBPGL-2021-005103,,"Computer Accessories",Headset,Assigned,218010H1201951,Rapoo,H120,1030,2021-09-29,"Global Brands Pvt Ltd.",n/A,Saydujjaman.Sayed,"Marketing & Merchandising",LWR,HO,DBO,ssayed,,,,,,,,,,0,,,,,,
BD-03304,11004000274,n/a,DBOL173A,Computer,Laptop,Assigned,PF2YP2KY,Lenovo,"Thinkpad L14 Gen 1",84500,2021-07-16,"Global Brands Pvt Ltd.",n/a,"Shahin Hossain 2",Technical,MWR,DBO,DBO,shahihossain,,,"Intel Core i5 10210U",,500,,8192,,,0,"Win 10 Pro",2022-09-05,B-381,"Win 10 Pro",MN9R4-8VFWT-PMPG6-DQPGJ-WB49C,
BD-03305,11004000259,1,,"Barcode Reader","Barcode reader",Assigned,051BEJA9312201IABI1/MTL512848B,Casio,"MT CU 970",1,2021-08-08,"Avery Dennison",n/a,"MD Rubel",Finishing,LWR,SIL,SDL,mrubel,,,,,,,,,,0,,,,,,
BD-03306,21004000293,1,,"Barcode Reader","Barcode reader",Assigned,051BEJA1214023IABJ1/MTL513780B,Casio,"MT CU 970",1,2021-08-08,"Avery Dennison",n/a,"Rubel Farazi",Finishing,LWR,SDL,SDL,rfarazi,,,,,,,,,,0,,,,,,
BD-03307,,n/a,DBOL174,Computer,Laptop,Assigned,PF2XV7V4,Lenovo,"Tinkpad L14 G1",84500,2021-07-16,"Global Brands Pvt Ltd.",n/a,"Abul Basher",Quality,LWR,DBO,DBO,abasher,,,"Intel Core i5 10210U",,500,,8192,,,0,"Win 10 Pro",2021-10-04,Yes,"Win 10 Pro",NT3P2-VPKT4-VTD3P-7F6QY-TXXTP,
BD-03308,,n/a,,Display,Monitor,Assigned,103NTVS2B439,LG,22MK600M-B,11000,2021-07-07,"Global Brands Pvt Ltd.",na,"Saidur Rahman",Finishing,LWR,SDL,SDL,sairahman,,,,,,,,,,0,,,,,,
BD-03309,,n/a,,Display,Monitor,Assigned,103NTDV2B258,LG,22MK600M-B,11500,2021-07-07,"Global Brands Pvt Ltd.",na,"Asikur Rahman2",Finishing,LWR,SDL,SDL,asirahman,,,,,,,,,,0,,,,,,
BD-03310,,n/a,,"Computer Accessories",Headset,Assigned,218010H1202928,Rapoo,H120,1000,2021-10-10,"Ryans IT Ltd",na,"MD Shamim",Sample,LWR,SDL,SDL,mshamim,,,,,,,,,,0,,,,,,
BD-03311,,n/a,,"Computer Accessories",Headset,Assigned,218010H1202936,Rapoo,H120,1000,2021-10-10,"Ryans IT",na,"Abu Hasnat","Marketing & Merchandising",LWR,SDL,SDL,ahasnat,,,,,,,,,,0,,,,,,
BD-03312,,n/a,,"Computer Accessories",Headset,Assigned,218010H1201950,Rapoo,H120,1000,2021-10-10,"Ryans IT",na,"Saiful Alam","Marketing & Merchandising",LWR,SDL,SDL,salam,,,,,,,,,,0,,,,,,
BD-03313,,n/a,,"Computer Accessories",Headset,Assigned,218010H1201934,Rapoo,H120,1000,2021-10-10,"Ryans IT",na,"Mohmodul Hasan",PCC,LWR,SDL,SDL,mahmhasan,,,,,,,,,,0,,,,,,
BD-03314,,n/a,,"Computer Accessories",Headset,"Need to Dispose",218010H1201922,Rapoo,H120,1000,2021-10-10,"Ryans IT Ltd",na,"Rayhan Hossain",Merchandising,LWR,SDL,SDL,hrayhan,,,,,,,,,,0,,,,,,
BD-03315,,B-1616611,,"Computer Accessories",Headset,Assigned,218010H120002547,Rapoo,H120,1000,2021-10-10,"Ryans IT Ltd",n/a,"Nazmul Islam","Marketing & Merchandising",LWR,SIL,SDL,nazislam,,,,,,,,,,0,,,,,,
BD-03316,,B-1616611,,"Computer Accessories",Headset,Assigned,218010H120002937,Rapoo,H120,1000,2021-10-10,"Ryans IT Ltd",n/a,"Rokibur Biswas","Marketing & Merchandising",LWR,SIL,SDL,rbiswas,,,,,,,,,,0,,,,,,
BD-03317,,n/a,,"Computer Accessories",Headset,Stock,218010H120002917,Rapoo,H120,1000,2021-10-10,"Ryans IT Ltd",n/a,"Mstafizur Topu","Marketing & Merchandising",LWR,SIL,SDL,mtopu,,,,,,,,,,0,,,,,,
BD-03318,,B-1616611,,"Computer Accessories",Headset,Stock,218010H120002569,Rapoo,H120,1000,2021-10-10,"Ryans IT Ltd",n/a,"Fahad Hossain",Finance,LWR,SIL,SDL,fahossain,,,,,,,,,,0,,,,,,
BD-03319,,B-1616611,,"Computer Accessories",Headset,Assigned,218010H1202560,Rapoo,H120,1000,2021-10-10,"Ryans IT Ltd",n/a,"Nure Alam",Costing,LWR,SIL,SDL,nalam,,,,,,,,,,0,,,,,,
BD-03320,,B-1616611,,"Computer Accessories",Headset,Assigned,218010H120002940,Rapoo,H120,1000,2021-10-10,"Ryans IT Ltd",n/a,"Rokhsana Akter","Human Resource",LWR,SIL,SDL,rokakter,,,,,,,,,,0,,,,,,
BD-03321,,B-1616611,,"Computer Accessories",Headset,Assigned,218010H120002546,Rapoo,H120,1000,2021-10-10,"Ryans IT Ltd",n/a,"Osman Goni",Finishing,LWR,SIL,SDL,ogoni,,,,,,,,,,0,,,,,,
BD-03322,,n/a,,"Computer Accessories",Headset,Assigned,218010H120002898,Rapoo,H120,1000,2021-10-10,"Ryans IT Ltd",n/a,"Md Zakaria 2","Marketing & Merchandising",LWR,SIL,SDL,mdzakaria,,,,,,,,,,0,,,,,,
BD-03323,,B-1616611,,"Computer Accessories",Headset,Stock,218010H1202566,Rapoo,H120,1000,2021-10-10,"Ryans IT Ltd",n/a,,MIS,LWR,SIL,SDL,,,,,,,,,,,0,,,,,,
BD-03324,,B-1616611,,"Computer Accessories",Headset,Assigned,218010H120002577,Rapoo,H120,1000,2021-10-10,"Ryans IT Ltd",n/a,"Abubockor Siddik","Industrial Engineering",LWR,SIL,SDL,absiddik,,,,,,,,,,0,,,,,,
BD-03325,,n/a,,"Computer Accessories",Headset,Assigned,218010H120002539,Rapoo,H120,1000,2021-10-10,"Ryans IT Ltd",n/a,"Sarwar Hasan","Marketing & Merchandising",LWR,SIL,SDL,hsarwar,,,,,,,,,,0,,,,,,
BD-03326,,B-1616611,,"Computer Accessories",Headset,Assigned,218010H120002559,Rapoo,H120,1000,2021-10-10,"Ryans IT Ltd",n/a,"Sumit Dewan",Sample,LWR,SIL,SDL,sdewan,,,,,,,,,,0,,,,,,
BD-03327,,B-1616611,,"Computer Accessories",Headset,Assigned,218010H120002901,Rapoo,H120,1000,2021-10-10,"Ryans IT Ltd",n/a,"Nasir Ahmed","Human Resource",LWR,SIL,SDL,nahmed,,,,,,,,,,0,,,,,,
BD-03328,,B-1616611,,"Computer Accessories",Headset,Assigned,218010H120001931,Rapoo,H120,1000,2021-10-10,"Ryans IT Ltd",n/a,"Safiqur Rahman",Costing,LWR,SIL,SDL,srahman,,,,,,,,,,0,,,,,,
BD-03329,,B-1616611,,"Computer Accessories",Headset,Assigned,218010H120002565,Rapoo,H120,1000,2021-10-10,"Ryans IT Ltd",n/a,"Syed Imran","Marketing & Merchandising",LWR,SIL,SDL,simran,,,,,,,,,,0,,,,,,
BD-03330,,B-1616611,,"Computer Accessories",Headset,Assigned,218010H120002538,Rapoo,H120,1000,2021-10-10,"Ryans IT Ltd",n/a,"Mohiuddin Mohammad","Marketing & Merchandising",LWR,SIL,SDL,mmohammad,,,,,,,,,,0,,,,,,
BD-03331,,n/a,,Display,Monitor,Assigned,108NTHM51953,LG,22MK600M-B,15400,2021-10-14,"Global Brands Pvt Ltd.",n/a,"Nazmun Naher","Human Resource",LWR,SIL,SDL,nnaher,,,,,,,,,,0,,,,,,
BD-03332,,n/a,,Display,Monitor,Assigned,108NTEP51940,LG,22MK600M-B,15400,2021-10-15,"Global Brands Pvt Ltd.",n/a,"Mohammad Shafiq",Planning,LWR,SIL,SDL,mshafiq,,,,,,,,,,0,,,,,,
BD-03333,,n/a,,Display,Monitor,Assigned,108NTZN52005,LG,22MK600M-B,15400,2021-10-10,"Global Brands Pvt Ltd.",n/a,"Feroz Uddin","Marketing & Merchandising",LWR,SIL,SDL,fuddin,,,,,,,,,,0,,,,,,
BD-03334,,n/a,,Display,Monitor,Assigned,108NTAB52016,LG,22MK600M-B,15400,2021-10-10,"Global Brands Pvt Ltd.",n/a,"Iftakharul Islam","Marketing & Merchandising",LWR,SIL,SDL,iislam,,,,,,,,,,0,,,,,,
BD-03335,,n/a,,UPS,UPS,Assigned,202105270403,NPS,1200VA,4900,2021-10-10,"Numeric Technology",na,"Saidur Rahman",Finishing,LWR,SDL,SDL,sairahman,,,,,,,,,,0,,,,,,
BD-03335,,n/a,,UPS,UPS,Assigned,202105270403,NPS,1200VA,4900,2021-10-10,"Numeric Technology",na,"Saidur Rahman",Finishing,LWR,SDL,SDL,sairahman,,"Asus Prime H410M-CS","Intel core i3 10100",,256,,8192,,,0,"Win 10 Pro",2021-10-20,,None,,
BD-03335,,INV-GBPGL-2021-005414,SDLD528,Computer,Desktop,Assigned,210280932600105,Asus,"Prime H410M-CS",32450,2021-10-10,"Global Brands Pvt Ltd.",n/a,"Saidur Rahman",Finishing,LWR,SDL,SDL,sairahman,,,,,,,,,,0,,,,,,
BD-03335,,INV-GBPGL-2021-005414,SDLD528,Computer,Desktop,Assigned,210280932600105,Asus,"Prime H410M-CS",32450,2021-10-10,"Global Brands Pvt Ltd.",n/a,"Saidur Rahman",Finishing,LWR,SDL,SDL,sairahman,,"Asus Prime H410M-CS","Intel core i3 10100",,256,,8192,,,0,"Win 10 Pro",2021-10-20,,None,,
BD-03336,,n/a,,UPS,UPS,Assigned,202105270200,NPS,1200VA,4900,2021-10-10,"Numeric Technology",na,"Ramzan Ali",Cutting,LWR,SDL,SDL,ramali,,,,,,,,,,0,,,,,,
BD-03338,,0,,Computer,Tablet,Assigned,N5LNU21318202462,Huawei,"AGS3 W09",0,0001-01-01,"Ryans IT Ltd",n/a,"SIL Cutting",Cutting,LWR,SIL,SDL,,,,,,,,,,,0,,,,,,"Cable Damaged"
BD-03339,,n/a,DBOL179,Computer,Laptop,Assigned,PF2XV4PN,Lenovo,"Tinkpad L14 G1",84500,2021-07-16,"Global Brands Pvt Ltd.",n/a,"Sabbir Shetol","Marketing & Merchandising",LWR,DBO,"CastleCrafts Limited",sshetol,,,"Intel Core i5 10210U",2.1,500,,8192,,,84500,"Win 11 Pro",2025-08-30,Yes,"Win 11 Pro",6NJK8-96RR6-9YGVT-V87QJ-JFG6P,"Laptop na assigned 3082025 b464"
BD-03340,,B-1616611,,"Computer Accessories",Headset,"Need to Dispose",218010H120002926,Rapoo,H120,1000,2021-10-10,"Ryans IT Ltd",n/a,Nazrul,"Fabric Technical",MWR,DBO,DBO,Islam2,,,,,,,,,,0,,,,,,
BD-03341,,B-1616611,,"Computer Accessories",Headset,Assigned,218010H120002930,Rapoo,H120,1000,2021-10-10,"Ryans IT Ltd",n/a,"Hoque, Jahid",Finance,MWR,SDL,"Shanta Denim Limited",jhoque,,,,,,,,,,0,,,,,,
BD-03342,,B-1616611,,"Computer Accessories",Headset,Assigned,218010H1202530,Rapoo,H120,1000,2021-10-10,"Ryans IT Ltd",n/a,"Delowar Hossain","Marketing & Merchandising",MWR,DBO,DBO,dehossain,,,,,,,,,,0,,,,,,
BD-03343,,B-1616611,,"Computer Accessories",Headset,Service,218010H120002549,Rapoo,H120,1000,2021-10-10,"Ryans IT Ltd",n/a,"Shahin Hossain",Technical,LWR,DBO,DBO,shahhossain,,,,,,,,,,0,,,,,,
BD-03344,,B-1616613,,"Computer Accessories",Speaker,Assigned,00253004889,Jabra,"Jabra 510",12500,2021-10-10,"Ryans IT Ltd",7510-109,"Shahin Hossain2",Technical,MWR,DBO,DBO,ShahiHossain,,,,,,,,,,0,,,,,,
BD-03345,,n/a,,UPS,UPS,Assigned,202105270102,NPS,1200VA,4900,2021-10-10,"Numeric Technology",n/a,"Mohammad Waliullah","Marketing & Merchandising",LWR,SIL,SDL,mwaliullah,,,,,,,,,,0,,,,,,
BD-03346,,n/a,,Display,Monitor,Assigned,108NTGY51719,LG,22MK600M-B,14500,2021-10-10,"Global Brands Pvt Ltd.",n/a,"Mohammad Waliullah","Marketing & Merchandising",LWR,SIL,SDL,mwaliullah,,,,,,,,,,0,,,,,,
BD-03347,,n/a,SDLD529,Computer,Desktop,Assigned,n/a,Clone,"Asus Prime H410M-CS",50000,2021-10-10,"Global Brands Pvt Ltd.",n/a,"Swatch Cut -4",Store,LWR,SDL,SDL,shariislam,,"Asus Prime H410M-CS","Intel core i3 10100",,256,,8192,,,0,"Win 10 Pro",2021-10-30,,None,,
BD-03348,,B-1616613,,"Computer Accessories",Speaker,Assigned,00253003786,Jabra,"Jabra 510",12500,2021-10-10,"Ryans IT Ltd",7510-109,"Shofiqul Islam","Qaulity Assurance",MWR,DBO,DBO,shislam,,,,,,,,,,,,,,,,
BD-03349,,B-1616613,,"Computer Accessories",Speaker,Assigned,00253004886,Jabra,"Jabra 510",12500,2021-10-10,"Ryans IT Ltd",7510-109,"Anca Alexe",Technical,MWR,DBO,DBO,aalexe,,,,,,,,,,0,,,,,,
BD-03350,,345,,Display,Monitor,Assigned,108NTQD51812,LG,22MK600M,15000,2021-01-01,"Global Brands Pvt Ltd.",DBO50006,"Roxana Dobrila",Technical,MWR,DBO,DBO,rdobrila,,,,,,,,,,0,,,,,,
BD-03351,,n/a,DBOL175,Computer,Laptop,Assigned,PF2XC3C3,Lenovo,"Tinkpad L14 G1",84500,2021-07-16,"Global Brands Pvt Ltd.",n/a,"Abid Hasan",Merchandising,LWR,DBO,DBO,abhasan,,,"Intel Core i5 10210U",,500,,8192,,,0,"Win 10 Pro",2021-01-11,Yes,"Win 10 Pro",XJWRN-KK97T-2W8RQ-VWGDY-PR4C2,
BD-03352,,n/a,DBOL187A,Computer,Laptop,Assigned,PF2XV7TP,Lenovo,"Tinkpad L14 G1",84500,2021-07-16,"Global Brands Pvt Ltd.",n/a,"Musfik Ahmed",Merchandising,LWR,DBO,"Dhaka Buying Office",mahmed,,,"Intel Core i5 10210U",,500,,8192,,,0,"Win 10 Pro",2021-12-27,B-389,,6HNMT-TJ27Y-3XFVX-KX3XG-H8RC2,
BD-03354,,n/a,SDLL305,Computer,Laptop,Assigned,PF2XTSQL,Lenovo,"Tinkpad L14 G1",84500,2021-07-16,"Global Brands Pvt Ltd.",n/a,"Rubel Farazi",Finishing,LWR,SDL,SDL,rfarazi,,,"Intel Core i5 10210U",,500,,8192,,,0,"Win 10 Pro",2021-11-04,,"Win 10 Pro",Y62XN-79XPR-Q2X4C-KVH42-4RG6P,
BD-03355,,INV-GBPGL-2021-005862,SDLD530,Computer,Desktop,Assigned,210585980003666,Clone,"ASUS PRIME H510M-K  ",53850,2021-10-31,"Global Brands Pvt Ltd.",n/a,"Ragib Mahbub",Fabric,LWR,SIL,SDL,rmahbub,,"ASUS PRIME H510M-K  ","Intel core i3 10100",,256,,8192,,,53850,"Win 10 Pro",2021-11-04,,"Win 10 Pro",V6WXN-BY929-6PYT4-BMM7P-6JF9C,
BD-03356,,INV-GBPGL-2021-005862,SDLD531,Computer,Desktop,Assigned,210585979602419,Clone,"ASUS PRIME H510M-K",55000,2021-10-31,"Global Brands Pvt Ltd.",n/a,"Mehadi Hasan3","Human Resource",LWR,SIL,SDL,mhasan3,,"ASUS PRIME H510M-K","Intel core i3 10100",,256,,8192,,,55000,"Win 10 Pro",2021-11-06,,"Win 10 Pro",3PYNX-VTCQY-283D4-CGGXG-D3WXC,"headphone assigned 2192025"
BD-03357,,n/a,,"Computer Accessories",Keyboard,Assigned,2110LZD0C3C8,Logitech,Mk235,1,2021-10-10,"Global Brands Pvt Ltd.",n/a,"Nabil Mansur","Finance & Acounts",LWR,SIL,SDL,nmansur,,,,,,,,,,0,,,,,,
BD-03358,,INV-GBPGL-2021-005862,SDLD532A,Computer,Desktop,Assigned,210585979600485,Clone,"ASUS PRIME H510M-K",55000,2021-10-31,"Global Brands Pvt Ltd.",n/a,"Mazharul Islam","Sampel Development",LWR,SDL,SDL,mazislam,,,"Intel core i3 10100",,256,,8192,,,0,"Win 10 Pro",2021-12-08,,"Win 10 Pro",F9WQX-9DN7M-B9TRC-TGVB8-TQ722,
BD-03359,,INV-GBPGL-2021-005862,SDLD533,Computer,Desktop,Assigned,210585979600547,Clone,"Asus Prime H410M-CS",55000,2021-10-31,"Global Brands Pvt Ltd.",n/a,"Shaheen Hasan","Human Resource",LWR,SDL,SDL,hshaheen,,,"Intel core i3 10100",,256,,8192,,,0,"Win 10 Pro",2021-11-09,,"Win 10 Pro",JQ4TV-NY63G-XCFC4-HDCY9-V22KC,
BD-03360,,B-1616613,,"Computer Accessories",Headset,Assigned,218010H120002545,Rapoo,H120,1000,2021-07-16,"Ryans IT Ltd",n/a,"Fariduddin Ahmed",PCC,SWR,SDL,SDL,farahmed2,,,,,,,,,,0,,,,,,
BD-03361,,INV-GBPGL-2021-005862,SDLD534,Computer,Desktop,Assigned,210585979600471,Clone,"ASUS PRIME H510M-K",55000,2021-10-31,"Global Brands Pvt Ltd.",n/a,"Md Asaduzzaman",Quality,LWR,SDL,SDL,masaduzzaman,,,"Intel core i3 10100",,256,,8192,,,0,"Win 10 Pro",2021-11-09,,"Win 10 Pro",Q4VNF-W6HYY-MXG88-BBK2P-V8RC2,
BD-03362,,B-1616613,,"Computer Accessories",Headset,Assigned,218010H120002554,Rapoo,H120,1000,2021-07-16,"Ryans IT Ltd",n/a,"Rokibul Islam","Marketing & Merchandising",LWR,SIL,SDL,roislam,,,,,,,,,,0,,,,,,
BD-03363,,INV-GBPGL-2021-005862,,Display,Monitor,Assigned,109NTCZ2T291,LG,22MK430H,13500,2021-10-31,"Global Brands Pvt Ltd.",n/a,"Imran Hossain 3",Quality,LWR,SDL,SDL,imrahossain,,,,,,,,,,0,,,,,,
BD-03364,,B-1616611,,"Computer Accessories",Headset,Assigned,218010H120002911,Rapoo,H120,1000,2021-10-31,"Ryans IT Ltd",n/a,"Ashraful Karim",Operation,LWR,SIL,SDL,askarim,,,,,,,,,,0,,,,,,
BD-03365,,n/a,DBOL255,Computer,Laptop,Assigned,PF2Y935V,Lenovo,"Tinkpad L14 G1",84500,2021-10-31,"Global Brands Pvt Ltd.",n/a,"Ariful Islam2","Qaulity Assurance",LWR,DBO,"Dhaka Buying Office",arislam,,,"Intel Core i5 10210U",,500,,8192,,,84500,"Win 11 Pro",2025-12-11,B-385,"Win 11 Pro",84NXT-G8F68-Q7BTR-DGBJW-82QGP,
BD-03366,,INV-GBPGL-2021-005862,SDLD535,Computer,Desktop,Assigned,210280932600763,Clone,"Asus Prime H410M-CS",40000,2021-10-31,"Global Brands Pvt Ltd.",n/a,"Sirajul Islam",Sample,LWR,SDL,SDL,sirislam,,"Asus Prime H410M-CS","Intel core i3 10100",,256,,8192,,,0,"Win 10 Pro",2021-11-20,,"Win 10 Pro",GYKH4-3N633-PVJVV-6BT7V-J3BP4,
BD-03367,,B-1655124,,"Computer Accessories",Headset,Assigned,218010H120002553,Rapoo,H120,1000,2021-11-22,"Ryans IT Ltd",n/a,"Amirul Islam","Human Resource",LWR,SDL,SDL,amislam,,,,,,,,,,0,,,,,,
BD-03368,,B-1655124,,"Computer Accessories",Headset,Assigned,218010H120002912,Rapoo,H120,1000,2021-11-22,"Ryans IT Ltd",n/a,"Asish Kumar Ghosh","Human Resource",LWR,SDL,SDL,akumarghosh,,,,,,,,,,0,,,,,,
BD-03369,,B-1655124,,"Computer Accessories",Headset,"Need to Dispose",218010H120001943,Rapoo,H120,1000,2021-11-22,"Ryans IT Ltd",n/a,"Anase Bandu",Cutting,LWR,SIL,SDL,abandu,,,,,,,,,,0,,,,,,
BD-03370,,B-1655124,,"Computer Accessories",Headset,Assigned,218010H120002544,Rapoo,H120,1000,2021-11-29,"Ryans IT Ltd",n/a,"Shajedul Hasan","Marketing & Merchandising",LWR,SIL,SDL,shahasan,,,,,,,,,,0,,,,,,
BD-03371,,B-1655124,,"Computer Accessories",Headset,Assigned,218010H120002555,Rapoo,H120,1000,2021-11-20,"Ryans IT Ltd",n/a,"Abu Maruf","Marketing & Merchandising",MWR,DBO,DBO,amaruf,,,,,,,,,,0,,,,,,
BD-03372,,B-1655124,,"Computer Accessories",Headset,Assigned,218010H120002927,Rapoo,H120,1000,2021-11-20,"Ryans IT Ltd",n/a,"Musfik Ahmed",Merchandising,MWR,DBO,DBO,mahmed,,,,,,,,,,0,,,,,,
BD-03373,,B-1655124,,"Computer Accessories",Headset,Assigned,218010H120002933,Rapoo,H120,1000,2021-11-20,"Ryans IT Ltd",n/a,"Mozibur Rahman",Commercial,LWR,HO,HO,mozrahman,,,,,,,,,,0,,,,,,
BD-03374,,B-1655124,,"Computer Accessories",Headset,Assigned,218010H120001938,Rapoo,H120,1000,2021-11-20,"Ryans IT Ltd",n/a,"Mohammad Hamidul","Finance & Acounts",LWR,SIL,SDL,mhamidul,,,,,,,,,,0,,,,,,
BD-03375,,1,SDLL306,Computer,Laptop,Assigned,5CD138BH46,"HP ","Probook 640 G8",1,2021-11-11,"From UK IT",n/a,"Richard Heath",Director,LWR,SIL,SDL,rheath,,,"Intel Core i5 1145G7",,500,,8192,,,0,"Win 10 Pro",,,None,,
BD-03376,,INV-GBPGL-2021-005414,,Display,Monitor,Assigned,109NTCZ2U099,LG,22MK430H,13500,2021-10-30,"Global Brands Pvt Ltd.",n/a,"Saiful Islam 3","Industrial Engineering",LWR,SIL,SDL,saifislam,,,,,,,,,,0,,,,,,
BD-03377,,INV-GBPGL-2021-005414,,Display,Monitor,Assigned,109NTZN2U101,LG,22MK430H,13500,2021-10-30,"Global Brands Pvt Ltd.",n/a,"Saiful Sourav",MIS,LWR,SIL,SDL,ssourav,,,,,,,,,,0,,,,,,
BD-03378,,B-1616611,,"Computer Accessories",Headset,Assigned,218010H120002562,Rapoo,H120,1000,2021-11-20,"Ryans IT Ltd",n/a,"Mominul Islam","Industrial Engineering",LWR,SIL,SDL,momislam,,,,,,,,,,0,,,,,,
BD-03379,,INV-GBPGL-2021-005862,,Display,Monitor,Assigned,109NTQD2U100,LG,22MK430H,13500,2021-10-30,"Global Brands Pvt Ltd.",n/a,"Zahangir Alam",Sample,LWR,SIL,SDL,zahalam,,,,,,,,,,0,,,,,,
BD-03380,,INV-GBPGL-2021-005414,,Display,Monitor,Assigned,109NTTQ2T273,LG,22MK430H,13500,2021-10-30,"Global Brands Pvt Ltd.",n/a,"Imran Hossain",Lab,LWR,SDL,SDL,imhossain,,,,,,,,,,0,,,,,,
BD-03381,,INV-GBPGL-2021-005862,SDLD536,Computer,Desktop,Assigned,210280932600565,Clone,"Asus Prime H410M-CS",50000,2021-11-30,"Global Brands Pvt Ltd.",n/a,"Abdur Rahim Shoikot",Commercial,LWR,SDL,SDL,ashoikot,,"Asus Prime H410M-CS","Intel core i3 10100",,256,,8192,,,0,"Win 10 Pro",2021-12-06,,"Win 10 Pro",GTG7K-DMNP9-DXYH6-R8D6Y-WHV22,
BD-03382,,INV-GBPGL-2021-005862,,Display,Monitor,Assigned,109NTQD2U004,LG,22MK430H,13400,2021-10-30,"Global Brands Pvt Ltd.",n/a,"Ashraful Islam 2","Marketing & Merchandising",LWR,SIL,SDL,asislam,,,,,,,,,,0,,,,,,
BD-03383,,B-1616611,,"Computer Accessories",Headset,Assigned,218010H120002543,Rapoo,H120,1000,2021-11-30,"Ryans IT Ltd",n/a,"Zulfikar Ali","Marketing & Merchandising",LWR,SIL,SDL,zali,,,,,,,,,,0,,,,,,
BD-03384,,INV-GBPGL-2021-005862,SDLD537,Computer,"Desktop ",Assigned,210280932600624,Clone,"Asus Prime H410M-CS",45000,2021-10-30,"Global Brands Pvt Ltd.",n/a,"Shahadot Jaman",Costing,LWR,SIL,SDL,sjaman,,"Asus Prime H410M-CS","Intel core i3 10100",,256,,8192,,,0,"Win 10 Pro",2021-12-11,,"Win 10 Pro",7F4FN-Q8KWH-97XYX-QKPBJ-GVJXC,
BD-03385,,B-1655124,,"Computer Accessories",Headset,Assigned,218010H120002896,Rapoo,H120,1000,2021-11-30,"Ryans IT Ltd",n/a,"Masud Sikder","Marketing & Merchandising",LWR,SIL,SDL,msikder,,,,,,,,,,0,,,,,,
BD-03386,,B-1655124,,"Computer Accessories",Headset,Assigned,218010H120002578,Rapoo,H120,1000,2021-11-30,"Ryans IT Ltd",n/a,Taherul.Islam,"Marketing & Merchandising",LWR,SIL,SDL,taislam,,,,,,,,,,0,,,,,,
BD-03387,,B-1655124,,"Computer Accessories",Headset,Assigned,218010H120002903,Rapoo,H120,1000,2021-11-30,"Ryans IT Ltd",n/a,"Gamini Amarasinghe","HR & Compliance",LWR,SIL,SDL,gamarasinghe,,,,,,,,,,0,,,,,,
BD-03388,,INV-GBPGL-2021-005414,,Display,Monitor,Assigned,109NTQD2T292,LG,22MK430H,13400,2021-10-30,"Global Brands Pvt Ltd.",n/a,"Sumaiya Akter",Fabric,LWR,SIL,SDL,suakter,,,,,,,,,,0,,,,,,
BD-03389,,INV-GBPGL-2021-005414,,Display,Monitor,Assigned,109NTXR2T306,LG,22MK430H,13400,2021-11-30,"Global Brands Pvt Ltd.",n/a,"Shehab Shafiq",Fabric,LWR,SIL,SDL,sshafiq,,,,,,,,,,0,,,,,,
BD-03390,,B-1655124,,"Computer Accessories",Headset,Assigned,218010H120001928,Rapoo,H120,1000,2021-11-30,"Ryans IT Ltd",n/a,"Ahmed Eshtiaq","Marketing & Merchandising",LWR,SIL,SDL,aeshtiaq,,,,,,,,,,0,,,,,,
BD-03391,,0,,T&A,"Attendance device",Assigned,7319407,FingerTech,Timeline100,15000,2021-11-11,"General Automation",n/a,10.140.8.50,"Human Resource",LWR,SDL,SDL,,,,,,,,,10.140.8.50,,0,,,,,,
BD-03392,,n/a,SDLD539,Computer,Desktop,Assigned,PGVXV0C8JBL2ZE,HP,"Elitedesk 800 G4 DM 35W",29000,2021-12-26,"MS Khan Brothers Computer",SIL0000195,"Omar Farook",Finance,LWR,SIL,SDL,ofarook,,,"Intel Core i5 8500T",,256,,8192,,,0,"Win 10 Pro",2021-12-27,,"Win 10 Pro","Built in",
BD-03393,,INV-GBPGL-2021-005414,SDLD540,Computer,Desktop,Assigned,210280932600625,Clone,"Asus Prime H410M-CS",40000,2021-11-21,"Global Brands Pvt Ltd.",n/a,"Faisal Ahmed",Costing,LWR,SIL,SDL,fahemed,,,"Intel core i3 10100",,256,,8192,,,0,"Win 10 Pro",2021-12-28,,"Win 10 Pro",7GRRW-CNYG3-64D3G-PFQ42-BTDGP,
BD-03394,,B-1655124,,"Computer Accessories",Headset,Assigned,218010H120002527,Rapoo,H120,1000,2021-11-30,"Ryans IT Ltd",n/a,"Mamunur Rahman",MIS,LWR,SIL,SDL,mamrahman,,,,,,,,,,0,,,,,,
BD-03395,,B-1655124,,"Computer Accessories",Headset,Assigned,218010H120002534,Rapoo,H120,1000,2021-11-30,"Ryans IT Ltd",n/a,"Nazmul Hossain","Marketing & Merchandising",LWR,SIL,SDL,nahossain,,,,,,,,,,0,,,,,,
BD-03396,,0,,Display,Monitor,Assigned,109NTDVP3490,LG,22MK430H,0,2021-12-29,"Global Brands Pvt Ltd.",n/a,"Sabuj gazi",Design,LWR,SIL,SDL,sgazi,,,,,,,,,,0,,,,,,
BD-03397,``,INV-GBPGL-2021-005862,,Display,Monitor,Assigned,109NTFAP3115,LG,22MK430H,14000,2021-12-29,"Global Brands Pvt Ltd.",n/a,"Swatch Cut -4",Store,LWR,SDL,SDL,shariislam,,,,,,,,,,0,,,,,,
BD-03398,,INV-GBPGL-2021-005862,,Display,Monitor,Stock,109NTDVP3562,LG,22MK430H,14000,2021-12-29,"Global Brands Pvt Ltd.",n/a,,MIS,LWR,SIL,SDL,,,,,,,,,,,0,,,,,,
BD-03399,,INV-GBPGL-2021-005862,,Display,Monitor,Stock,109NTCZP3171,LG,22MK430H,14000,2021-12-29,"Global Brands Pvt Ltd.",n/a,,MIS,LWR,SIL,SDL,,,,,,,,,,,0,,,,,,
BD-03400,,INV-GBPGL-2021-005862,,Display,Monitor,Stock,109NTMXP3491,LG,22MK430H,14000,2021-12-29,"Global Brands Pvt Ltd.",n/a,,Finishing,LWR,SIL,SDL,,,,,,,,,,,0,,,,,,
BD-03401,,INV-GBPGL-2021-005862,,Display,Monitor,Assigned,109NTBKP3525,LG,22MK430H,14000,2021-12-29,"Global Brands Pvt Ltd.",n/a,"Mirza Salekul","Industrial Engineering",LWR,SIL,SDL,msalekul,,,,,,,,,,0,,,,,,
BD-03402,,INV-GBPGL-2021-005862,,Display,Monitor,Stock,109NTMXP3515,LG,22MK430H,14000,2021-12-29,"Global Brands Pvt Ltd.",n/a,,MIS,LWR,SIL,SDL,,,,,,,,,,,0,,,,,,
BD-03403,,INV-GBPGL-2021-005862,,Display,Monitor,Assigned,110NTSU3V230,LG,22MK430H,14000,2021-12-29,"Global Brands Pvt Ltd.",n/a,"Bappi Hossain","Industrial Engineering",LWR,SIL,SDL,,,,,,,,,,,0,,,,,,
BD-03404,,n/a,,Display,Monitor,Stock,108NTQD51860,LG,22MK600M-B,14000,2021-11-11,"Global Brands Pvt Ltd.",n/a,,MIS,LWR,SIL,SDL,,,,,,,,,,,0,,,,,,
BD-03405,,0,,"Computer Accessories",Headset,Assigned,218010H120001948,Rapoo,H120,1000,2021-11-30,"Ryans IT Ltd",n/a,"Mohammed Zakiri","Technical & Quality",LWR,SDL,"Shanta Denim Limited",zmohammed,,,,,,,,,,0,,,,,,
BD-03406,,B-1655124,,"Computer Accessories",Headset,Assigned,218010H120002572,Rapoo,H120,1000,2021-11-30,"Ryans IT Ltd",n/a,"Mahibul Haque",Fabric,LWR,DBO,DBO,mhaque,,,,,,,,,,0,,,,,,
BD-03407,,n/a,,UPS,UPS,Assigned,202105270261,NPS,1200VA,4900,2021-12-22,"Numeric Technology",n/a,"Sumaiya Akter",Fabric,LWR,SIL,SDL,suakter,,,,,,,,,,0,,,,,,
BD-03408,,n/a,,UPS,UPS,Assigned,202105270262,NPS,1200VA,4900,2021-12-12,"Numeric Technology",n/a,"Shehab Shafiq",Fabric,LWR,SIL,SDL,sshafiq,,,,,,,,,,0,,,,,,
BD-03409,,n/a,,"Computer Accessories",Headset,Stock,218010H120002899,Rapoo,H120,1000,2021-11-30,"Ryans IT Ltd",n/a,,MIS,LWR,DBO,DBO,,,,,,,,,,,0,,,,,,
BD-03410,,n/a,,UPS,UPS,Assigned,202105270345,NPS,1200VA,4900,2022-02-01,"Numeric Technology",n/a,"Sumon Hawlader",Quality,LWR,SIL,SDL,shawlader,,,,,,,,,,0,,,,,,
BD-03411,,N/A,,"Computer Accessories",Headset,Assigned,218010H1201941,Rappo,H120,1030,2021-09-29,"Global Brands Pvt Ltd.",N/A,"Shahid Hossain","Finance & Acounts",LWR,HO,DBO,shahossain,,,,,,,,,,0,,,,,,
BD-03412,,1,,"Computer Accessories",Speaker,Assigned,0648701332,Jabra,"Jabra 510",11850,2022-01-23,"MS Khan Brothers Computer",DBO5000106,"Nimesh Perera",Operation,SWR,DBO,DBO,nperera,,,,,,,,,,0,,,,,,
BD-03413,,B-1709791,SDLL311,Computer,Laptop,Assigned,5CD1470XWJ,HP,"Probook 440 G8",76500,2022-01-23,"Ryans IT Ltd",SIL0000187,"Saydujjaman Sayed","Marketing & Merchandising",LWR,SIL,SDL,ssayed,,,"Intel Core i5 1145G7",2.4,512,,8192,,,86000,"Win 11 Pro",2025-12-08,Yes,"Win 11 Pro",4BQR9-WN9Y8-98R9H-744H4-WFG6P,
BD-03414,,B-1655124,,"Computer Accessories",Headset,Assigned,218010H120002536,Rapoo,H120,1000,2022-02-03,"Ryans IT Ltd",n/a,"Ashraful Karim",Store,LWR,SIL,SDL,askarim,,,,,,,,,,0,,,,,,
BD-03415,,B-1655124,,"Computer Accessories",Headset,Assigned,218010H120002918,Rapoo,H120,1000,2022-02-03,"Ryans IT Ltd",n/a,"Ravindranath Wickeremeratne",Finishing,LWR,SDL,SDL,rwickeremeratne,,,,,,,,,,0,,,,,,
BD-03416,21004000300,14699,,Computer,Tablet,Assigned,M21X9XLN49,Apple,"iPad 9th Gen",42000,2022-02-10,"From UK IT",SDL2000284,"Robin Mozumder","Qaulity Assurance",LWR,SDL,SDL,rmozumder,,,,,,,,,,0,,,,,,
BD-03417,,B-1726661,DBOL180,Computer,Laptop,Service,5CD1470XXM,HP,"Probook 440 G8",75500,2022-02-08,"Ryans IT Ltd",DBO5000108,"Mojahedul Supto","Marketing & Merchandising",MWR,DBO,DBO,msupto,,,"Intel Core i5 1145G7",,500,,8192,,,0,"Win 10 Pro",2022-02-12,,"Win 10 Pro",BD9DX-4RN8Y-KJR23-Y8RWC-JB49M,"Motherboard Damaged Serial No5CD1470XXMNew Windows KeyBD9DX4RN8YKJR23Y8RWCJB49M"
BD-03418,,B-1726661,DBOL181,Computer,Laptop,Assigned,5CD1470XJ2,HP,"Probook 440 G8",75500,2022-02-08,"Ryans IT Ltd",DBO5000108,"Amit Mondol","Marketing & Merchandising",LWR,DBO,DBO,amondol,,,"Intel Core i5 1145G7",,500,,8192,,,0,"Win 10 Pro",2022-02-12,B-423,"Win 10 Pro",,"Bag delivery date28122024"
BD-03419,,B-1655124,,"Computer Accessories",Headset,Assigned,218010H120002580,Rapoo,H120,1000,2021-12-30,"Ryans IT Ltd",n/a,"HM Tanvir",MIS,LWR,SIL,SDL,htanvir,,,,,,,,,,0,,,,,,
BD-03420,,B-1726661,SDLL312,Computer,Laptop,Assigned,5CD1470XLF,HP,"Probook 440 G8",75500,2022-02-08,"Ryans IT Ltd",DBO5000108,"Edris Khan","Sampel Development",LWR,SIL,SDL,ekhan,,,"Intel Core i5 1145G7",,500,,8192,,,0,"Win 10 Pro",2022-02-16,Yes,"Win 10 Pro",,
BD-03421,,B-1726661,SDLL313A,Computer,Laptop,Assigned,5CD1470XNP,HP,"Probook 440 G8",75500,2022-02-08,"Ryans IT Ltd",n/a,"Lakshan Bellana",Operation,LWR,SIL,SDL,lbellana,,,"Intel Core i5 1145G7",,500,,8192,,,0,"Win 10 Pro",2022-02-17,Yes,"Win 10 Pro",JFN4V-9WD2K-CCJH7-CDBKM-92FC2,
BD-03422,,B-1726661,DBOL182,Computer,Laptop,Assigned,5CD1470XN1,HP,"Probook 440 G8",75500,2022-02-08,"Ryans IT Ltd",n/a,"Gamini Amarasinghe","HR & Compliance",LWR,DBO,DBO,gamarasinghe,,,"Intel Core i5 1145G7",,500,,8192,,,0,"Win 10 Pro",,B-212,"Win 10 Pro",,
BD-03423,,B-1616613,,"Computer Accessories",Headset,Assigned,218010H120002535,Rappo,H120,1000,2021-07-16,"Ryans IT Ltd",N/A,"Saliya Sellahewa","Marketing & Merchandising",LWR,SIL,SDL,ssellahewa,,,,,,,,,,0,,,,,,
BD-03424,,B-1736162,,Storage,"Pen Drive",Assigned,TS64GJF810,Transcend,"V-810 64GB",1400,2022-02-17,"Ryans IT Ltd",SDL2000279,"Amirul Islam","Human Resource",LWR,SDL,SDL,amislam,,,,,,,,,,0,,,,,,
BD-03425,,B-1726661,DBOL185A,Computer,Laptop,Assigned,5CD1470XY8,HP,"Probook 440 G8",75500,2022-02-08,"Ryans IT Ltd",DBO5000108,"Boni Amin","Human Resource",LWR,SIL,"Shanta Denim Limited",bamin,,,"Intel Core i5 1145G7",,500,,8192,,,0,"Win 11 Pro",2025-07-08,Yes,"Win 10 Pro",NJD8D-3PMF2-338V8-VK6J2-2DKTP,
BD-03426,,B-1726661,DBOL184A,Computer,Laptop,Assigned,5CD1470XJ1,HP,"Probook 440 G8",75500,2022-02-08,"Ryans IT Ltd",DBO5000108,"Mannaf Hossain","Qaulity Assurance",LWR,DBO,DBO,manhossain,,,"Intel Core i5 1145G7",,500,,8192,,,85000,"Win 10 Pro",,,"Win 10 Pro",RV7N4-R6CB6-3BK2V-CY84H-KHJXC,
BD-03427,,B-1736162,,"Computer Accessories",Headset,Assigned,21B030H1202663,Rapoo,H120,1200,2022-02-17,"Ryans IT Ltd",n/a,"Taherul Islam","Marketing & Merchandising",LWR,SIL,SDL,tislam,,,,,,,,,,0,,,,,,
BD-03428,,B-1736162,,"Computer Accessories",Headset,Assigned,21B030H1200000022,Rapoo,H120,1200,2022-02-17,"Ryans IT Ltd",n/a,"Jannatul Ferdous",PCC,LWR,SDL,SDL,jferdous,,,,,,,,,,0,,,,,,
BD-03429,,n/a,,T&A,"Attendance device",Assigned,7321675,FingerTech,Timeline100,18000,2021-02-22,"From UK IT",n/a,"SIL Ladies Locker area","Human Resource",LWR,SIL,SDL,,,,,,,,,,,0,,,,,,
BD-03430,,n/a,,UPS,UPS,Assigned,202105270281,NPS,1200VA,5000,2022-02-22,"Numeric Technology",n/a,"Sabuj gazi",Sample,LWR,SIL,SDL,sgazi,,,,,,,,,,0,,,,,,
BD-03431,,B-1726661,DBOL186,Computer,Laptop,Assigned,5CD1470XNJ,HP,"Probook 440 G8",75500,2022-02-08,"Ryans IT Ltd",DBO5000108,"Asanga Attapattu","Marketing & Merchandising",LWR,DBO,DBO,aattapattu,,,"Intel Core i5 1145G7",,500,,8192,,,85000,"Win 10 Pro",,Yes,"Win 10 Pro",3K67M-NX8XM-WRDQJ-68PMM-43KTP,
BD-03432,,B-1735986,,"Computer Accessories",Headset,Assigned,21B030H120000017,Rapoo,H120,1200,2022-02-17,"Ryans IT Ltd",n/a,"Nazmun Naher","Human Resource",LWR,SIL,SDL,nnaher,,,,,,,,,,0,,,,,,
BD-03433,,B-1735986,,"Computer Accessories",Headset,Assigned,21B030H120002653,Rapoo,H120,1200,2022-02-17,"Ryans IT Ltd",n/a,"Ridwanul Hyder",Merchandising,LWR,SIL,SDL,rihyder,,,,,,,,,,0,,,,,,
BD-03434,,B-1735986,,"Computer Accessories",Headset,Assigned,21B030H120000020,Rapoo,H120,1200,2022-02-17,"Ryans IT Ltd",n/a,"Mohammad Waliullah",Merchandising,LWR,SIL,SDL,mwaliullah,,,,,,,,,,0,,,,,,
BD-03435,,B-1735986,,"Computer Accessories",Headset,Assigned,21B030H120000009,Rapoo,H120,1200,2022-02-17,"Ryans IT Ltd",n/a,"Shehab Shafiq",Fabric,LWR,SIL,SDL,sshafiq,,,,,,,,,,0,,,,,,
BD-03436,,B-1735986,,"Computer Accessories",Headset,Assigned,21B030H120000002,Rapoo,H120,1200,2022-02-17,"Ryans IT Ltd",n/a,"Sumaiya Akter",Fabric,LWR,SIL,SDL,suakter,,,,,,,,,,0,,,,,,
BD-03437,,B-1735986,,"Computer Accessories",Headset,Assigned,21B030H120002949,Rapoo,H120,1200,2022-02-17,"Ryans IT Ltd",n/a,"Amran Hossain","Marketing & Merchandising",LWR,SIL,SDL,amhossain,,,,,,,,,,0,,,,,,
BD-03438,,B-1735986,,"Computer Accessories",Headset,Assigned,21B030H120000016,Rapoo,H120,1200,2022-02-17,"Ryans IT Ltd",n/a,"Jannatul Ferdous",PCC,SWR,SDL,SDL,jferdous,,,,,,,,,,0,,,,,,
BD-03439,11004000284,B-1726661,DBOL189,Computer,Laptop,Assigned,5CD1470XMX,HP,"Probook 440 G8",76500,2022-01-23,"Ryans IT Ltd",DBO5000108,"NurulAmin Faysal","Marketing & Merchandising",LWR,DBO,DBO,nfaysal,,,"Intel Core i5 1145G7",,500,,8192,,,0,"Win 10 Pro",,,"Win 10 Pro",BQF84-2NTRK-G8HBK-GPPPJ-82QGP,
BD-03440,11004000285,B-1726661,DBOL188,Computer,Laptop,Assigned,5CD1470XWZ,HP,"Probook 440 G8",76500,2022-01-23,"Ryans IT Ltd",DBO5000108,"Shahin Hossain","Marketing & Merchandising",MWR,DBO,DBO,shahhossain,,,"Intel Core i5 1145G7",,500,,8192,,,0,"Win 10 Pro",,,"Win 10 Pro",J2NTP-TMXV6-2J7W3-MHWPJ-4VV22,
BD-03441,,B-1735986,,"Computer Accessories",Headset,Assigned,21B030H120000015,Rapoo,H120,1200,2022-02-17,"Ryans IT Ltd",n/a,"Miran Chandra",Fabric,LWR,SIL,SDL,mchandra,,,,,,,,,,0,,,,,,
BD-03442,,n/a,,UPS,UPS,Assigned,202105270480,NPS,1200VA,4900,2022-01-01,"Numeric Technology",n/a,Bappy+Sultan,Cutting,LWR,SIL,SDL,,,,,,,,,,,0,,,,,,
BD-03443,,n/a,SDLD542,Computer,Desktop,Assigned,M4M0KC136973APC,Clone,"Asus EX-B460M-V5",50000,2022-02-19,"Global Brands Pvt Ltd.",SDL2000286,"Sajib Ahmed","Building Mainentance",LWR,SDL,SDL,saahmed,,"Asus EX-B460M-V5","Intel core i3 10100",,256,,8192,,,60000,"Win 11 Pro",2025-05-08,,"Win 10 Pro",Y6JN3-Y8CB9-BKVKV-T6BHG-6F4C2,
BD-03444,,B-1735986,,"Computer Accessories",Headset,Assigned,21B030H120000006,Rapoo,H120,1200,2022-02-17,"Ryans IT Ltd",DBO5000108,"TCQC Akter","Qaulity Assurance",LWR,DBO,DBO,tcqcakter,,,,,,,,,,0,,,,,,
BD-03445,,B-1736162,,"Computer Accessories",Headset,"Need to Dispose",21B030H120000014,Rapoo,H120,1200,2022-02-17,"Ryans IT Ltd",N/A,"Abid Hasan","Marketing & Merchandising",LWR,DBO,DBO,ahasan,,,,,,,,,,0,,,,,,
BD-03446,,INV-GBPGL-2022-001312,DBOD048,Computer,Desktop,Assigned,210280931500567,Clone,"Asus EX-B460M-V5",50000,2022-03-02,"Global Brands Pvt Ltd.",SDL2000286,"Kazi Marufa","Human Resource",LWR,HO,"Dhaka Buying Office",kmarufa,,"Asus EX-B460M-V5","Intel Core i3 10100",,256,,8192,,,0,"WIN 10 Pro",2022-03-15,,"Win 10 Pro",RJH63-2NX2G-JYPM9-DCXY6-P7JXC,
BD-03447,,B-1736162,,"Computer Accessories",Headset,Assigned,21B030H120000021,Rapoo,H120,1200,2022-02-17,"Ryans IT Ltd",N/A," Riaj Uddin","Qaulity Assurance",MWR,DBO,DBO,riuddin,,,,,,,,,,0,,,,,,
BD-03448,,N/A,,Display,Monitor,Assigned,109NTKF2S933,LG,22MK430H,13500,2022-01-12,"Global Brands Pvt Ltd.",N/A,"Shakil Hossain",Planning,LWR,SDL,SDL,shhossain,,,,,,,,,,0,,,,,,
BD-03449,,B-1736162,,"Computer Accessories",Headset,Assigned,21B030H120000011,Rapoo,H120,1200,2022-02-16,"Ryans IT Ltd",N/A,"Taufiq Uddin",Costing,LWR,SIL,SDL,tuddin,,,,,,,,,,0,,,,,,
BD-03452,,N/A,,Display,Monitor,Assigned,110NTUW3V166,LG,22MK430H-B,0,2022-01-01,"Global Brands Pvt Ltd.",N/A,"Nurul Ahad",Finance,LWR,HO,DBO,nahad,,,,,,,,,,0,,,,,,
BD-03453,,0,,Display,Monitor,Assigned,110NTJJ3V148,LG,22MK430H-B,0,2022-01-01,"Global Brands Pvt Ltd.",N/A,"Afrina Akter",Commercial,LWR,HO,DBO,aakter,,,,,,,,,,0,,,,,,
BD-03454,,B-1736162,,"Computer Accessories",Headset,Assigned,21B030H120000023,Rapoo,H120,1200,2022-01-16,"Ryans IT Ltd",N/A,"Olivia Audije","Marketing & Merchandising",LWR,SIL,SDL,oaudije,,,,,,,,,,0,,,,,,
BD-03455,,N/A,,Display,Monitor,Assigned,109NTKF2T565,LG,22MK430H,13500,2022-01-19,"Global Brands Pvt Ltd.",N/A,"Rajib Hawlader",Cutting,LWR,SIL,SDL," rhawlader",,,,,,,,,,0,,,,,,
BD-03456,,B-1736162,,"Computer Accessories",Headset,Assigned,21B030H120000042,Rapoo,H120,1200,2022-02-17,"Ryans IT Ltd",N/A,"Mehedi Shuvo","Marketing & Merchandising",LWR,DBO,DBO,mshuvo,,,,,,,,,,0,,,,,,
BD-03457,,B-1736162,,"Computer Accessories",Headset,Assigned,21B030H120002647,Rapoo,H120,1200,2022-02-17,"Ryans IT Ltd",N/A,Md.Younus,"Fabric Technical",MWR,DBO,DBO,myounus,,,,,,,,,,0,,,,,,
BD-03458,,0,,Network,Switch,Assigned,Q2HW-3VSR-5A6P,CISCO,MS225-48,0,2022-04-05,"From UK IT",N/A,"SDL server room rack",MIS,LWR,SDL,SDL,,,,,,,,,,,0,,,,,,
BD-03459,,B-1464324,,"Computer Accessories",Headset,Assigned,218010H1202527,Rapoo,H120,1200,2022-02-17,"Ryans IT Ltd",N/A,"Sumaiya Akter","Fabric Technical",LWR,SIL,SDL,suakter,,,,,,,,,,0,,,,,,
BD-03460,,123122,,"Computer Accessories",Headset,Assigned,21B030H120000008,Rapoo,H120,1200,2022-02-17,"Ryans IT Ltd",na,"Abu Naiem",Finance,LWR,HO,DBO,anaiem,,,,,,,,,,0,,,,,,
BD-03461,,1,,"Computer Accessories",Webcam,Assigned,2034LZ581XJ8,logitech,C930e,12000,2022-02-07,"Ryans IT Ltd",N/A,"Shahin Hossain 2",Technical,LWR,DBO,"CastleCrafts Limited",shahihossain,,,,,,,,,,0,,,,,,
BD-03462,,0,,"Computer Accessories",Webcam,Assigned,2034LZ56A6C9,logitech,C930e,12000,2022-02-07,"Ryans IT Ltd",N/A,"Rasel Mahamud","Quality Assurance",LWR,SDL,SDL,rmahmud,,,,,,,,,,0,,,,,,"Tesco VCB SDL1"
BD-03463,,INV-GBPGL-2022-002218,DBOD046,Computer,Desktop,Assigned,M4MOKC137071MMH,ASUS,EX-B460M-V5,52028,2022-04-19,"Global Brands Pvt Ltd.",N/A,"Anisur Rahman 3",Procurement,LWR,HO,HO,anisrahman,,"Asus EX-B460M-V5","Intel Core i3 10100",,256,,8192,,,0,"WIN 11 Pro",2025-06-23,,"Win 10 Pro",,
BD-03465,,B-1736162,,"Computer Accessories",Headset,Assigned,21B030H120000001,Rapoo,H120,1200,2022-02-17,"Ryans IT Ltd",N/A,"Jakir Hossain","Marketing & Merchandising",LWR,DBO,DBO,jahossain,,,,,,,,,,0,,,,,,
BD-03466,,B-1736162,,"Computer Accessories",Headset,Assigned,21B030H1200002668,Rapoo,H120,1200,2022-02-17,"Ryans IT Ltd",N/A,"Mehadi Hasan 2",Costing,LWR,SIL,SDL,mehadhasan,,,,,,,,,,0,,,,,,
BD-03467,,B-1736162,,"Computer Accessories",Headset,Assigned,21B030H120000025,Rapoo,H120,1200,2022-02-17,"Ryans IT Ltd",N/A,"Mojahedul Supto","Marketing & Merchandising",MWR,DBO,DBO,msupto,,,,,,,,,,0,,,,,,
BD-03468,,B-1736162,,"Computer Accessories",Headset,Assigned,21B030H120000025,Rapoo,H120,1200,2022-02-17,"Ryans IT Ltd",N/A,"Mojahedul Supto","Marketing & Merchandising",MWR,DBO,DBO,msupto,,,,,,,,,,0,,,,,,
BD-03469,,B-1616611,,"Computer Accessories",Headset,Assigned,21B030H1200026,Rapoo,H120,1200,2022-02-17,"Ryans IT Ltd",n/a,"Mahfuzur Rahman","Marketing & Merchandising",LWR,SIL,SDL,mahfrahman,,,,,,,,,,0,,,,,,
BD-03470,,B-1726661,,"Computer Accessories",Headset,Assigned,21B030H1200019,Rapoo,H120,1200,2022-02-17,"Ryans IT Ltd",n/a,"Masum Mahbub",MIS,LWR,SIL,SDL,mmasum,,,,,,,,,,0,,,,,,
BD-03471,11004000286,1,SDLL421,Computer,Laptop,Stock,5CG0150WPH,HP,"Elitebook 840 G6",1,2022-05-25,"MS Khan Brothers Computer",N/A,"Ex user Gazi Razzak",MIS,LWR,SIL,"Shanta Denim Limited",rgazi,,,"Intel Core i5-8365U",1.6,256,,8192,,,0,"WIN 10 Pro",2025-08-09,B-244,,,"Never Update BIOS Last serviced by Morshed BIOS issue on 111025 Last Motherboard serviced by ITmex No Power Issue after BIOS Update on 892025"
BD-03472,21004000301,GGS006202203000919,,Computer,Tablet,Assigned,QY2TKQ5QGQ,Apple,"ipad 9th Gen 64GB",41990,2022-03-20,"Global Brands Pvt Ltd.",SDL2000289,"Robin Mozumder","Qaulity Assurance",LWR,SDL,SDL,rmozumder,,,,,,,,,,0,,,,,,
BD-03473,21004000302,GGS006202203000919,,Computer,Tablet,Assigned,NVGQDX7NR7,Apple,"ipad 9th Gen 64GB",41990,2022-03-20,"Global Brands Pvt Ltd.",SDL2000289,"Robin Mozumder","Qaulity Assurance",LWR,SDL,SDL,rmozumder,,,,,,,,,,0,,,,,,
BD-03474,,1,RB-001,Computer,Respberrypi,Stock,RB-001,Raspberry,"Raspberry Pi 4",4000,2021-11-01,"MS Khan Brothers Computer",N/A,,MIS,LWR,SIL,SDL,,,,,,,,,,,0,,,,,,
BD-03475,,1,RB-001,Computer,Respberrypi,Stock,RB-001,Raspberry,"Raspberry Pi 4",4000,2021-11-01,"MS Khan Brothers Computer",N/A,,MIS,LWR,SIL,SDL,,,,,,,,,,,0,,,,,,
BD-03476,,1,RB-002,Computer,Respberrypi,Stock,RB-002,Raspberry,"Raspberry Pi 4",4000,2021-11-01,"MS Khan Brothers Computer",N/A,,MIS,LWR,SIL,SDL,,,,,,,,,,,0,,,,,,
BD-03477,,1,,Computer,Respberrypi,Stock,RB-003,Raspberry,"Raspberry Pi 4",12000,2021-11-01,"MS Khan Brothers Computer",N/A,,MIS,LWR,SIL,SDL,,,,,,,,,,,0,,,,,,
BD-03478,,0,,Computer,Respberrypi,Stock,RB-004,Raspberry,"Raspberry Pi 4",12000,2021-11-01,"MS Khan Brothers Computer",N/A,,MIS,LWR,SIL,SDL,,,,,,,,,,,0,,,,,,
BD-03479,,0,,Computer,Respberrypi,Stock,RB-005,Raspberry,"Raspberry Pi 4",12000,2021-11-02,"MS Khan Brothers Computer",N/A,,MIS,LWR,SIL,SDL,,,,,,,,,,,0,,,,,,
BD-03480,11004000287,1,DBOL191,Computer,Laptop,"Need to Dispose",5CG9399622,HP,"Elitebook 840 G6",44000,2022-05-27,"MS Khan Brothers Computer",n/a,"Ex. user Mahmud Islam",MIS,LWR,SIL,"Shanta Denim Limited",,,,"Intel core i5 8365U",1.6,256,,8192,,,0,"Win 10 Pro",2022-05-27,,"Win 10 Pro",,
BD-03481,,GGS006202203000919,,"Computer Accessories",Headset,Assigned,21B030H120000028,Rapoo,H120,1200,2022-02-17,"Ryans IT Ltd",N/A," Shahrin Mostafa","Fabric Technology",MWR,DBO,DBO,smostafa,,,,,,,,,,0,,,,,,
BD-03482,11004000288,1,SDLL316E,Computer,Laptop,Assigned,5CG017D6YV,HP,"Elitebook 840 G6",1,2022-05-26,"MS Khan Brothers Computer",n/a,"Jannatul Barik",Planning,LWR,SWL,SDL,jbarik,,,"Intel core i5 8365U",,256,,8192,,,0,"Win 10 Pro",2022-05-30,,"Win 10 Pro",,
BD-03483,,1,,"Computer Accessories",Headset,Assigned,21B030H120000013,Rapoo,H120,1200,2022-04-25,"Ryans IT Ltd",N/A,"Shajedul Hasan",Merchandising,LWR,SIL,SDL,shahasan,,,,,,,,,,0,,,,,,
BD-03484,,B-1616613,,"Computer Accessories",Headset,Assigned,21B030H12000005,Rapoo,H120,1200,2022-06-06,"Ryans IT Ltd",n/a,"Alpona Afroze",Compliance,LWR,SDL,SDL,aafroze,,,,,,,,,,0,,,,,,
BD-03485,,INV-GBPGL-2022-002943,,Display,Monitor,Assigned,swwl6000074,LG,22MP410,13550,2022-06-04,"Global Brands Pvt Ltd.",N/A,"Fahad Abdur ",Commercial,LWR,HO,DBO,afahad,,,,,,,,,,0,,,,,,
BD-03486,11004000291,4462/2022,SDLL318,Computer,Laptop,Assigned,5CG9086X5P,HP,"Elitebook 840 G5",43000,2022-05-28,"MS Khan Brothers Computer",N/A,"Obaidur Rahman","Marketing & Merchandising",LWR,SIL,SDL,obrahman,,,"Intel Core i5 8250U",1.6,256,,8192,,,0,"WIN 10 Pro",2022-06-08,,"Win 10 Pro",,
BD-03487,,1,SDLD546,Computer,Desktop,"Need to Dispose",210483445800522,Clone,"Asus EX-B460M-V5",1,2022-11-11,"Global Brands Pvt Ltd.",HO3000066,"Mehadi Hassan2","Industrial Engineering",LWR,SIL,SDL,mehassan,,"Asus EX-B460M-V5","Intel Core i3 10100",3.6,256,,8192,,,0,"WIN 10 Pro",2025-07-27,,"Win 10 Pro",,"Recently Damaged PSU Motherboard SSD"
BD-03488,11004000289,1,SDLL319E,Computer,Laptop,Assigned,5CG0158G33,HP,"Elitebook 840 G6",44000,2022-05-30,"MS Khan Brothers Computer",N/A,"Tanvir Ahmed",Costing,LWR,SIL,SDL,taahmed,,,"intel core i5 8365U",1.6,256,,8192,,,0,"WIN 10 pro",,B-439,"WIN 10 pro",,
BD-03489,11004000290,1,SDLL355,Computer,Laptop,Assigned,5CG944923G,HP,"Elitebook 840 G6",43000,2022-05-30,"MS Khan Brothers Computer",N/A,"Anase Bandu",Cutting,LWR,SIL,SDL,abandu,,,"intel core i5 8365U",1.6,256,,8192,,,0,"Win 10 Pro",2024-02-20,,"Win 10 Pro",,
BD-03490,,B-1736162,,"Computer Accessories",Headset,Assigned,21B030H120002660,Rapoo,H120,1200,2022-02-17,"Ryans IT Ltd",N/A,"Lushak, Mahmud","Qaulity Assurance",LWR,SIL,SDL,mlushak,,,,,,,,,,0,,,,,,
BD-03491,21004000303,RMCINV2022000135,NVR-16,CCTV,NVR,Assigned,7CO968DPAZDCEED,DAHUA,DHI-5832-4KS2,46350,2022-05-09,"Richman Informatics",SDL2000299,"SDL server room rack",MIS,LWR,SDL,SDL,,,,,,,,,,,0,,,,,,
BD-03492,21004000304,RMCINV2022000135,,CCTV,"CCTV Camera",Assigned,7l01b92pagda0e0,DAHUA,DH-IPC-HDW1239T1-LED-S5,3914,2022-09-05,"Richman Informatics",SDL2000299,"NVR 16 CAM16",MIS,LWR,SDL,SDL,,,,,,,,,10.140.21.301,,0,,,,,,
BD-03493,21004000305,RMCINV2022000135,,CCTV,"CCTV Camera",Assigned,7l01b92page1035,DAHUA,DH-IPC-HDW1239T1-LED-S5,3914,2022-05-09,"Richman Informatics",SDL2000299,"NVR 16 CAM15",MIS,LWR,SDL,SDL,,,,,,,,,10.140.21.302,,0,,,,,,
BD-03494,21004000306,RMCINV2022000135,10.140.21.30,CCTV,"CCTV Camera",Assigned,7l01b92pag3d9fc,DAHUA,IPC-HDW1239T1-LED-S5,3914,2022-05-09,"Richman Informatics",SDL2000299,"NVR 16 CAM10",MIS,LWR,SDL,SDL,,,,,,,,,10.140.21.30,,0,,,,,,
BD-03495,21004000307,RMCINV2022000135,,CCTV,"CCTV Camera",Assigned,7l01b92pagadb14,DAHUA,DH-IPC-HDW1239T1-LED-S5,3914,2022-05-09,"Richman Informatics",SDL2000299,"NVR 16 CAM13",MIS,LWR,SDL,SDL,,,,,,,,,10.140.21.3047l01b92pagadb14,,0,,,,,,
BD-03496,21004000308,RMCINV2022000135,,CCTV,"CCTV Camera",Assigned,7l01b92pag3d409,DAHUA,DH-IPC-HDW1239T1-LED-S5,3914,2022-05-09,"Richman Informatics",SDL2000299,"NVR 16 CAM14",MIS,LWR,SDL,SDL,,,,,,,,,10.140.21.305,,0,,,,,,
BD-03497,21004000309,RMCINV2022000135,,CCTV,"CCTV Camera",Assigned,7l01b92pag0a132,DAHUA,DH-IPC-HDW1239T1-LED-S5,3914,2022-05-09,"Richman Informatics",SDL2000299,"NVR 16 CAM9",MIS,LWR,SDL,SDL,,,,,,,,,,,0,,,,,,
BD-03498,21004000310,RMCINV2022000135,,CCTV,"CCTV Camera",Assigned,7a0a583pag22861,DAHUA,DH-IPC-HFW1239S1-LED-S5,3914,2022-05-09,"Richman Informatics",SDL2000299,"NVR 16 CAM2",MIS,LWR,SDL,SDL,,,,,,,,,,,0,,,,,,
BD-03499,,1,,Printer,Printer,Assigned,FSWY064635,Epson,LQ-590,1,2022-06-15,"MS Khan Brothers Computer",n/a,"SDL Picklist issue",Operation,LWR,SDL,SDL,,,,,,,,,,,0,,,,,,
BD-03500,,B-1835963,,"Computer Accessories",Speaker,Assigned,00253004729,Jabra,"Jabra 510",11750,2022-06-19,"Ryans IT Ltd",SIL0000214,"Gamini Amarasinghe","Human Resource",LWR,SIL,SDL,gamarasinghe,,,,,,,,,,0,,,,,,
BD-03501,,111111,,UPS,UPS,Assigned,202105270121,NPS,NP2120,4500,2022-06-21,"Numeric Technology",N/A,"Shohrab Ali",Cutting,LWR,SDL,SDL,shoali,,,,,,,,,,0,,,,,,
BD-03502,,1,,UPS,UPS,Assigned,202105270017,NPS,1200VA,4900,2022-06-22,"Numeric Technology",N/A,"Ikram Hosen",Finishing,LWR,SIL,SDL,ihosen,,,,,,,,,,0,,,,,,
BD-03503,,1,,UPS,UPS,Assigned,202105270028,NPS,1200VA,4900,2022-06-22,"Numeric Technology",N/A,"finishing new user",Finishing,LWR,SIL,SDL,"finishing new user",,,,,,,,,,0,,,,,,
BD-03504,,1,,Display,Monitor,Assigned,110NTVS3V055,LG,22MK430H,13500,2022-06-22,"Global Brands Pvt Ltd.",N/A,"Ikram Hosen",Finishing,LWR,SIL,SDL,ihosen,,,,,,,,,,0,,,,,,
BD-03505,,1,,Display,Monitor,Assigned,110NTVS3V037,LG,22MK430H,13500,2022-06-22,"Global Brands Pvt Ltd.",N/A,,Finishing,LWR,SIL,SDL,,,,,,,,,,,0,,,,,,
BD-03506,,INV-GBPGL-2022-003270,SDLD548,Computer,Desktop,Assigned,MBM0CS049474B8K,Clone,"ASUS PRIME H510M-E/CSM",38770,2022-06-16,"Global Brands Pvt Ltd.",HO3000068,"Bappi Hossain",Operation,LWR,SIL,SDL,bahossain,,,"Intel core i3 10105",,256,,8192,,,0,"Win 10 Pro",2022-06-30,,"Win 10 Pro",CWDGR-HN26M-PG22B-C7KG9-V22KC,
BD-03507,,B-1709790,DBOL192,Computer,Laptop,Assigned,5CD1470XJ9,HP,"Probook 440 G8",76500,2022-01-23,"Ryans IT Ltd",DBO5000100,"Sanjit Sarker 2",Production,MWR,DBO,DBO,sansarker,,,"Intel Core i5 1135G7",,512,,8192,,,0,"Win 10 Pro",2022-07-02,Yes,"Win 10 Pro",HNTHQ-M39YQ-C2JMT-D7YH3-FM49C,
BD-03508,,B-1709790,DBOL193,Computer,Laptop,Assigned,5CD1470XW6,HP,"Probook 440 G8",76500,2022-01-23,"Ryans IT Ltd",DBO5000100,"Rokon Uddullah","Marketing & Merchandising",LWR,DBO,DBO,ruddullah,,,"Intel Core i5 1135G7",,512,,8192,,,0,"Win 10 Pro",2022-03-07,,"Win 10 Pro",9T9NQ-JXMFC-VWGYX-DCD9D-YBH22,
BD-03509,,B-1726661,DBOL194,Computer,Laptop,Assigned,5CD1470YDK,HP,"Probook 440 G8",75500,2022-02-08,"Ryans IT Ltd",DBO5000108,"Khandaker Mahajabin","Marketing & Merchandising",LWR,SIL,"Shanta Denim Limited",kmahajabin,,,"Intel Core i5 1135G7",,500,,8192,,,0,"Win 10 Pro",2022-07-31,B-357,"Win 10 Pro",NGWQR-J4WDK-BFTX9-CRVFF-9W3GP,
BD-03510,,B-1736162,,"Computer Accessories",Headset,Assigned,223010H120001074,Rapoo,H120,1200,2022-02-17,"Ryans IT Ltd",N/A,"Sayed, Saydujjaman",Merchandising,LWR,SIL,SDL,ssayed,,,,,,,,,,0,,,,,,
BD-03511,21004000324,1,,T&A,"Time and Attendance",Assigned,7321677,Fingertech,"Timeline 100",1,2022-02-01,"Global Brands Pvt Ltd.",N/A,,MIS,LWR,DBO,DBO,,,,,,,,,,,0,,,,,,
BD-03512,,INV-GBPGL-2022-002218,,Display,Monitor,Assigned,202NTWGH2673,LG,22MP410,13000,2022-06-07,"Global Brands Pvt Ltd.",N/A,"Aktura zaman","Industrial Engineering",LWR,SIL,SDL,azaman,,,,,,,,,,0,,,,,,
BD-03513,,111111,,Display,Monitor,Assigned,202NTUWH2670,LG,22MP410,13000,2022-06-14,"Global Brands Pvt Ltd.",N/A,"Iqbal hasan","Qaulity Assurance",LWR,SIL,SDL,ihasan,,,,,,,,,,0,,,,,,
BD-03514,,111111,,Display,Monitor,Assigned,202NTUWH2670,LG,22MP410,13000,2022-06-14,"Global Brands Pvt Ltd.",N/A,"Iqbal hasan","Qaulity Assurance",LWR,SIL,SDL,ihasan,,,,,,,,,,0,,,,,,
BD-03515,,1,,"Computer Accessories",Headset,Service,223010H120001048,Rapoo,H120,1200,2022-02-17,"Ryans IT Ltd",N/A,"Hossain Tanvir",MIS,LWR,SIL,SDL,htanvir,,,,,,,,,,0,,,,,,
BD-03516,,1,,"Computer Accessories",Headset,Assigned,223010H120001080,Rapoo,H120,1200,2022-02-17,"Ryans IT Ltd",N/A,"Rokonuzzaman Biswas",Commercial,LWR,SIL,SDL,robiswas,,,,,,,,,,0,,,,,,
BD-03517,,1,,Display,Monitor,Assigned,202NTRLH2390,LG,22MP410,13000,2022-06-10,"Global Brands Pvt Ltd.",N/A,"Abdullah Noman",Maintenance,LWR,SIL,SDL,anoman,,,,,,,,,,0,,,,,,
BD-03518,,1,DEWBDSDLMS27,Network,Switch,Assigned,Q4AF-8Q44-7RG6,CISCO,MS120-48,0,2022-08-01,"From UK IT",N/A,"SIL RACK",MIS,LWR,SIL,SDL,,,,,,,,,,,0,,,,,,
BD-03519,,1,,UPS,UPS,Assigned,E1703002657,NPS,1200VA,4900,2022-07-07,"Numeric Technology",N/A,"Abu Naiem",Finance,LWR,DBO,DBO,anaiem,,,,,,,,,,0,,,,,,
BD-03520,11004000297,INV-GBPGL-2022-003670,DBOD047,Computer,Desktop,Assigned,MBM0CS0495734VL,Clone,"Asus Prime H510M-E/CSM",40000,2022-07-05,"Global Brands Pvt Ltd.",N/A,"Shahen Hasan",Finance,LWR,HO,DBO,shasan,,"Asus Prime H510-E/CSM","intel core i3-10105",,256,,8192,,,0,"WIN 10 pro",2022-08-02,,"WIN 10 pro",B6PDG-YNV23-XKHHM-3TJJ6-683GP,
BD-03521,,B-1858395,SDLL321,Computer,Laptop,Assigned,5CD1470XSD,HP,"Probook 440 G8",77000,2022-07-19,"Ryans IT Ltd",DBO5000123,"Syed Imran","Marketing & Merchandising",LWR,SIL,SDL,simran,,,"Intel Core i5 1135G7",,512,,8192,,,85000,"WIN 10 Pro",2022-08-03,Yes,"Win 10 Pro",3JFYX-NH633-TCR4W-3XD8V-3J3GP,
BD-03522,,B-1726661,SDLL322,Computer,Laptop,Assigned,5CD1470YD6,HP,"Probook 440 G8",75500,2022-02-08,"Ryans IT Ltd",DBO5000108,"Nazmun Naher","Human Resource",LWR,SIL,SDL,nnaher,,,"Intel Core i5 1135G7",,512,,8192,,,84500,"WIN 10 Pro",2022-08-03,B-436,"Win 10 Pro",TMRQ3-NWQMQ-3GF7Q-YQVVK-2YT6P,
BD-03523,,B-1709790,SDLL323,Computer,Laptop,Assigned,5CD1470XPX,HP,"Probook 440 G8",76500,2022-01-23,"Ryans IT Ltd",DBO5000100,"Mohammad Shafiq",Planning,LWR,SIL,SDL,mshafiq,,,"Intel Core i5 1145G7",,500,,8192,,,0,"Win 10 Pro",2022-08-06,,"Win 10 Pro",W3RDT-N4YMQ-7DJ6F-HPFXG-TJF9C,
BD-03524,,1,,UPS,UPS,Assigned,202105270495,NPS,1200VA,4900,2022-07-15,"Numeric Technology",N/A,"Acktura Jaman","Finance & Acounts",LWR,SIL,SDL,ajaman,,,,,,,,,,0,,,,,,
BD-03525,,INV-SE-2022-001450,,Display,"VC Monitor",Assigned,5500892,Sony,"Sony LED 75 X80J",195052,2022-08-03,"MS Khan Brothers Computer",DBO5000122,"DBO VC Room",MIS,LWR,DBO,DBO,"DBO VC Room",,,,,,,,,,0,,,,,,
BD-03526,,INVTR2022-07201,,VC,"VC Device",Assigned,1863573486,Barco,"Click Share CX-50",416025,2022-07-06,"From UK IT",DBO5000122,"DBO VC Room",MIS,LWR,DBO,DBO,,,,,,,,,,,0,,,,,,"one Clickshare cx50 device, Jabra panacast50 camera, with remote cable table stand"
BD-03527,,1,,"Computer Accessories",Headset,Assigned,21B030H120000010,Rapoo,H120,1200,2022-02-17,"Ryans IT Ltd",N/A,"Iqbal Hossain",Compliance,LWR,SWL,SDL,ihossain,,,,,,,,,,0,,,,,,
BD-03528,,B-1736162,,"Computer Accessories",Headset,Assigned,21B030H120000004,Rapoo,H120,1200,2022-02-17,"Ryans IT Ltd",N/A,"TR Talent","Human Resource",LWR,SIL,SDL,TTalent,,,,,,,,,,0,,,,,,
BD-03529,,1,,"Computer Accessories",Headset,"Need to Dispose",218010H120002920,Rapoo,H120,1200,2022-02-17,"Ryans IT Ltd",N/A,"Sharif Khan",Merchandising,LWR,DBO,SDL,shakhan,,,,,,,,,,0,,,,,,
BD-03530,,0,,"Computer Accessories",Headset,Assigned,21B030H120000012,Rapoo,H120,1200,2022-02-17,"Ryans IT Ltd",N/A,"Nure Alam",Technical,LWR,SIL,SDL,nalam,,,,,,,,,,0,,,,,,
BD-03531,,B-1726661,,"Computer Accessories",Headset,Assigned,218010H120002913,Rapoo,H120,1400,2022-07-12,"Ryans IT Ltd",N/A,"Islam, Tariqul",Compliance,LWR,SIL,SDL,tarislam,,,,,,,,,,0,,,,,,
BD-03532,,1,,"Computer Accessories",Headset,Assigned,225010H120000866,Rapoo,H120,1400,2022-08-08,"Ryans IT Ltd",N/A,"Emdadul Haque2","Marketing & Merchandising",LWR,SDL,SDL,emdhaque,,,,,,,,,,0,,,,,,
BD-03533,,B-1858395,SDLL324,Computer,Laptop,Assigned,5CD1470XJW,HP,"Probook 440 G8",77000,2022-07-19,"Ryans IT Ltd",DBO5000123,"Jannatul Ferdous",PCC,SWR,SDL,SDL,jferdous,,,"Intel Core i5 1145G7",,500,,8192,,,86000,"Win 10 Pro",2022-08-11,Yes,"Win 10 Pro",Y6GNW-M27XF-XDK3Y-YY9GM-YWRC2,
BD-03534,,1,,CCTV,"CCTV Camera",Stock,7a0a583pag0BFD5,DAHUA,DH-IPC-HDW1239T1-LED-S5,2200,2022-07-17,"Global Brands Pvt Ltd.",SDL2000299,,MIS,LWR,SIL,SDL,,,,,,,,,,,0,,,,,,
BD-03535,11004000294,B-1858396,SDLL400,Computer,Laptop,Assigned,5CD1470XM5,HP,"Probook 440 G8",77000,2022-07-19,"Ryans IT Ltd",SDL2000317,"Avijit Das","Marketing & Merchandising",LWR,SIL,"Shanta Denim Limited",adas,,,"Intel Core i5 1145G7",,500,,8192,,,86000,"Win 10 Pro",2022-08-18,B-250,"Win 10 Pro",9N39T-9PVKP-JJTFH-V3RV6-PDKTP,
BD-03536,11004000296,B-1858396,DBOL197,Computer,Laptop,Assigned,5CD1470XWW,HP,"Probook 440 G8",77000,2022-07-19,"Ryans IT Ltd",SDL2000317,"Mahtab Hossain",Finance,LWR,HO,DBO,mahossain,,,"Intel Core i5 1145G7",,500,,8192,,,86000,"Win 10 Pro",2022-08-18,B-251,"Win 10 Pro",Q46N7-BDH6B-RM6BK-BYD3V-M4G6P,
BD-03537,,1,DBOL198,Computer,Laptop,Assigned,5CD1470XJK,HP,"Probook 440 G8",77000,2022-07-19,"Ryans IT Ltd",1,"Tofayel Ahamed ",Finance,LWR,HO,DBO,toahmed,,,"Intel Core i5 1145G7",,500,,8192,,,0,"Win 10 Pro",2022-08-21,B-249,"Win 10 Pro",,
BD-03538,,1,,UPS,UPS,Assigned,202202105270432,NPS,1200VA,4900,2022-08-08,"Numeric Technology",1,,Sample,LWR,SIL,SDL,,,,,,,,,,,0,,,,,,
BD-03539,21004000311,RMCINV2022000135,,CCTV,"DOME CAMERA",Assigned,7l01b92page2E62B,DAHUA,DH-IPC-HDW1239T1-LED-S5,3914,2022-05-09,"Richman Informatics",SDL2000299,"NVR 12 CAM 11",MIS,LWR,SIL,SDL,"Gr Floor Canteen area",,,,,,,,10.140.21.111,,0,,,,,,
BD-03540,,1,,"Computer Accessories",Headset,Stock,2250H120000530,Rapoo,H120,1200,2022-05-09,Rayans,N/A,,MIS,LWR,SIL,SDL,,,,,,,,,,,0,,,,,,
BD-03541,21004000312,RMCINV2022000135,,CCTV,"DOME CAMERA",Assigned,7l01b92pag3c897,DAHUA,DH-IPC-HDW1239T1-LED-S5,3914,2022-05-09,"Richman Informatics",SDL2000299,"NVR 12 CAM 14",MIS,LWR,SIL,SDL,"Ground floor cutting area",,,,,,,,10.140.21.114,,0,,,,,,
BD-03542,21004000325,1,,T&A,"Attendance device",Assigned,7321672,Fingertech,"Timeline 100",22000,2022-07-19,"Genaral Automation",N/A,,MIS,LWR,SIL,SDL,,,,,,,,,,,0,,,,,,
BD-03543,21004000326,1,,T&A,"Attendance device",Assigned,7321671,Fingertech,"Timeline 100",22000,2022-07-19,"Genaral Automation",N/A,,MIS,LWR,SIL,SDL,,,,,,,,,,,0,,,,,,
BD-03544,21004000327,1,,T&A,"Attendance device",Assigned,7321673,Fingertech,"Timeline 100",22000,2022-07-19,"Genaral Automation",N/A,,MIS,LWR,SIL,SDL,,,,,,,,,,,0,,,,,,
BD-03545,21004000313,RMCINV2022000135,,CCTV,"DOME CAMERA",Assigned,7L01B92PAG555F7,DAHUA,DH-IPC-HDW1239T1-LED-S5,3914,2022-07-09,"Richman Informatics",SDL2000299,"NVR 16 CAM17",MIS,LWR,SDL,SDL,,,,,,,,,,,0,,,,,,
BD-03546,,INVTR2022-07201,,"VC Accessories","VC Camera",Assigned,00315777625,"jabra panacast ",VSM020,139500,2022-08-28,"Tech Valley Solutions Ltd",N/A,,MIS,LWR,SIL,SDL,,,,,,,,,,,0,,,,,,
BD-03547,,INVTR2022-07201,,VC,"VC Device",Assigned,1862380339,BARCO,C3010S/R9861600D01C,247500,2022-08-28,"Tech Valley Solutions Ltd",N/A,,MIS,LWR,SIL,SDL,,"1199870162 , 1199870345",,,,,,,,,0,,,,,,"2 DONGLE DEVICE one remote"
BD-03548,,1,,UPS,UPS,Assigned,310022928730278600090,NPS,kst1200,4900,2022-02-17,"Numeric Technology",N/A,"Kuddus Miah ",Finishing,LWR,SIL,SDL,Kmiah,,,,,,,,,,0,,,,,,
BD-03549,,INV-GBPGL-2022-003270,SDLD550,Computer,Desktop,Assigned,211193657002618,Clone,"ASUS PRIME H510M-E/CSM",40000,2022-08-24,"Global Brands Pvt Ltd.",n/a,"Jahidul Islam 2 ",PCC,SWR,SDL,SDL,jaislam,,,"Intel core i3 10100",,256,,8192,,,0,"Win 10 Pro",2022-08-28,,"Win 10 Pro",TKNRB-TJ9V8-32VJC-T9VJD-QRR9C,
BD-03550,,B-1858395,DBOL199,Computer,Laptop,Assigned,5CD1470XLG,HP,"Probook 440 G8",77000,2022-07-19,"Ryans IT Ltd",DBO5000123,"Shahrin Mostafa",Technical,MWR,DBO,DBO,smostafa,,,"Intel Core i5 1145G7",,500,,8192,,,85000,"Win 10 Pro",2022-08-30,Yes,"Win 10 Pro",8RJHW-HND3Y-VPKY3-GJHY2-3YH22,
BD-03551,11004000293,B-1858396,DBOL200,Computer,Laptop,Assigned,5CD1470XQ0,HP,"Probook 440 G8",77000,2022-07-19,"Ryans IT Ltd",SDL2000317,"Zakiri Mohammed",Technical,MWR,DBO,DBO,zmohammed,,,"Intel Core i5 1145G7",,500,,8192,,,85000,"Win 10 Pro",2022-08-30,Yes,"Win 10 Pro",VQFK8-N9BK8-4WV3D-7JHFK-P3722,
BD-03552,,1,,Display,Monitor,Assigned,202NTRLH2486,LG,22MP410,1,2022-05-18,"Global Brands Pvt Ltd.",N/A,"Ahmed Eshtiaq","Marketing & Merchandising",LWR,SIL,SDL,aeshtiaq,,,,,,,,,,0,,,,,,
BD-03553,,1,,"Computer Accessories",Speaker,Stock,SK473,"HAVIT ","SK473 USB 2.0 SPEAKER",500,2022-09-04,"MS Khan Brothers Computer",N/A,,MIS,LWR,SIL,SDL,,,,,,,,,,,0,,,,,,
BD-03554,,1,,Display,Monitor,Assigned,CNT141B85H,HP,LE1902X,10000,2021-01-01,"Global Brands Pvt Ltd.",N/A,"Toufiq Ahmed","Industrial Engineering",LWR,SIL,SDL,tahmed,,,,,,,,,,0,,,,,,
BD-03555,,1,,"Computer Accessories",Headset,Stock,225010H12000877,Rapoo,H120,1200,2022-02-17,"Ryans IT Ltd",N/A,"Sohanur Rahman","Marketing & Merchandising",LWR,SIL,SDL,sorahman,,,,,,,,,,0,,,,,,
BD-03556,,1,,"Computer Accessories",Headset,Assigned,225010H120000847,Rapoo,H120,1200,2022-02-17,"Ryans IT Ltd",N/A,"Nafish Sadik Tomal","Finance & Acounts",LWR,SIL,SDL,ntomal,,,,,,,,,,0,,,,,,
BD-03557,21004000331,INV-GBPGL-2022-004932,SDLD553B,Computer,Desktop,Assigned,N1M0CS04V238LUK,"Clone PC ","Asus Prime H510M-E/CSM",45000,2022-09-11,"Global Brands Pvt Ltd.",N/A,"Quzi Humayun ",Commercial,LWR,SIL,SDL,khumayun,,,,,"250 GB",,,,,0,"WIN 11 Pro",2025-06-16,,"Win 10 Pro",3KGMN-KJ3PV-TQQ7J-77WJ4-KBT6P,
BD-03558,,INV-GBPGL-2022-002218,,Display,Monitor,Assigned,206ntep5u812,LG,22MP400,13200,2022-09-11,"Global Brands Pvt Ltd.",N/A,"Rashed Hasan","Human Resource",LWR,SDL,SDL,rashasan,,,,,,,,,,0,,,,,,
BD-03559,,1,,UPS,UPS,Assigned,E2907066479,"UPS ",1200VA,5000,2022-09-11,"Global Brands Pvt Ltd.",N/A,"SDL CCTV","Human Resource",LWR,SIL,SDL,sdlcctv,,,,,,,,,,0,,,,,,"Last Battery Replaced: 17/02/2024"
BD-03560,,INV-GBPGL-2022-002218,,Display,Monitor,Stock,206NTDV5U810,LG,22MP400,13900,2022-09-11,"Global Brands Pvt Ltd.",N/A,"Adnan Imran Khan",MIS,LWR,SDL,SDL,,,,,,,,,,,0,,,,,,
BD-03561,,1,,UPS,UPS,Assigned,e1907066200,"UPS ",1200VA,5000,2022-09-11,"Global Brands Pvt Ltd.",N/A,"Richik Biswas","Marketing & Merchandising",LWR,SDL,SDL,ribiswas,,,,,,,,,,0,,,,,,
BD-03562,11004000299,227,SDLP070,Printer,"Barcode Printer",Assigned,34J213000554,Zebra,"ZT510 300dpi",177000,2022-08-30,"Robust International Ltd",n/a,"5.11 team","Marketing & Merchandising",LWR,SIL,SDL,,,,,,,,,10.140.7.70,,0,,,,,,
BD-03563,,1,,"Computer Accessories",Headset,Assigned,225010H120000632,Rapoo,H120,1200,2022-02-17,"Ryans IT Ltd",N/A,"Touhid Akonjee","Building Mainentance",LWR,SIL,SDL,takonjee,,,,,,,,,,0,,,,,,
BD-03564,,1,,"Computer Accessories",Headset,Assigned,227020h120001046,Rapoo,H120,1200,2022-10-05,"Ryans IT Ltd",N/A,"Saber Chowdhury","Marketing & Merchandising",LWR,SIL,SDL,sachowdhury,,,,,,,,,,0,,,,,,
BD-03565,,INV-GBPGL-2022-002218,,Display,Monitor,Assigned,203NTAB8A792,LG,22MK430H-B,13900,2022-09-11,"Global Brands Pvt Ltd.",N/A,"Haque Anamul","Operation & Planning",LWR,SIL,SDL,ahaque,,,,,,,,,,0,,,,,,
BD-03566,,B-1858395,DBOL201,Computer,Laptop,Assigned,5CD1470Y5D,HP,"Probook 440 G8",77000,2022-07-19,"Ryans IT Ltd",DBO5000123,"Sharif Khan","Marketing & Merchandising",LWR,DBO,DBO,shakhan,,,"Intel Core i5 1145G7",2.4,500,,8192,,,86000,"Win 10 Pro",2022-10-06,Yes,"Win 10 Pro",27N4R-CR4KC-3FXY4-TRKW7-X766P,
BD-03567,21004000332,INV-GBPGL-2022-004932,SDLD554A,Computer,Desktop,Assigned,N1M0CS04V240S64,Clone,"ASUS PRIME H510M-E",40000,2022-10-08,"Global Brands Pvt Ltd.",n/a,"Monir Hossain",CAD,LWR,SIL,SDL,monhossain,,,"Intel core i3 10100",,256,,8192,,,0,"Win 10 Pro",2022-11-03,,"Win 10 Pro",Y9FYD-QN9MP-YB6QK-GT66X-YDWXC,
BD-03568,,1,,"Computer Accessories",Headset,Assigned,227020H120001026,Rapoo,H120,1400,2022-10-09,"Global Brands Pvt Ltd.",n/a,"Amzadul Islam",Finance,LWR,SDL,SDL,amzislam,,,,,,,,,,0,,,,,,
BD-03569,,1,,"Computer Accessories",Headset,Assigned,227020h120000471,Rapoo,H120,1450,2022-10-05,"Ryans IT Ltd",N/A,"Ataur Rahman2","Marketing & Merchandising",LWR,SDL,SDL,atarahman,,,,,,,,,,0,,,,,,
BD-03570,,1,,"Computer Accessories",Headset,Assigned,227020h120001029,Rapoo,H120,1450,2022-10-05,"Ryans IT Ltd",N/A,"Laila Sharmin",Fabric,LWR,SIL,SDL,lsharmin,,,,,,,,,,0,,,,,,
BD-03571,,1,,"Computer Accessories",Headset,Assigned,227020h120001039,Rapoo,H120,1450,2022-10-05,"Ryans IT Ltd",N/A,"Lal Chand",Production,LWR,SWL,SDL,lchand,,,,,,,,,,0,,,,,,
BD-03572,,1,,"Computer Accessories",Headset,Assigned,227020h120001045,Rapoo,H120,1450,2022-10-05,"Ryans IT Ltd",N/A,"Sabbir Shetol","Marketing & Merchandising",LWR,DBO,"Dhaka Buying Office",sshetol,,,,,,,,,,0,,,,,,
BD-03573,,1,,"Computer Accessories",Headset,Assigned,218010H1202899,Rapoo,H120,1000,2022-03-03,"Ryans IT Ltd",n/a,"Kamrul Hasan",Fabric,LWR,SIL,SDL,khasan,,,,,,,,,,0,,,,,,
BD-03574,,INV-GBPGL-2022-005751,,Display,Monitor,Assigned,206NTNH6U031,LG,22MP400-B,12900,2022-10-20,"Global Brands Pvt Ltd.",SIL0000235,"Tazul Islam","Sampel Development",LWR,SIL,SDL,tislam,,,,,,,,,,0,,,,,,
BD-03575,,INV-GBPGL-2022-005414,,Display,Monitor,Assigned,206NTPC5U968,LG,22MP400-B,12900,2022-10-20,"Global Brands Pvt Ltd.",SIL0000231,"Roy, SabyaSachi","Industrial Engineering",LWR,SIL,SDL,sroy,,,,,,,,,,0,,,,,,
BD-03576,,INV-GBPGL-2022-005414,,"Computer Accessories",Headset,Assigned,225010H120000651,Rapoo,H120,1150,2022-10-03,"Global Brands Pvt Ltd.",n/a,"Nurul Ahad",Finance,LWR,HO,DBO,nahad,,,,,,,,,,0,,,,,,
BD-03577,,INV-GBPGL-2022-005414,,"Computer Accessories",Headset,Assigned,225010H120001049,Rapoo,H120,1150,2022-10-03,"Global Brands Pvt Ltd.",n/a,"Gias Almamun",Finance,LWR,HO,DBO,galmamun,,,,,,,,,,0,,,,,,
BD-03578,,1,,"Computer Accessories",Headset,Assigned,227020H120002561,Rapoo,H120,1150,2022-10-26,"Global Brands Pvt Ltd.",n/a,"Mehedi Hasan",Planning,LWR,SIL,SDL,mehasan,,,,,,,,,,0,,,,,,
BD-03579,21004000333,1,DEWBDSDLMS02,Network,Switch,Assigned,Q4AD-HFES-Q9LK,"Cisco ","Meraki MS120 24",1,2022-10-27,"From UK IT",n/a,"SDL Server Rack",MIS,LWR,SDL,SDL,DEWBDSDLMS02,,,,,,,,10.140.2.2,cc:9c:3e:f9:ef:70,0,,,,,,
BD-03580,,1,DEWBDDBOMS10,Network,Switch,Assigned,Q2GW-PC8Q-8TLT,Cisco,"Meraki MS225-24P",1,2022-10-27,"From UK IT",n/a,"DBO network Rack ",MIS,LWR,DBO,"Dhaka Buying Office",DEWBDDBOMS10,,,,,,,,10.140.2.28,bc:db:09:f9:dd:97,0,,,,,,
BD-03581,,1,DEWBDSDLMS29,Network,Switch,Assigned,Q4AF-7R4D-WKAB,Cisco,"Meraki MS120 48",1,2022-10-27,"From UK IT",n/a,"SIL Network Rack",MIS,LWR,SIL,SDL,DEWBDSDLMS29,,,,,,,,10.140.2.29,cc:9c:3e:97:22:b1,0,,,,,,
BD-03582,,1,SDLD556A,Computer,Desktop,Assigned,N1M0CS04U488DTD,Asus,"Prime H510M K",50000,2022-11-07,"Global Brands Pvt Ltd.",N/A,"Zahangir Alam",Sample,LWR,SIL,SDL,zahalam,,"ASUS PRIME H510M-K  ","Intel core i3 10100",3.20,256,,8192,,,0,"Win 11 Pro",2025-07-24,,"Win 10 Pro",2HG4N-VK9Y4-JT7JY-RDXWD-VXMP2,
BD-03583,,1,,Display,Monitor,Assigned,206NTHM5U945,LG,22MP400,13000,2022-10-10,"Global Brands Pvt Ltd.",N/A,"Dewan  Huraira",PCC,SWR,SDL,SDL,dhuraira,,,,,,,,,,0,,,,,,
BD-03584,,1,,Display,Monitor,Assigned,206ntab5v520,LG,22MP400,13000,2022-10-10,"Global Brands Pvt Ltd.",N/A,"Al Mamun","Industrial Engineering",LWR,SDL,SDL,almamun,,,,,,,,,,0,,,,,,
BD-03585,,1,,UPS,UPS,Assigned,E1907066342,NPS,1200VA,7000,2022-10-10,"Numeric Technology",N/A,"Daulatuzzaman Khan",PCC,SWR,SDL,SDL,dkhan,,,,,,,,,,0,,,,,,
BD-03586,110011000017,B-1858396,SDLL326A,Computer,Laptop,Assigned,5CD1470XPJ,HP,"Probook 440 G8",77000,2022-07-19,"Ryans IT Ltd",SDL2000317,"Mosharaf Hossain2",Planning,LWR,SIL,SDL,moshossain,,,"Intel Core i5 1145G7",,500,,8192,,,85000,"Win 10 Pro",2022-11-14,B-398,"Win 10 Pro",,
BD-03587,,1,,UPS,UPS,Assigned,E1907066203,NPS,1200VA,7000,2022-10-10,"Numeric Technology",N/A,"Zahangir Alam",Sample,LWR,SIL,SDL,zahalam,,,,,,,,,,0,,,,,,
BD-03588,,1,,Display,Monitor,Assigned,203NTBK8A821,LG,22MK430H-B,13000,2022-11-05,"Global Brands Pvt Ltd.",n/a,"Faruqur Rahman(Loc-30)",Cutting,LWR,SIL,SDL,farrahman,,,,,,,,,,0,,,,,,
BD-03589,,1,DBONVR01,CCTV,NVR,Assigned,5F006FAPAZB202D,Dahua,NVR-5216-4KS2,1800,2021-10-10,"STS Automation",n/a,,MIS,LWR,DBO,DBO,,,,,,,,,10.139.20.1,,0,,,,,,
BD-03590,11004000295,B-1858396,DBOL203,Computer,Laptop,Assigned,5CD1470XH0,HP,"Probook 440 G8",77000,2022-07-19,"Ryans IT Ltd",SDL2000317,"Saiful Islam 6","Marketing & Merchandising",LWR,DBO,DBO,saifulislam6,,,"Intel Core i5 1145G7",,500,,8192,,,85000,"Win 10 Pro",2022-11-17,Yes,"Win 10 Pro",YY4BY-GNGXB-TTKM3-6M3WB-G3BP2,
BD-03591,21004000337,B-1963860,SDLD557,Computer,Desktop,Assigned,N7M0CS0329267SL,Clone,"Asus Pro B660M-C-CSM",120900,2022-11-08,"Ryans IT Ltd",SDL2000335,"Nester Server Costing",MIS,LWR,SDL,SDL,"Nester Server Costing",,"Asus Pro B660M-C-CSM","Intel 13th Gen Raptor Lake Core i9 13900K",5,500,,16000,,,120900,"Win 10 Pro",2022-11-17,,,,
BD-03592,,B-1964635,,"Computer Accessories",Speaker,Assigned,00274464069,Jabra,"Jabra 510",14800,2022-11-09,"Ryans IT Ltd",SIL0000238,"Andrew Graham",Finance,LWR,SIL,SDL,agraham,,,,,,,,,,0,,,,,,
BD-03593,,1,,"Computer Accessories",Headset,Assigned,227020H120002564,Rapoo,H120,1200,2022-11-11,"Ryans IT Ltd",n/a,"Dilanka Fernando ","Marketing & Merchandising",LWR,SIL,SDL,"dfernando ",,,,,,,,,,0,,,,,,
BD-03594,,1,,"Computer Accessories",Headset,Assigned,227020H120002558,Rapoo,H120,1400,2022-11-19,"Ryans IT Ltd",N/A,"Saiful Islam6","Marketing & Merchandising",MWR,DBO,DBO,saifulislam6,,,,,,,,,,0,,,,,,
BD-03595,21004000314,RMCINV2022000135,,CCTV,"DOME CAMERA",Assigned,7l01B92PAG0EF45,DAHUA,DH-IPC-HDW1239T1-LED-S5,3914,2022-05-09,"Richman Informatics",SDL2000299,"NVR 16 CAM22",MIS,LWR,SIL,SDL,,,,,,,,,,,0,,,,,,
BD-03596,21004000315,RMCINV2022000135,,CCTV,"DOME CAMERA",Assigned,7L01B92PAGDC927,DAHUA,DH-IPC-HDW1239T1-LED-S5,3914,2022-05-09,"Richman Informatics",SDL2000299,"NVR 16 CAM19",MIS,LWR,SIL,SDL,,,,,,,,,,,0,,,,,,
BD-03597,21004000316,RMCINV2022000135,,CCTV,"DOME CAMERA",Assigned,7L01B92PAGA556F,DAHUA,DH-IPC-HDW1239T1-LED-S5,3914,2022-05-09,"Richman Informatics",SDL2000299,"NVR 16 CAM21",MIS,LWR,SIL,SDL,,,,,,,,,,,0,,,,,,
BD-03598,21004000317,RMCINV2022000135,,CCTV,"DOME CAMERA",Assigned,7L01B92PAG2C288,DAHUA,DH-IPC-HDW1239T1-LED-S5,3914,2022-05-09,"Richman Informatics",SDL2000299,"NVR 16 CAM 20",MIS,LWR,SIL,SDL,,,,,,,,,,,0,,,,,,
BD-03599,21004000318,RMCINV2022000135,,CCTV,"DOME CAMERA",Assigned,7L01B92PAG24D9D,DAHUA,DH-IPC-HDW1239T1-LED-S5,3914,2022-05-09,"Richman Informatics",SDL2000299,"NVR 16 CAM18",MIS,LWR,SIL,SDL,,,,,,,,,,,0,,,,,,
BD-03600,,INV-GBPGL-2022-005414,,"Computer Accessories",Headset,Assigned,227020H120000475,Rapoo,H120,1200,2022-11-20,"Global Brands Pvt Ltd.",n/a,"Md Moniruzzaman2","Marketing & Merchandising",LWR,DBO,DBO,mdmoniruzzaman,,,,,,,,,,0,,,,,,
BD-03601,,1,,Display,Monitor,Assigned,"109NTHM2T817 ",LG,22MP410,14000,2022-11-09,"Global Brands Pvt Ltd.",N/A,"Siddikur Rahman",Sample,LWR,SIL,SDL,sirahman,,,,,,,,,,0,,,,,,
BD-03602,11004000302,INV-GBPGL-2022-006246,SDLD558,Computer,"Desktop ",Assigned,N8M0CS06001286J,"Clone PC ","Asus Prime H510M-E/CSM",39200,2022-11-16,"Global Brands Pvt Ltd.",N/A,"Abdus Salam",CAD,LWR,SIL,SDL,asalam,90MB17E0-M0UAY0,"Asus Prime H510-E/CSM","Intel core i3 10100",3.7,240,,8192,,,52760,"Win 10 Pro",2022-12-03,,"Win 10 Pro",XNTD4-CBY6D-6Y3Y3-PVGFD-8K8XC,
BD-03603,11004000303,INV-GBPGL-2022-006246,SDLD559,Computer,"Desktop ",Assigned,N8M0CS0600133VG,"Clone PC ","Asus Prime H510M-E/CSM",39200,2022-11-16,"Global Brands Pvt Ltd.",N/A," Abdullah Noman",Maintenance,LWR,SIL,SDL,anoman,90MB17E0-M0UAY0,"Asus Prime H510-E/CSM","intel core i3-10105",3.7,256,,8192,,,52760,"WIN 11 pro",2025-07-27,,C6K7N.VJMH2.4F96R.4F7D9.TF4C2,03305-262-680-477,
BD-03604,,1,,"Computer Accessories",Headset,Assigned,225010H1200891,Rapoo,H120,1400,2022-11-09,"Ryans IT Ltd",N/A,Raqibul.Islam,"Marketing & Merchandising",SWR,SDL,SDL,raqislam,,,,,,,,,,0,,,,,,
BD-03605,,1,,"Computer Accessories",Headset,Assigned,223010H120001036,Rapoo,H120,1400,2022-11-09,"Ryans IT Ltd",N/A,"Md Moniruzzaman 2","Marketing & Merchandising",LWR,DBO,"Dhaka Buying Office",mdmoniruzzaman,,,,,,,,,,0,,,,,,
BD-03606,,1,,Display,Monitor,Stock,206NTJJ6U132,LG,22MP410,13000,2022-10-10,"Global Brands Pvt Ltd.",N/A,,PCC,LWR,SDL,SDL,,,,,,,,,,,0,,,,,,
BD-03607,,1,DEWBDAKHMR01,Network,"Access Point",Assigned,Q3AJ-KGFK-F6WN,Cisco,"MR 36",1,2022-12-10,"From UK IT",n/a,"AKH Tower ",MIS,LWR,DBO,"CastleCrafts Limited","AKH Tower ",,,,,,,,,,0,,,,,,
BD-03608,,1,,Network,"Access Point",Stock,Q3AJ-R6AB-7VU9,Cisco,"MR 36",1,2022-12-10,"From UK IT",n/a,,MIS,LWR,SIL,SDL,,,,,,,,,,,0,,,,,,
BD-03609,,1,DEWBDAKHMX02,Network,Firewall,Assigned,Q2KY-WRNB-8LGX,Cisco,"Meraki MX68",1,2022-12-10,"From UK IT",n/a,"AKH Tower ",MIS,LWR,DBO,"Dhaka Buying Office","AKH Tower ",,,,,,,,,,0,,,,,,
BD-03610,,1,,"Computer Accessories",Headset,Assigned,225010H1200882,Rapoo,H120,1150,2022-11-20,"Ryans IT Ltd",n/a,"Shahin Sikder","Sampel Development",LWR,SDL,SDL,ssikder,,,,,,,,,,0,,,,,,
BD-03611,,1,,"Computer Accessories",Headset,Assigned,227020h1201033,Rapoo,H120,1200,2022-11-22,"Ryans IT Ltd",N/A,,MIS,LWR,SIL,SDL,,,,,,,,,,,0,,,,,,
BD-03612,11004000292,B-1858396,SDLL328,Computer,Laptop,Assigned,5CD1470Y29,HP,"Probook 440 G8",77000,2022-07-19,"Ryans IT Ltd",SDL2000317,"Imasha Rajakaruna","Building Mainentance",LWR,SIL,SDL,irajakaruna,,,"Intel Core i5 1145G7",,500,,8192,,,85000,"Win 10 Pro",2022-12-19,,"Win 10 Pro",D6WNC-9MHYX-FGBTQ-2F6VM-PR4C2,
BD-03613,,1,,UPS,UPS,Assigned,Mini-ups-13,Fingertech,"5V Mini UPS",5800,2022-11-10,"From UK IT",N/A,,MIS,LWR,SDL,SDL,,,,,,,,,,,0,,,,,,
BD-03614,,1,,UPS,UPS,Assigned,Mini-ups-14,Fingertech,"5V Mini UPS",5800,2022-11-10,"From UK IT",N/A,,MIS,LWR,SDL,SDL,,,,,,,,,,,0,,,,,,
BD-03615,,1,,CCTV,"CCTV Camera",Assigned,7L01B92PAG42989,Dahua,DH-IPC-HDW1239T1-LED-S5,4100,2022-01-01,"Richman Informatics",1,"BGL warehouse",MIS,LWR,SDL,SDL,"BGL Warehouse",,,,,,,,,,0,,,,,,
BD-03616,,1,,CCTV,"CCTV Camera",Assigned,7L00A51PAGBC17E,Dahua,DH-IPC-HDW1239T1-LED-S5,4100,2022-12-28,"STS Automation",1,"BGL warehouse",MIS,LWR,SDL,SDL,"BGL Warehouse",,,,,,,,,,0,,,,,,
BD-03617,110011000016,B-1858396,SDLL329A,Computer,Laptop,Assigned,5CD1470XT9,HP,"Probook 440 G8",77000,2022-07-19,"Ryans IT Ltd",SDL2000317,"Abdullah Jaman","Marketing & Merchandising",LWR,SIL,SDL,abjaman,,,"Intel Core i5 1145G7",,500,,8192,,,0,"WIN 11 Pro",2025-06-16,,"Win 10 Pro",MJ7JN-FYFV6-VJFV8-8DQPY-43KTP,
BD-03618,,B-1858395,SDLL330A,Computer,Laptop,Assigned,5CD1470XQJ,HP,"Probook 440 G8",77000,2022-07-19,"Ryans IT Ltd",DBO5000123,"Chong A Moi",Prodcution,LWR,SIL,SDL,camoi,,,"Intel Core i5 1135G7",,500,,8192,,,0,"Win 11 Pro",2025-10-15,,"Win 10 Pro",QVGN6-CTQ7Q-8DWR8-6T4TR-Q9MP2,
BD-03619,,1,,"Computer Accessories",Headset,Assigned,227020H1202553,Rapoo,H120,1200,2022-12-11,"Global Brands Pvt Ltd.",n/a,"Sumon Chowdhury",MIS,LWR,SIL,SDL,schowdhury,,,,,,,,,,0,,,,,,
BD-03620,,B-1858395,SDLL331A,Computer,Laptop,Assigned,5CD1470Y2K,HP,"Probook 440 G8",77000,2022-07-19,"Ryans IT Ltd",DBO5000123,"Shiran Malinda",Production,LWR,SIL,SDL,smalinda,,,"Intel Core i5 1145G7",,500,,8192,,,85000,"Win 10 Pro",2023-01-05,BD-351,"Win 10 Pro",9KMMN-CG8DX-GRXCQ-Y4GX8-YP2KC,
BD-03621,,1,,"Computer Accessories",Headset,Assigned,227020H1201043,Rapoo,H120,1200,2023-01-01,"Ryans IT Ltd",n/a,"Rubel Farazi",Finishing,LWR,SIL,SDL,rfarazi,,,,,,,,,,0,,,,,,
BD-03622,21004000335,B-1963199,SDLL332,Computer,Laptop,Assigned,5CD202644R,HP,"Probook 440 G8",86000,2022-11-07,"Ryans IT Ltd",SDL2000337,"Quazi Akhtaruzzaman",Commercial,LWR,SIL,SDL,qakhtaruzzaman,,,"Intel Core i5 1145G7",,500,,8192,,,0,"Win 10 Pro",2022-01-07,,"Win 10 Pro",Q2B4G-DN826-W22JY-FDMXK-T83GP,
BD-03623,,B-1963198,SDLL333,Computer,Laptop,Assigned,5CD20263S2,HP,"Probook 440 G8",86000,2022-11-07,"Ryans IT Ltd",DBO5000128,"Alam Hossain",Operation,LWR,SWL,SDL,alhossain,,,"Intel Core i5 1145G7",,500,,8192,,,0,"Win 10 Pro",,,"Win 10 Pro",KX3CN-9RFFB-7YMTG-6JYGQ-BG9TP,
BD-03624,,1,,CCTV,"CCTV Camera",Assigned,7A0A583PAG153B6,Dahua,DH-IPC-HFW1239T1-LED-S5,4100,2022-12-28,"STS Automation",N/A,"BGL warehouse",MIS,LWR,SDL,SDL,,,,,,,,,,,0,,,,,,
BD-03625,,1,,CCTV,"CCTV Camera",Assigned,7A0A583PAG3AD3A,Dahua,DH-IPC-HFW1239T1-LED-S5,4100,2022-12-28,"STS Automation",N/A,"BGL warehouse",MIS,LWR,SDL,SDL,,,,,,,,,,,0,,,,,,
BD-03626,21004000336,B-1963199,SDLL334,Computer,Laptop,Assigned,5CD202641R,HP,"Probook 440 G8",86000,2022-11-07,"Ryans IT Ltd",SDL2000337,"Jahid Limu","Marketing & Merchandising",LWR,SIL,SDL,jlimu,,,"Intel Core i5 1145G7",,500,,8192,,,0,"Win 10 Pro",2023-01-09,B-379,"Win 10 Pro",4HQJ2-NCK3G-YVTPG-TBHQY-39MP2,
BD-03627,11004000300,1,,"Barcode Reader","Barcode reader",Assigned,HR3280-BT-CC02328,NewLand,NLS-HR3280-BT-C(U),18000,2022-12-12,"DIGI Solution",n/a,"MD Rubel",Finishing,LWR,SIL,SDL,mrubel,,,,,,,,,,0,,,,,,
BD-03628,21004000334,B-1963199,SDLL335,Computer,Laptop,Assigned,5CD202641K,HP,"Probook 440 G8",86000,2022-11-07,"Ryans IT Ltd",SDL2000317,"Mohmodul Hasan",PCC,SWR,SDL,SDL,mahmhasan,,,"Intel Core i5 1145G7",,500,,8192,,,0,"Win 11 Pro",2025-07-14,Yes,"Win 10 Pro",DTPXK-7MN9G-22J2F-X24MG-HFR9C,
BD-03629,,B-1963198,SDLL336,Computer,Laptop,Assigned,5CD20263QK,HP,"Probook 440 G8",86000,2022-11-07,"Ryans IT Ltd",DBO5000128,"Ashikur Rahman",PCC,SWR,SDL,SDL,asrahman,,,"Intel Core i5 1145G7",,500,,8192,,,94000,"Win 10 Pro",2023-01-18,Yes,"Win 10 Pro",R9MHP-NYP3Y-X7C42-3RM3H-WK8XC,
BD-03630,,B-1963198,DBOL204,Computer,Laptop,Assigned,5CD20263CS,HP,"Probook 440 G8",86000,2022-11-07,"Ryans IT Ltd",DBO5000128,"Bulbul Ahmed","Marketing & Merchandising",LWR,DBO,DBO,buahmed,,,"Intel Core i5 1145G7",,500,,8192,,,94000,"Win 10 Pro",2023-01-22,Yes,"Win 10 Pro",V7TN6-MG7K4-4Q7M7-Y7BGY-6VJXC,
BD-03631,,1,SDLD562,Computer,Desktop,Assigned,BSN12345678901234567,ASUS,"Prime H510-E/CSM",50000,2022-11-19,"Ryans IT Ltd",N/A,"Mahabob Hasan",Cutting,LWR,SDL,SDL,mhasan,,"Asus Prime H510-E/CSM","intel core i3-10105",3.7,240,,,,A0-36-BC-A8-6A-2B,0,"WIN 10 pro",,,,"6CPMQ- RNTAW-Y K4Q3 - P6PQQ-WOKTP",
BD-03632,11004000308,B-1997989,DBOL209,Computer,Laptop,Assigned,5CD2169KGV,HP,"Probook 440 G8",86000,2022-12-18,"Ryans IT Ltd",SIL0000255,"Mamunur Chowdhury","Finance & Acounts",LWR,HO,SDL,mchowdhury,,,"Intel Core i5 1145G7",2.40,500,,8192,,,94000,"WIN 10 pro",2023-08-27,,"Win 10 Pro",4PCPJ-NXPXG-K68K7-CBQFC-7CFC2,
BD-03633,11004000309,B-1997989,SDLL343,Computer,Laptop,Assigned,5CD21527RM,HP,"Probook 440 G8",86000,2022-12-18,"Ryans IT Ltd",SIL0000255,"Nazmul Karim","Marketing & Merchandising",LWR,SIL,SDL,nkarim,,,"Intel Core i5 1145G7",2.40,500,,8192,,,94000,"Win 10 Pro",2023-08-20,,"Win 10 Pro",D2QNP-74M4P-RG23P-WHJ9V-WK8XC,"battery replaced on august 2024 purchased from Morshed WIT"
BD-03634,11004000307,B-1997989,DBOL207A,Computer,Laptop,Assigned,5CD2169KDB,HP,"Probook 440 G8",86000,2022-12-18,"Ryans IT Ltd",SIL0000255,"Tanjila Akter",Commercial,LWR,HO,"Dhaka Buying Office",taakter,,,"intel core i5 1135G7",2.40,500,,8192,,,94000,"Win 11 Pro",2025-08-12,,"Win 10 Pro",NGPB6-GHHYD-93V3C-PRD3W-F3KTP,"Previous UserSopan Hasan"
BD-03635,,1,,"Computer Accessories",Headset,Assigned,227020h120001035,Rapoo,H120,1450,2023-01-14,"Ryans IT Ltd",N/A,"Asaduzzaman Asad","Marketing & Merchandising",LWR,SDL,SDL,aasad,,,,,,,,,,0,,,,,,
BD-03636,11004000306,B-1997989,SDLL344,Computer,Laptop,Assigned,5CD2169KDD,HP,"Probook 440 G8",86000,2022-12-18,"Ryans IT Ltd",SIL0000255,"Taohidul Islam",PCC,LWR,SDL,"Shanta Denim Limited",taoislam,,,"intel core i5 1135G7",2.4,500,,8192,,,94000,,2023-08-09,B-462,"WIN 10 pro",T4KNH-47H8V-4PVDQ-77YPC-BTDGP,"New Laptop bag delivery done 25082025"
BD-03637,,B-1997996,SDLL342,Computer,Laptop,Assigned,5CD2169KGL,HP,"Probook 440 G8",86000,2022-12-18,"Ryans IT Ltd",DBO5000129,"Justin Howell","Marketing & Merchandising",LWR,SDL,SDL,jhowell,,,"intel core i5 1135 G7",2.4,500,,8192,,,94000,"WIN 10 pro",2023-08-08,,"WIN 10 pro",MGNCG-8YG6D-8Q3TJ-RVMXK-YDWXC,
BD-03638,,B-1997996,SDLL341,Computer,Laptop,Assigned,5CD2169KFH,HP,"Probook 440 G8",86000,2022-12-18,"Ryans IT Ltd",DBO5000129,"Muraduzzaman Murad","Marketing & Merchandising",LWR,SDL,SDL,mmurad,,,"intel core i5 1135 G7",2.4,500,,8192,,,94000,"WIN 11 pro",2025-07-14,,"WIN 10 pro",BB6CT-KPNX4-RQ42V-348T6-02QGP,
BD-03639,21004000340,B-1997996,SDLL340,Computer,Laptop,Assigned,5CD21527TG,HP,"Probook 440 G8",86000,2022-12-18,"Ryans IT Ltd",SDL-5000129,"Rayhan Hossain","Marketing & Merchandising",SWR,SDL,SDL,hrayhan,,,"intel core i5 1135 G7",2.4,500,,8192,,,94000,"WIN 10 pro",2023-08-05,,"WIN 10 pro",6Y67P-KNJK2-DYM3H-MBY37-T3BP2,
BD-03640,21004000338,B-1997991,SDLL338A,Computer,Laptop,Assigned,5CD21527RZ,HP,"Probook 440 G8",86000,2022-12-18,"Ryans IT Ltd",SDL-5000129,"Saiful Alam","Marketing & Merchandising",SWR,SDL,SDL,salam,,,"intel core i5 1135 G7",2.4,500,,8192,,,94000,"WIN 10 pro",2023-07-18,B-367,"WIN 10 pro",6WNQ8-RWDQ6-H8GCX-6D3K4-369TP,
BD-03641,41004000042,B-1998000,SDLL337A,Computer,Laptop,Assigned,5CD2169KC7,HP,"Probook 440 G8",86000,2022-12-18,"Ryans IT Ltd",SWWL-5000129,"Sumit Dewaan","Sampel Development",LWR,SIL,SDL,sdewaan,,,"intel core i5 1135 G7",2.4,500,,8192,,,94000,"WIN 10 pro",2023-10-16,,"WIN 10 pro",YN9T3-CMMTB-7X4HC-Y4FT3-9D722,
BD-03642,21004000339,B-1998000,DBOL205,Computer,Laptop,Assigned,5CD2169KK1,HP,"Probook 440 G8",86000,2022-12-18,"Ryans IT Ltd",SDL2000354,"Salam Habib","Qaulity Assurance",LWR,DBO,"CastleCrafts Limited",shabib,,,"intel core i5 1135 G7",2.4,500,,8192,,,94000,"WIN 10 pro",2023-03-01,,"WIN 10 pro",7TVVN-B9JDH-7WH7W-9GTQV-7QWXC,
BD-03643,21004000342,B-1994002,SDLD560,Computer,Desktop,Assigned,9LL0886r20097,Clone,"MSI Pro B550M-P Gen-3",122000,2022-12-13,"Ryans IT Ltd",SDL-2000343,"Nester server  Production",MIS,LWR,SDL,SDL,"Nester server Production",,"MSI Pro B550M-P Gen-3","AMD Ryzen 9 5950x",3.4,500,,16384,,,0,"WIN 10 pro",2023-01-25,,"WIN 10 pro",2X8XY-B4NYX-6RH3X-PMC2M-JK8XC,"Previous Motherboard : GIGABYTE B550M 
Motherboard Replace Date: 26-11-2023 (warranty claim after burned)
"
BD-03644,21004000341,B-1994002,SDLD561,Computer,Desktop,Assigned,9LL0886r20096,Clone,"GIGABYTE B550M ",122000,2022-12-13,"Ryans IT Ltd",SDL-2000343,"Nester server  Costing",MIS,LWR,SDL,SDL,"Nester server Costing",,"GIGABYTE B550M ","AMD Ryzen 9 5950x",3.4,500,,16384,,,0,"WIN 10 pro",2023-01-25,,"WIN 10 pro",CBPD9-NQVMH-2R26V-6QMR3-MDWXC,
BD-03645,11004000298,INV-GBPGL-2022-003670,SDLD564,Computer,Desktop,Assigned,MBM0CS0495715N8,Clone,"Asus Prime H510M-E/CSM",49000,2022-07-05,"Global Brands Pvt Ltd.",N/A,"Farhad Miah",CAD,LWR,SIL,SDL,fmiah,,,"Intel core i3 10100",3.7,240,,8192,,,58000,"WIN 10 pro",,,"WIN 10 pro",NG7NP-R974T-DWVPV-CXF9V-6XXTP,
BD-03646,21004000330,1,SDLD563,Computer,"Desktop ",Assigned,MBM0CS049475LUD,Clone,"Asus Prime H510M-E/CSM",49000,2022-12-14,"Global Brands Pvt Ltd.",N/A,"Rabiul islam","Industrial Engineering",LWR,SDL,SDL,rabislam,,"Asus Prime H510M-E/CSM","intel core i3-10105",3.7,240GB,,8192,,,58000,"WIN 10 pro",2023-01-28,,"WIN 10 pro",7BNVQ-CGC6P-X7G6G-MYWM7-6XXTP,
BD-03647,,1,,Display,Monitor,Stock,202NTVSH2679,LG,22MP410,14000,2022-09-14,"Global Brands Pvt Ltd.",N/A,"Anase Bandu",Prodcution,LWR,SIL,SDL,abandu,,,,,,,,,,0,,,,,,
BD-03648,,2560,"3KV Ups ",UPS,UPS,Assigned,202203080007,MAXI,MXP-3KVA,38500,2023-01-05,"DIGI Solution",SIL-0000246,,MIS,LWR,SDL,SDL,,,,,,,,,,,0,,,,,,
BD-03649,,1,,"Computer Accessories",Headset,Assigned,229020H1202466,Rapoo,H120,1200,2022-07-12,"Global Brands Pvt Ltd.",n/a,"Shahinur Rahman 2",Technical,LWR,DBO,DBO,shahirahman,,,,,,,,,,0,,,,,,
BD-03650,,B-2042644,,"VC Accessories","VC Microphone",Assigned,RYMG66048,"Mira screen","G7Plus ",3200,2023-02-07,"Ryans IT Ltd",N/A,,MIS,LWR,SIL,SDL,,,,,,,,,,,0,,,,,,
BD-03651,,1,,"Computer Accessories",Headset,Assigned,229020H120002470,Rapoo,H120,1400,2023-01-11,"Ryans IT Ltd",N/A,"Shahin Hossain",Merchandising,MWR,DBO,DBO,shahhossain,,,,,,,,,,0,,,,,,
BD-03652,,1,,"Computer Accessories",Headset,Assigned,229020H120002473,Rapoo,H120,1400,2023-01-11,"Ryans IT Ltd",N/A,"RAHAT ARA","Marketing & Merchandising",MWR,DBO,DBO,rara,,,,,,,,,,0,,,,,,
BD-03653,,1,,Display,Monitor,Stock,202NTPCH2800,Rapoo,22MP410,14000,2022-09-14,"Global Brands Pvt Ltd.",N/A,"Susanta Pall",Technical,LWR,SIL,SDL,spall,,,,,,,,,,0,,,,,,
BD-03654,,22011104,,UPS,UPS,Assigned,E22077545,NPS,AID1200M,6800,2022-11-10,"Numeric Technology",N/A,"Nasir Hossain",Fabric,LWR,SIL,SDL,nashossain,,,,,,,,,,0,,,,,,
BD-03655,,22011104,,UPS,,Assigned,E22077524,NPS,AID1200M,6800,2022-11-10,"Numeric Technology",N/A,"Monir Hossain/Ali, Sayed",CAD,LWR,SIL,SDL,monhossain,,,,,,,,,,0,,,,,,
BD-03656,,1,,"Computer Accessories",Headset,Assigned,229020H120002469,Rapoo,H120,1400,2023-12-12,"Global Brands Pvt Ltd.",n/a,"Taherul Islam","Marketing & Merchandising",LWR,SIL,SDL,tislam,,,,,,,,,,0,,,,,,
BD-03657,,1,,"Computer Accessories",Headset,Assigned,227020H120001021,Rapoo,H120,1400,2023-01-17,"Ryans IT Ltd",N/A,"Jahid Limu ","Marketing & Merchandising",LWR,SIL,SDL,jlimu,,,,,,,,,,0,,,,,,
BD-03658,11004000313,INV-GBPGL-2022-006812,SDLD565,Computer,Desktop,Assigned,N3M0KC376570X2Z,Clone,"ASUS PRIME H610M-D D4",42000,2022-12-22,"Global Brands Pvt Ltd.",SDL2000352,"Shahin Akter","Human Resource",LWR,SDL,SDL,sakter,,"ASUS PRIME H610M-D D4","Intel Core i3 12100",4.3,256,,,,,48000,"Win 10 Pro",2023-11-03,,"Win 10 Pro",R8NMP-WV2FK-C7QMK-DDPMH-JQKTP,
BD-03659,,1,,UPS,UPS,Assigned,E2207077505,NPS,1200VA,6800,2023-01-11,"Numeric Technology",N/A,"AKH network rack",MIS,LWR,DBO,DBO,"AKH Tower ",,,,,,,,,,0,,,,,,
BD-03660,,1,,"Computer Accessories",Headset,"Need to Dispose",229020H120002486,Rapoo,H120,1300,2023-02-14,"Ryans IT Ltd",N/A,"Emma Mcvey",Compliance,MWR,DBO,DBO,emcvey,,,,,,,,,,0,,,,,,
BD-03661,,1,,"Computer Accessories",Headset,Assigned,229020H120002480,Rapoo,H120,1300,2023-02-14,"Ryans IT Ltd",N/A,"Syed Nabed","Marketing & Merchandising",LWR,SIL,SDL,snabed,,,,,,,,,,0,,,,,,
BD-03662,,1,,"Computer Accessories",Headset,Assigned,229020H120002482,Rapoo,H120,1300,2023-01-11,"Ryans IT Ltd",N/A,"Mahibul Haque","Fabric Technology",MWR,DBO,DBO,mhaque,,,,,,,,,,0,,,,,,
BD-03663,,1,,"Computer Accessories",Headset,Assigned,21B030H1200021,Rapoo,H120,1300,2022-11-15,"Ryans IT Ltd",N/A,"Zakir Hossain",Store,LWR,SDL,SDL,zhossain,,,,,,,,,,0,,,,,,
BD-03664,,1,,Camera,Camera,Assigned,8lOedd3pagdbbec,Dahua,IPC-HFW1320MP-AS-I1,1,2023-04-12,"STS Automation",n/a,,MIS,LWR,SDL,SDL,,,,,,,,,,,0,,,,,,
BD-03665,,1,10.140.21.199,Camera,Camera,Assigned,8loedd3pagba1ca,Dahua,IPC-HFW1320MP-AS-I1,1,2023-04-12,"STS Automation",n/a,,MIS,LWR,SDL,SDL,,,,,,,,,,,0,,,,,,
BD-03666,11004000304,INV-X-1172/2022,,Printer,"Printer ",Assigned," 3741351152",Xerox,"VersaLink C7120 Color MFP",367000,2022-12-15,"IOE Bangladesh",SIL0000256,"SIL Color printer",MIS,LWR,SIL,SDL,,,,,,,,,10.140.7.30,,0,,,,,,
BD-03667,,INV-GBPGL-2022-006811,DBOD050,Computer,Desktop,Assigned,N3M0KC376568RFZ,Clone,"ASUS PRIME H610M-D D4",42000,2022-12-12,"Global Brands Pvt Ltd.",SDL2000352,"Mohammad Hasan",Finance,SWR,SIL,SDL,mohasan,,,"Intel Core i3 12100",4.3,256,,8192,,,48000,"WIN 11 Pro",2025-07-27,,,HQTMC-WDNCH-BK92Y-G46Q8-6MT6P,
BD-03668,,1,,Display,Monitor,Assigned,206NTZN6T189,LG,22MP400-B,14000,2023-03-10,"Global Brands Pvt Ltd.",N/A,"Sarfaraj Hossain",PCC,SWR,SDL,SDL,sarhossain,,,,,,,,,,0,,,,,,
BD-03669,,1,,UPS,UPS,Assigned,E227077523,NPS,1000-2000va,6800,2023-01-11,"Numeric Technology",N/A,"Jamal Uddin",Cutting,LWR,SIL,SDL,,,,,,,,,,,0,,,,,,
BD-03670,,1,,UPS,,Assigned,E227077506,NPS,1000-2000va,6800,2023-01-11,"Numeric Technology",N/A,"Jamal Uddin",Cutting,LWR,SIL,SDL,,,,,,,,,,,0,,,,,,
BD-03671,,1,,UPS,,Assigned,E227077546,NPS,1000-2000va,6800,2023-01-11,"Numeric Technology",N/A,"Md. Rokib Hossan (Sawon)","Industrial Engineering",LWR,SDL,SDL,rhossan,,,,,,,,,,0,,,,,,
BD-03672,41004000045,INV-GBPGL-2022-006813,DBOD051,Computer,Desktop,Assigned,N3M0KC3766033E8X,"Clone PC ","ASUS PRIME H610M-D D4",42000,2022-12-12,"Global Brands Pvt Ltd.",SDL2000352,"Hossain, Tonmoy",Finance,LWR,HO,"Dhaka Buying Office",tohossain,,,"Intel Core i3 12100",4.3,256,,,,,0,"WIN 10 pro",2023-05-03,,"WIN 10 pro",3HNMR-TPKFX-FR7DW-CBXTK-TF4C2,
BD-03673,,INV-GBPGL-2022-005414,,Display,Monitor,Assigned,206NTRL6T206,LG,22MP400-B,14000,2022-12-11,"Global Brands Pvt Ltd.",SIL0000231,"Billal Hossain",Finance,LWR,SDL,SDL,bihossain,,,,,,,,,,0,,,,,,
BD-03674,,1,,"Computer Accessories",Headset,Assigned,229020H120002485,Rapoo,H120,1450,2023-01-11,"Ryans IT Ltd",N/A,Reza.Borhan,"Human Resource",LWR,SIL,SDL,rborhan,,,,,,,,,,0,,,,,,
BD-03675,,0,,Display,Monitor,Assigned,202NTXRH2506,LG,22MP410-B,14000,2022-12-12,"Global Brands Pvt Ltd.",n/a,"Rasanga Ranasinghe ",Director,LWR,SIL,SDL,"rranasinghe ",,,,,,,,,,0,,,,,,
BD-03676,,1,,CCTV,"CCTV Camera",Stock,8C05977AG750A5,DAHUA,DH-IPC-HFW1239T1-LED-S5,4100,2022-12-28,"STS Automation",N/A,,MIS,LWR,SIL,SDL,,,,,,,,,,,0,,,,,,
BD-03677,21004000319,RMCINV2022000135,,CCTV,"CCTV Camera",Assigned,7L01B92PAG242989,DAHUA,DH-IPC-HDW1239T1-LED-S5,3914,2022-09-05,"Richman Informatics",SDL2000299,,MIS,LWR,SIL,SDL,,,,,,,,,,,0,,,,,,
BD-03678,,1,,Display,Monitor,Assigned,284412065u612hkcmvn,LG,22MP410,14000,2022-12-17,"Global Brands Pvt Ltd.",N/A,"Shopan Hasan",Commercial,LWR,HO,DBO,sohasan,,,,,,,,,,0,,,,,,
BD-03679,,1,,"Computer Accessories",Headset,Assigned,250330H120A1878,Rapoo,H120,1250,2023-05-28,"Global Brands Pvt Ltd.",n/a,"Shefaet Shanto",Commercial,LWR,HO,SDL,sshanto,,,,,,,,,,0,,,,,,
BD-03680,,1,,"Computer Accessories",Headset,Assigned,250330H120A1927,Rapoo,H120,1250,2023-05-28,"Global Brands Pvt Ltd.",n/a,"Mozibur Rahman",Commercial,LWR,HO,SDL,mozrahman,,,,,,,,,,0,,,,,,
BD-03681,,1,,"Computer Accessories",Headset,"Need to Dispose",250330H120A1879,Rapoo,H120,1250,2023-05-28,"Global Brands Pvt Ltd.",n/a,"Nurul Amin Faysal","Marketing & Merchandising",LWR,DBO,DBO,nfaysal,,,,,,,,,,0,,,,,,
BD-03682,,1,DEWBDSDLMX04,Network,Firewall,Assigned,Q2PN-RTB8-5X9J,CISCO-Meraki,"MX 84-HW ",1,2023-05-30,"From UK IT",N/A,"SIL Server Room Rack ",MIS,LWR,SIL,SDL,,,,,,,,,,,0,,,,,,
BD-03683,,1,,Printer,"Printer ",Assigned,FSWY021593,Epson,LQ-590,15000,2023-05-31,"MS Khan Brothers Computer",n/a,"SIL Picklist issue",Operation,LWR,SDL,SDL,"SIL Picklist",,,,,,,,,,0,,,,,,
BD-03684,,0,,Network,Firewall,Stock,Q2PN-92BM-LMLH,Cisco,"Meraki MX84",1,2023-06-06,"From UK IT",n/a,,MIS,LWR,DBO,DBO,,,,,,,,,,,0,,,,,,
BD-03685,,1,SDLP026,Printer,Printer,Stock,VNH4G07114,HP,"LaserJet Pro 400 M401n",1,2023-06-06,"From UK IT",1,,MIS,LWR,SIL,SDL,,,,,,,,,10.140.7.26,,0,,,,,,
BD-03686,,1,,"Computer Accessories",Headset,Assigned,225010H120000877,Rapoo,H120,1250,2023-06-06,"Global Brands Pvt Ltd.",N/A,"Rayhan Hossain","Marketing & Merchandising",LWR,SIL,SDL,hrayhan,,,,,,,,,,0,,,,,,
BD-03687,,1,,"Computer Accessories",Headset,Assigned,250330H120A1865,Rapoo,H120,1200,2023-06-06,"Global Brands Pvt Ltd.",1,"Apu Hossain","Marketing & Merchandising",LWR,SDL,SDL,ahossain,,,,,,,,,,0,,,,,,
BD-03688,,1,,UPS,UPS,Assigned,E2207077510,NPS,AID1200M,6700,2023-02-02,"Numeric Technology",1,"Arifur Rahaman/Farhad",CAD,LWR,SIL,SDL,,,,,,,,,,,0,,,,,,
BD-03689,,1,,UPS,UPS,Assigned,E2207077509,NPS,AID1200M,6700,2023-02-02,"Numeric Technology",1,"Saravanan Jayaraman",MIS,LWR,SIL,SDL,sjayaraman,,,,,,,,,,0,,,,,,
BD-03690,11004000305,1,,Printer,"Barcode Printer",Assigned,38T22430068,TSC,TTP-384MT,272000,2023-02-02,"DIGI Solution",1,"SDL Packing Room",Finishing,LWR,SDL,"Shanta Denim Limited",,99-060A002-000K,,,,,,,,,0,,,,,,
BD-03691,11004000301,1,,"Barcode Reader","Barcode reader",Stock,HR3280-BT-AJ01462,Newland,NLS-HR3280-BT-C(U),18000,2022-12-12,"DIGI Solution",1,,MIS,LWR,SIL,SDL,,,,,,,,,,,0,,,,,,
BD-03692,21004000320,RMCINV2022000135,,CCTV,"CCTV Camera",Assigned,7a0a583pag0bfd5,Dahua,DH-IPC-HFW1239T1-LED-S5,3914,2022-05-09,"Richman Informatics",SDL2000299,"NVR 16 CAM 23",MIS,LWR,SDL,SDL,,,,,,,,,,,0,,,,,,
BD-03693,21004000321,RMCINV2022000135,,CCTV,"CCTV Camera",Stock,7A0A583PAG153B6,Dahua,DH-IPC-HFW1239T1-LED-S5,3914,2022-05-09,"Richman Informatics",SDL2000299,,MIS,LWR,SDL,SDL,,,,,,,,,,,0,,,,,,
BD-03694,21004000322,RMCINV2022000135,,CCTV,"CCTV Camera",Assigned,7a0a583pag3ad3a,Dahua,DH-IPC-HFW1239T1-LED-S5,3914,2022-05-09,"Richman Informatics",SDL2000299,"NVR 16 CAM 24",MIS,LWR,SDL,SDL,,,,,,,,,,,0,,,,,,
BD-03695,21004000323,RMCINV2022000135,,CCTV,"CCTV Camera",Stock,7a0a583pagcfa0b,Dahua,DH-IPC-HFW1239T1-LED-S5,3914,2022-05-09,"Richman Informatics",SDL2000299,,MIS,LWR,SDL,SDL,,,,,,,,,,,0,,,,,,
BD-03696,21004000283,STS/SG-210205,,Network,Switch,Assigned,BDCOMS1518,BDCOM,BDCOM-S1518-16P-330,17500,2023-02-25,"STS Automation",SDL2000232,"Screenline CCTV",MIS,LWR,SCRLN,SDL,,,,,,,,,,,0,,,,,,
BD-03697,21004000284,STS/SG-210205,,Network,Switch,Assigned,BDCOMS1519,BDCOM,BDCOM-S1518-16P-330,17500,2023-02-24,"STS Automation",SDL2000232,"Screenline CCTV",MIS,LWR,SCRLN,SDL,,,,,,,,,,,0,,,,,,
BD-03698,21004000343,INV-GBPGL-2022-006818,SDLD578,Computer,Desktop,Assigned,N3M0KC3763542R5,Clone,"Asus Prime H610M-D D4",45000,2022-12-22,"Global Brands Pvt Ltd.",SDL2000355,"Store loading area2,(Saddam Hossain)",Store,LWR,SDL,SDL,"Saddam Hossain",,"Asus Prime H610M-D D4","Intel Core i3 12100",3.3,"256 (M.2)",,8192,,,45000,"WIN 10 pro",,,"WIN 10 pro",DN8V3-VHK4H-Y8B79-MMFQR-X2FC2,
BD-03699,0,INV-GBPGL-2022-006811,DBOD049,Computer,Desktop,Assigned,N3M0KC3765698TW,Clone,"Asus Prime H610M-D D4",45000,2022-12-22,"Global Brands Pvt Ltd.",SIL0000253,"Md Sharfuzzaman","Accounts & Finance",LWR,HO,"Dhaka Buying Office",msharfuzzaman,,"Asus Prime H610M-D D4","Intel Core i3 12100",3.3,256,,8192,,,45000,"WIN 10 pro",2023-07-24,,"WIN 10 pro",,"Ex Hostname SDLD572"
BD-03700,41004000043,INV-GBPGL-2022-006813,SDLD574,Computer,Desktop,Assigned,N3M0KC3763498CN,Clone,"Asus Prime H610M-D D4",45000,2022-12-22,"Global Brands Pvt Ltd.",SWWL-6000083,"TCQC Zahidul",Sample,LWR,SIL,SDL,zatcqc,,"Asus Prime H610M-D D4","Intel Core i3 12100",3.3,256,,8192,,,45000,"WIN 10 pro",2023-08-22,,"WIN 10 pro",NX9DK-WTPQB-PRC83-6243K-9HJXC,
BD-03701,11004000310,INV-GBPGL-2022-006812,SDLD573,Computer,Desktop,Assigned,N3M0KC3766232E8,Clone,"Asus Prime H610M-D D4",45000,2022-12-22,"Global Brands Pvt Ltd.",SIL-0000257,"Khandaker Mahajabin","Marketing & Merchandising",LWR,SIL,SDL,kmahajabin,,"Asus Prime H610M-D D4","Intel Core i3 12100",3.3,256,,8192,,,45000,"WIN 10 pro",2023-08-06,,"WIN 10 pro",CJVNR-P83XC-QC89G-VJPMD-7T9TP,
BD-03702,11004000311,INV-GBPGL-2022-006812,SDLD575,Computer,Desktop,Assigned,N3M0KC376567X94,Clone,"Asus Prime H610M-D D4",45000,2022-12-22,"Global Brands Pvt Ltd.",SIL0000265,"Shahin Uddin",Store,LWR,SIL,SDL,suddin,,"Asus Prime H610M-D D4","Intel Core i3 12100",3.3,256,,8192,,,45000,"WIN 10 pro",2023-08-22,,"WIN 10 pro",GHTPB-PNJ7W-WPDBJ-8BM94-X2FC2,
BD-03703,11004000312,INV-GBPGL-2022-006812,SDLD577,Computer,Desktop,Assigned,N3M0KC37662222B,Clone,"Asus Prime H610M-D D4",45000,2022-12-22,"Global Brands Pvt Ltd.",SIL0000265,"Zakir Hossain",Store,LWR,SDL,SDL,zhossain,,"Asus Prime H610M-D D4","Intel Core i3 12100",3.3,256,,8192,,,45000,"WIN 10 pro",,,"WIN 10 pro",RJFMW-XNKYB-CXMTX-4VTQB-K766P,
BD-03704,0,INV-GBPGL-2022-006817,SDLD576A,Computer,Desktop,Assigned,N3M0KC3763552Z2,Clone,"Asus Prime H610M-D D4",45000,2022-12-22,"Global Brands Pvt Ltd.",SDL2000352,"Mehedi Hasan6",Sample,LWR,SDL,SDL,mhasan6,,"Asus Prime H610M-D D4","Intel Core i3 12100",3.3,256,,8192,,,45000,"WIN 10 pro",,,"WIN 10 pro",3DY3P-HWN84-D2MHX-46336-MKMP2,
BD-03705,0,INV-GBPGL-2022-006817,SDLD580,Computer,Desktop,Assigned,N3M0KC3763563DV,Clone,"Asus Prime H610M-D D4",45000,2022-12-22,"Global Brands Pvt Ltd.",SDL2000352,"Ekramul Haque",Sample,LWR,SIL,SDL,ehaque,,"Asus Prime H610M-D D4","Intel Core i3 12100",3.3,256,,8192,,,45000,"WIN 10 pro",2023-10-15,,"WIN 10 pro",PNKTX-66X29-JWXDK-9RP33-DV66P,
BD-03706,0,INV-GBPGL-2022-006812,,Display,Monitor,Assigned,206NTPC5U560,LG,"LG 22MP400-B",13000,2022-12-22,"Global Brands Pvt Ltd.",SIL0000257,"Shofikul Islam2",Merchandising,LWR,SIL,SDL,shofislam,,,,,,,,,,,,,,,,
BD-03707,0,INV-GBPGL-2022-006812,,Display,Monitor,Assigned,206NTSU5U134,LG,"LG 22MP400-B",13000,2022-12-22,"Global Brands Pvt Ltd.",SIL0000257,"Abdullah AlNoman",Store,LWR,SIL,SDL,aalnoman,,,,,,,,,,,,,,,,
BD-03708,0,INV-GBPGL-2022-006812,,Display,,Assigned,206NTDV6T962,LG,"LG 22MP400-B",13000,2022-12-22,"Global Brands Pvt Ltd.",SIL0000257,"Shahin Uddin",Store,LWR,SDL,SDL,suddin,,,,,,,,,,,,,,,,
BD-03709,0,INV-GBPGL-2022-006813,,Display,Monitor,Assigned,206NTFA6T827,LG,"LG 22MP400-B",13000,2022-12-22,"Global Brands Pvt Ltd.",SWWL6000083,"Rezaul Karim ",Sample,LWR,SDL,SDL,rekarim,,,,,,,,,,,,,,,,
BD-03710,41004000044,INV-GBPGL-2022-006813,SDLD570C,Computer,Desktop,Assigned,N3M0KC376347C5Y,Clone,"ASUS PRIME H610M-D D4",45000,2022-12-22,"Global Brands Pvt Ltd.",SWWL6000083,"Shohidul Islam",CAD,SWR,SDL,SDL,sislam,,"ASUS PRIME H61M-D D4","Intel i3-12100 ",3.30,"256 M.2",,8184,,,45000,"Win 11Pro ",2025-08-05,,P9HDN-JP779-TTB3J-JMC82-2DKTP,,"256GB M2 SSD installed "
BD-03711,11004000314,INV-GBPGL-2022-006812,SDLD571,Computer,Desktop,Assigned,N3M0KC3765712FN,Clone,"ASUS PRIME H61M-D D4",45000,2022-12-22,"Global Brands Pvt Ltd.",SIL0000257,"Anisujjaman Parvez",Costing,LWR,SIL,SDL,aparvez,,"ASUS PRIME H61M-D D4","Intel Core i3-12100 ",3.30,256,,8184,,,45000,"Win 10 Pro ",2023-07-25,,97NV3-BT8V6-DMQ3R-X8KX7-XD722,,
BD-03712,21004000266,n/a,DBOHYPERV01,Server,Server,Assigned,CZ210703WW,HP,"DL 380 Gen10",2100000,2021-03-10,"From UK IT",n/a,DBOHYPERV01,MIS,LWR,DBO,DBO,DBOHYPERV01,,,,,,,,,,0,,,,,,
BD-03713,0,N/A,,UPS,UPS,Assigned,E2207077595,NPS,AID1200M,6500,2023-01-01,"Numeric Technology",N/A,"Ahmed Tamim",Merchandising,LWR,SIL,SDL,atamim,,,,,,,,,,0,,,,,,
BD-03715,11004000315,N/A,SDLL339A,Computer,Laptop,Stock,5CD212M267,HP,"Probook 440 G8",86000,2023-06-25,"Ryans Technology",N/A,"Ex. user Dhanushka","Qaulity Assurance",LWR,SIL,SDL,,,,"Intel Core i5 1145G7",,500,,8192,,,0,"Win 10 Pro",2023-07-23,B-352,T2N4Y-R2JY9-X3JGV-RY4CR-BY49C,,
BD-03716,0,INV-GBPGL-2023-003093,,Display,Monitor,Assigned,206NTXR5U554,LG,22MP400,19100,2023-07-19,"Global Brands Pvt Ltd.",SDL2000390,"Md Sharfuzzaman",Finance,LWR,DBO,DBO,msharfuzzaman,,,,,,,,,,0,,,,,,
BD-03717,0,1,,UPS,UPS,Assigned,202208250089,NPS,1200VA,6800,2023-08-01,"Numeric Technology",n/a,"Ali Hossain",PCC,SWR,SDL,SDL,alihossain,,,,,,,,,,0,,,,,,
BD-03718,0,1,,UPS,UPS,Assigned,202206110273,NPS,1200VA,6800,2023-08-01,"Numeric Technology",n/a,"Wahid Seraj",PCC,SWR,SDL,SDL,wseraj,,,,,,,,,,0,,,,,,
BD-03719,0,1,,UPS,UPS,Assigned,202208250090,NPS,1200VA,6800,2023-08-01,"Numeric Technology",n/a,"Khudiram Das",Maintenance,SWR,SDL,SDL,kdas,,,,,,,,,,0,,,,,,
BD-03720,0,1,,UPS,UPS,Assigned,202208250387,NPS,1200VA,6800,2023-08-01,"Numeric Technology",n/a,"Isahaq Ali/Mojahedul Islam",Maintenance,LWR,SDL,SDL,iali/mojislam,,,,,,,,,,0,,,,,,
BD-03721,0,23080303,,UPS,UPS,Assigned,202206210400,NPS,NP2120,6800,2023-08-03,"Numeric Technology",SIL0000294,"Mohammad Hasan",Finance,LWR,HO,DBO,mohhasan,,,,,,,,,,0,,,,,,
BD-03722,0,23080303,,UPS,UPS,Assigned,202206210124,NPS,NP2120,6800,2023-08-03,"Numeric Technology",SIL0000294,"Md Sharfuzzaman",Finance,LWR,HO,DBO,msharfuzzaman,,,,,,,,,,0,,,,,,
BD-03723,0,23080303,,UPS,UPS,Assigned,202206210399,NPS,NP2120,6800,2023-08-03,"Numeric Technology",SIL0000294,"Hossain, Tonmoy",Finance,LWR,HO,DBO,tohossain,,,,,,,,,,0,,,,,,
BD-03724,0,23080304,,UPS,UPS,Assigned,202206210123,NPS,NP2120,6800,2023-08-03,"Numeric Technology",SDL2000391,"Sultan Nasir","Quality Assurance",LWR,SIL,"Shanta Denim Limited",snasir,,,,,,,,,,0,,,,,,
BD-03725,0,23080304,,UPS,,Assigned,202206210123,NPS,NP2120,6800,2023-08-03,"Numeric Technology",SDL2000391,"Kamrul Hasan 2",Procurement,LWR,HO,DBO,kamhasan,,,,,,,,,,0,,,,,,
BD-03726,0,0,,Display,Monitor,Assigned,205NTUW5T294,LG,22MP400,10000,2023-08-03,"Global Brands Pvt Ltd.",1,"Mohammad Piyer Mollah",MIS,LWR,SIL,SDL,pmollah,,,,,,,,,,0,,,,,,
BD-03727,21004000210,16702557,,Server,Server,Assigned,LTO5DBO16702557,Quantum,"LTO 5",177000,2017-12-02,"From UK IT",1,"DBO Tape Drive",MIS,LWR,DBO,DBO,,,,,,,,,,,0,,,,,,
BD-03728,21004000224,HO/22086,,Server,Server,Assigned,SDLLTO522086,Quantum,"LTO 5",165825,2017-12-08,"From UK IT",1,"SDL Tape Drive",MIS,LWR,SDL,SDL,"SDL Tape Drive",,,,,,,,,,0,,,,,,
BD-03729,0,1,,Display,Monitor,Assigned,206NTE5U860,LG,22,10000,2023-08-03,"Global Brands Pvt Ltd.",1,"Arif Rahman",Merchandising,LWR,SIL,SDL,arirahman,,,,,,,,,,0,,,,,,
BD-03730,0,1,,UPS,UPS,Assigned,E2207077508,AWP,AID1200M,1,2023-08-03,"Numeric Technology",1,"Arif Rahman",Merchandising,LWR,SIL,SDL,arirahman,,,,,,,,,,0,,,,,,
BD-03731,0,23080304,,UPS,UPS,Assigned,202208250132,NPS,NP2120,6800,2023-08-03,"Numeric Technology",SDL2000393,"Raqibul Islam",Merchandising,LWR,SDL,SDL,raqislam,,,,,,,,,,0,,,,,,
BD-03732,0,B-2228433,,Display,"VC Monitor",Assigned,RY181722,Miracast,"G9 Plus",3500,2023-08-20,"Ryans IT Ltd",SIL0000284,"Rasanga Ranasinghe Meeting room",Operation,LWR,SIL,SDL,,,,,,,,,,,0,,,,,,
BD-03733,11004000317,B-2225523,DBOL208,Computer,Laptop,Assigned,5CD2441477,HP,"Probook 440 G9",88500,2023-08-17,"Ryans IT Ltd",HO3000083,"Nurul Ahad",Finance,LWR,HO,"Dhaka Buying Office",nahad,,,"Intel Core i5 1235U",,500,,8192,,,0,"Win 10 Pro",2023-08-23,,"Win 10 Pro",BX6QX-N7KX8-MVHK8-9B4HF-369TP,
BD-03734,0,1,,UPS,UPS,Assigned,E2207077507,NPS,1200VA,6500,2023-08-08,"Numeric Technology",n/a,"Shahin Uddin",Store,LWR,SIL,SDL,suddin,,,,,,,,,,0,,,,,,
BD-03735,0,1,,"Computer Accessories",Headset,Assigned,1,RAPOO,HI120,1,2023-08-24,"Global Brands Pvt Ltd.",1,,"Accounts & Finance",LWR,SDL,SDL,,,,,,,,,,,0,,,,,,
BD-03736,0,1,,"Computer Accessories",Headset,Assigned,227020H120002192,Rapoo,H120,1300,2023-08-21,"Ryans IT Ltd",n/a,"Dewan Huraira",PCC,LWR,SDL,SDL,dhuraira,,,,,,,,,,0,,,,,,
BD-03737,0,1300,,"Computer Accessories",Headset,Assigned,229020H120002892,Rapoo,H120,1300,2023-08-24,"Ryans IT Ltd",1,"Abu Tarik",Costing,LWR,SIL,SDL,atarik,,,,,,,,,,0,,,,,,
BD-03738,0,1300,,"Computer Accessories",Headset,Assigned,311330H120A2350,Rapoo,H120,1300,2023-08-24,"Ryans IT Ltd",1,"Mezbuh uddin",Fabric,LWR,SIL,SDL,muddin,,,,,,,,,,0,,,,,,
BD-03739,0,1300,,"Computer Accessories",Headset,Assigned,229020H120002481,Rapoo,H120,1300,2023-08-24,"Ryans IT Ltd",1,"Sopan Hasan",Commercial,LWR,HO,DBO,sohasan,,,,,,,,,,0,,,,,,
BD-03740,0,INV-GBPGL-2023-003763,,"Computer Accessories",Headset,Assigned,312330H120A1279,RAPOO,HI120,2900,2023-08-26,"Global Brands Pvt Ltd.",DBO5000144,"Ahmed Tamim",Merchandising,LWR,SIL,SDL,atamim,,,,,,,,,,0,,,,,,
BD-03741,0,n/a,,UPS,UPS,Assigned,152733,Digilog,3kvh,72000,2015-09-21,"DIGI Solution",1,,MIS,LWR,SIL,SDL,,,,,,,,,,,0,,,,,,
BD-03742,0,1,,Camera,Camera,Assigned,8J080C1PAG18A2A,Dahua,DH-IPC-HFW2441S-S,1,2023-09-09,"Global Brands Pvt Ltd.",1,,"Human Resource",LWR,SIL,SDL,,,,,,,,,,,0,,,,,,
BD-03743,0,1,,Camera,Camera,Assigned,8J080C1PAG912E4,Dahua,DH-IPC-HFW2441S-S,1,2023-09-09,"STS Automation",1,,"Human Resource",LWR,SIL,SDL,,,,,,,,,,,0,,,,,,
BD-03744,0,n/a,,UPS,UPS,Assigned,E2207077596,NPS,1200VA,6800,2023-07-11,"Numeric Technology",n/a,"Mahmudul Hasan4",Production,LWR,SIL,SDL,mahmuhasan,,,,,,,,,,0,,,,,,
BD-03745,21004000344,B-2225527,DBOL212,Computer,Laptop,Assigned,5CD2441469,HP,"Probook 440 G9 ",88500,2023-08-17,"Ryans IT Ltd",SDL2000397,"Merajul Islam","Marketing & Merchandising",LWR,SDL,SDL,meislam,,,"Intel Core i5 1235U",4.40,512,,8192,,,0,"Win 10 Pro",2023-10-08,,"Win 10 Pro",VM3GN-B3T6G-KV4DM-YXX88-2GYP2,
BD-03746,21004000329,B-2225527,DBOL211,Computer,Laptop,Assigned,5CD24413RJ,HP,"Probook 440 G9 ",88500,2023-08-17,"Ryans IT Ltd",SDL2000397,"Saiful Islam 2",Technical,LWR,DBO,"CastleCrafts Limited",saiislam,,,"Intel Core i5 1235U",4.40,512,,8192,,,0,"Win 10 Pro",2023-09-24,B-244,"Win 10 Pro",RGT8N-7XBQB-8HXC7-JC2JB-92FC2,
BD-03747,11004000322,B-2225523,SDLL345,Computer,Laptop,Assigned,5CD2441DLC,HP,"Probook 440 G9 ",88500,2023-08-17,"Ryans IT Ltd",SIL0000296,"Olivia Audije","Marketing & Merchandising",LWR,SIL,SDL,oaudije,,,"Intel Core i5 1235U",4.40,512,,8192,,,0,"Win 10 Pro",2023-10-17,,"Win 10 Pro",CPRTQ-N2RRV-BVBDB-GTT8Y-JK8XC,
BD-03748,11004000319,B-2225523,DBOL214A,Computer,Laptop,Assigned,5CD244145N,HP,"Probook 440 G9 ",88500,2023-08-17,"Ryans IT Ltd",SIL0000296,"Ahadujjaman Santo","Human Resource",LWR,DBO,"Dhaka Buying Office",asanto,,,"Intel Core i5 1235U",4.40,512,,8192,,,0,"Win 10 Pro",2024-03-30,BD-424,"Win 10 Pro",FTRNH-GV8JK-H6BQB-2G6RK-P3722,"Bag assign date25022025"
BD-03749,21004000328,B-2225527,SDLL349A,Computer,Laptop,Assigned,5CD24413RB,HP,"Probook 440 G9 ",88500,2023-08-17,"Ryans IT Ltd",SDL2000397,,MIS,LWR,SIL,SDL,,,,"Intel Core i5 1235U",4.40,512,,8192,,,0,"Win 11 Pro",2024-10-09,Yes,"Win 10 Pro",3N84B-QCTWF-2QHD6-RQDHW-WB49C,
BD-03750,11004000318,B-2225523,SDLL350,Computer,Laptop,Assigned,5CD24413RF,HP,"Probook 440 G9 ",88500,2023-08-17,"Ryans IT Ltd",SIL0000297,"Zahid Hasan 2","Marketing & Merchandising",LWR,SDL,SDL,zahasan,,,"Intel Core i5 1235U",4.40,512,,8192,,,0,"Win 10 Pro",2023-12-13,B-326,"Win 10 Pro",YPN3M-V62B7-M8TQD-B8R48-82QGP,
BD-03751,11004000321,B-2225523,SDLL351,Computer,Laptop,Service,5CD2441D9C,HP,"Probook 440 G9 ",88500,2023-08-17,"Ryans IT Ltd",SIL0000297,"Babu Rahman",Costing,LWR,SIL,SDL,brahman,,,"Intel Core i5 1235U",4.40,512,,8192,,,0,"Win 10 Pro",2023-12-18,BD-378,"Win 10 Pro",97YND-4P96P-KVJW7-4QCQK-GJF9C,
BD-03752,1100000320,B-2225523,SDLL352,Computer,Laptop,Assigned,5CD2441DKZ,HP,"Probook 440 G9 ",88500,2023-08-17,"Ryans IT Ltd",SIL0000297,"Shakil Hossain",Planning,LWR,SDL,SDL,shhossain,,,"Intel Core i5 1235U",4.40,512,,8192,,,0,"Win 10 Pro",2023-12-21,,"Win 10 Pro",NT2KM-XJP7F-BYQYM-JTB4V-94R9C,
BD-03753,11004000316,B-2225523,SDLL353B,Computer,Laptop,Assigned,5CD244146R,HP,"Probook 440 G9 ",88500,2023-08-17,"Ryans IT Ltd",SIL0000297,"Sumon Chowdhury",MIS,LWR,SIL,SDL,schowdhury,,,"Intel Core i5 1235U",4.40,512,,8192,,,0,"Win 11 Pro",2025-10-13,,"Win 11 Pro",MHWN8-RWVG6-GX9XD-PYQYX-YDWXC,
BD-03754,0,1,,"Computer Accessories",Headset,Assigned,227020H120000462,HP,,1,2023-09-17,Global,,"Sawar Hasan",Fabric,LWR,SIL,SDL,hsarwar,,,,,,,,,,,,,,,,
BD-03755,0,23090901,,UPS,UPS,Assigned,202206210444,NPS,NP2120,6800,2023-09-09,"Numeric Technology",SDL2000400,"Nazrul Islam 5",Production,SWR,SIL,SDL,nazrulislam,,,,,,,,,,0,,,,,,
BD-03756,0,23090902,,UPS,,Stock,202206210407,NPS,NP2120,6800,2023-09-09,"Numeric Technology",SIL0000299,,MIS,LWR,SIL,SDL,,,,,,,,,,,0,,,,,,
BD-03757,0,23090901,,UPS,,Assigned,202206210443,NPS,NP2120,6800,2023-09-09,"Numeric Technology",SDL2000400,"Rahman, Siddikur",Technical,LWR,SIL,SDL,sirahman,,,,,,,,,,0,,,,,,
BD-03758,0,GBPHL-2023-004080,,"Computer Accessories",Headset,Assigned,312330H120A1369,RAPOO,HI120,1200,2023-09-10,"Global Brands Pvt Ltd.",HO3000084,Salauddin.Sayem,Procurement,LWR,HO,"Shanta Denim Limited",ssayem,,,,,,,,,,0,,,,,,
BD-03759,0,GBPHL-2023-004080,,"Computer Accessories",,Assigned,312330H120A1373,RAPOO,HI120,1200,2023-09-10,"Global Brands Pvt Ltd.",HO3000080,"Mozibur Rahman",Commercial,LWR,HO,HO,morahman,,,,,,,,,,0,,,,,,
BD-03760,0,GBPHL-2023-004080,,"Computer Accessories",Headset,Assigned,312330H120A1364,RAPOO,HI120,1200,2023-09-10,"Global Brands Pvt Ltd.",HO3000080,,MIS,LWR,HO,HO,,,,,,,,,,,0,,,,,,
BD-03761,0,GBPGL-2023-004080,,"Computer Accessories",Headset,Assigned,312330H120A1375,RAPOO,HI120,1200,2023-09-10,"Global Brands Pvt Ltd.",SIL0000300,"Nazmul Karim",Merchandising,LWR,SIL,SDL,nkarim,,,,,,,,,,0,,,,,,
BD-03762,0,23090901,,UPS,UPS,Assigned,202206210015,NPS,NP2120,6800,2023-09-09,"Numeric Technology",SDL2000400,"Anamul Haque",Planning,LWR,SIL,SDL,ahaque,,,,,,,,,,0,,,,,,
BD-03763,0,GBPGL-2023-004080,,Display,Monitor,Stock,206NTZN5V173,LG,22MP400,10000,2023-09-10,"Global Brands Pvt Ltd.",SIL0000300,,MIS,LWR,SIL,SDL,,,,,,,,,,,0,,,,,,
BD-03764,0,GBPGL-2023-000845,,Display,,Assigned,206NTZN5V351,LG,22MP400,10000,2023-09-10,"Global Brands Pvt Ltd.",SDL2000401,"Alomgir Hossain(LaserCut)",Operation,LWR,SIL,SDL,alohossain,,,,,,,,,,0,,,,,,
BD-03765,0,GBPGL-2023-004080,,Display,Monitor,Assigned,206NTZN5V338,LG,22MP400,10000,2023-09-10,"Global Brands Pvt Ltd.",SIL0000300,"TCQC Zahidul","Sample Room",LWR,SIL,SDL,zatcqc,,,,,,,,,,0,,,,,,
BD-03766,0,GBPGL-2023-000845,,Display,Monitor,Assigned,206NTZN5V336,LG,22MP400,10000,2023-09-10,"Global Brands Pvt Ltd.",SDL2000400,"Hosen, Ikram",Finishing,LWR,SIL,SDL,ihosen,,,,,,,,,,0,,,,,,
BD-03767,0,GBPGL-2023-004080,,"Computer Accessories",Headset,Assigned,312330H120A1370,RAPOO,HI120,1200,2023-09-10,"Global Brands Pvt Ltd.",SIL0000300,"Hasan, Shajedul","Marketing & Merchandising",LWR,SIL,SDL,shahasan,,,,,,,,,,0,,,,,,
BD-03768,0,GBPGL-2023-004080,,"Computer Accessories",Headset,Stock,312330H120A1378,RAPOO,HI120,1200,2023-09-10,"Global Brands Pvt Ltd.",SIL0000300,"Anderson, Andy",MIS,LWR,SDL,SDL,aanderson,,,,,,,,,,0,,,,,,
BD-03769,0,GBPGL-2023-004080,,"Computer Accessories",Headset,Assigned,312330H120A1380,RAPOO,HI120,1200,2023-09-10,"Global Brands Pvt Ltd.",SIL0000300,"Imtiaz Ahmed",Merchandising,LWR,SIL,"Shanta Denim Limited",imahmed,,,,,,,,,,0,,,,,,
BD-03770,0,GBPGL-2023-004080,,"Computer Accessories",Headset,Assigned,312330H120A1360,RAPOO,HI120,1200,2023-09-10,"Global Brands Pvt Ltd.",SIL0000300,"Mohammad Piyer Mollah","Marketing & Merchandising",LWR,SDL,SDL,pmollah,,,,,,,,,,0,,,,,,
BD-03771,0,GBPGL-2023-004080,,"Computer Accessories",Headset,Assigned,312330H120A1377,RAPOO,HI120,1200,2023-09-10,"Global Brands Pvt Ltd.",SIL0000300,"Mazharul Islam",Sample,LWR,SIL,SDL,mazislam,,,,,,,,,,0,,,,,,SDLD532A
BD-03772,0,GBPGL-2023-004097,SDLD586,Computer,Desktop,Assigned,N8M0KC075902GJP,Clone,"ASUS H610M-V3 D4",38000,2023-09-10,"Global Brands Pvt Ltd.",SDL2000400,"Shohel Arman",Costing,LWR,SDL,SDL,sarman,,"ASUS H610M-V3 D4","Intel Core i3 10105",4.40,"250 GB",,8192,,,0,"Win 10 Pro",,,"Win 10 Pro",NWYKC-D43PK-3CRHF-JHFWK-KQBP2,"Return Motherboard"
BD-03773,0,GBPGL-2023-004080,SDLD588,Computer,Desktop,Assigned,N8MOKC075630G6M,Clone,"ASUS H610M-V3 D4",38000,2023-09-10,"Global Brands Pvt Ltd.",SIL0000279,"Tactical Scan Pack 3,",Finishing,LWR,SIL,SDL,"Tactical Scan Pack 3,",,"ASUS H610M-V3 D4","Intel Core i3 10105",4.40,256,,8192,,,0,"Win 10 Pro",,,"Win 10 Pro",Y92G7-C3NDW-RMJJC-KQ9MD-TOQGT,
BD-03774,0,1,,Display,Monitor,Assigned,207NTPC02296,LG,22MP400,10000,2023-08-17,"Global Brand Private Limited",1,"Mehedi Hasan3",Finance,LWR,DBO,DBO,mehehasan,,,,,,,,,,0,,,,,,"Warranty claim by Global Brand Ltd Date 01122024"
BD-03775,0,GBPGL-2023-004080,,Display,Monitor,Assigned,206NTSU5V390,LG,22MP400,10000,2023-09-10,"Global Brands Pvt Ltd.",SIL0000300,"Siddiqur Rahman","Sampel Development",LWR,SIL,SDL,sidrahman,,,,,,,,,,0,,,,,,
BD-03776,0,GBPGL-2023-004097,,Display,Monitor,Assigned,206NTSU6T694,LG,22MP400,10000,2023-09-10,"Global Brands Pvt Ltd.",SDL2000400,"Rejaul Islam",Store,LWR,SIL,SDL,rislam,,,,,,,,,,0,,,,,,
BD-03777,0,GBPGL-2023-004097,,Display,Monitor,Stock,206NTTQ6T265,LG,22MP400,10000,2023-09-10,"Global Brands Pvt Ltd.",SDL2000400,,MIS,LWR,SDL,SDL,,,,,,,,,,,0,,,,,,
BD-03778,0,1,,Printer,Printer,Assigned,CNCK216702,HP,"HP LaserJetP2055dn",1,2023-10-02,"MS Khan Brothers Computer",1,"Abu Naiem",Finance,LWR,HO,HO,anaiem,,,,,,,,,,0,,,,,,
BD-03779,0,INV-GBPGL-2023-004080,,Display,Monitor,Assigned,206NTDV5V274,LG,22MP400,10000,2023-09-10,"Global Brands Pvt Ltd.",HO3000084,"Anwarul Islam",Commercial,LWR,HO,"Shanta Denim Limited",anislam,,,,,,,,,,0,,,,,,
BD-03780,0,230101504,,UPS,UPS,Assigned,202208250388,NPS,"CYC 1200va",6800,2023-10-15,"Numeric Technology",PR-SWWL6000092,"Abdullah AlNoman",Store,LWR,SIL,SDL,aalnoman,,,,,,,,,,0,,,,,,
BD-03781,SIL4000324,23/1151,,Printer,"Barcode Printer",Assigned,T3J231503777,"Zebra ",ZT231,80000,2023-10-23,"Retail Technologies Limited",SIL0000306,"Ashraful Karim",Store,LWR,SIL,SDL,askarim,,,,,,,,,,0,,,,,,
BD-03782,SIL4000323,23/1151,,Printer,"Barcode Printer",Assigned,T3J2315037771,"Zebra ",ZT231,80000,2023-10-23,"Retail Technologies Limited",SIL0000306,"SDL-2  swatch cut-1",Store,LWR,SDL,SDL,store,,,,,,,,,,0,,,,,,
BD-03783,0,N/A,,"Computer Accessories",Headset,Service,312330H120A12366,RAPOO,HI120,1200,2023-10-15,"Ryans IT Ltd",N/A,"Sabbir Rahman","Human Resource",LWR,SIL,SDL,sabrahman,,,,,,,,,,0,,,,,,
BD-03784,0,B-2305173,SDLL347A,Computer,Laptop,Assigned,5CD24413NW,HP,"Probook 440 G9",86000,2023-10-25,"Ryans IT Ltd",SIL0000307,"Imtiaz Ahmed","Marketing & Merchandising",LWR,SIL,SDL,imahmed,,,"Intel Core i5 1145G7",,500,,8192,,,0,"Win 10 Pro",2023-12-06,B-0480,"Win 10 Pro",Q39BV-GNCBX-3PMC8-MCPV2-W2QW6,
BD-03785,0,B-2305173,SDLL348B,Computer,Laptop,Assigned,5CD24413QJ,HP,"Probook 440 G9 12th Gen",86000,2023-10-25,"Ryans IT Ltd",SIL0000307,"Shiblur Rahman",Cutting,LWR,SIL,SDL,sihrahman,,,,,,,,,,0,"WIN11 Pro",2025-02-17,B-499,"Win 10 Pro",NQKRV-GX4VJ-DHQGR-TMMQ8-6MVJ6,"Bag Provided on 23112025"
BD-03786,11004000160,1,,T&A,"Access Controle",Assigned,10.140.8.4,Nitgen,"NAC-2500 PLUS",26000,2015-06-15,"Bio Access",n/a,"SIL Upstair entry",MIS,LWR,SIL,SDL,,,,,,,,,,,0,,,,,,
BD-03787,11004000160,1,,T&A,"Access Controle",Stock,10.140.8.5,Nitgen,"NAC-2500 PLUS",26000,2015-06-15,"Bio Access",n/a,,MIS,LWR,SDL,SDL,,,,,,,,,,,0,,,,,,
BD-03788,11004000160,1,,T&A,"Access Controle",Assigned,10.140.8.7,Nitgen,"NAC-2500 PLUS",26000,2015-06-15,"Bio Access",n/a,"SDL 1 No gate",MIS,LWR,SDL,SDL,,,,,,,,,,,0,,,,,,
BD-03789,11004000160,1,,T&A,"Access Controle",Stock,10.140.8.10,Nitgen,"NAC-2500 PLUS",26000,2015-06-15,"Bio Access",n/a,,MIS,LWR,SDL,SDL,,,,,,,,,,,0,,,,,,
BD-03790,11004000160,1,,T&A,"Access Controle",Stock,10.140.8.11,Nitgen,"NAC-2500 PLUS",26000,2015-06-15,"Bio Access",n/a,,MIS,LWR,SDL,SDL,,,,,,,,,,,0,,,,,,
BD-03791,11004000115,1,,T&A,"Access Controle",Assigned,10.140.8.12,Nitgen,"NAC-2500 PLUS",26000,2015-06-15,"From UK IT",n/a,"SIL VC Room Entry",MIS,LWR,SDL,SDL,,,,,,,,,,,0,,,,,,
BD-03792,11004000192,1,,T&A,"Access Controle",Assigned,10.140.8.13,Nitgen,"NAC-2500 PLUS",26000,2015-06-15,"Bio Access",n/a,"SIL PD Room Entry",MIS,LWR,SDL,SDL,,,,,,,,,,,0,,,,,,
BD-03793,11004000192,1,,T&A,"Access Controle",Assigned,10.140.8.14,Nitgen,"NAC-2500 PLUS",26000,2015-06-15,"Bio Access",n/a,"SHO Entry ",MIS,LWR,HO,HO,,,,,,,,,,,0,,,,,,
BD-03794,0,1,,T&A,"Access Controle",Assigned,10.140.8.15,Nitgen,"NAC-2500 PLUS",26000,2015-06-15,"Bio Access",n/a,"DBO Entry ",MIS,LWR,DBO,DBO,,,,,,,,,,,0,,,,,,
BD-03795,11004000174,1,,T&A,"Access Controle",Stock,10.140.8.16,Nitgen,"NAC-2500 PLUS",26000,2015-06-15,"Bio Access",n/a,,MIS,LWR,SDL,SDL,,,,,,,,,,,0,,,,,,
BD-03796,11004000174,1,,T&A,"Access Controle",Assigned,10.140.8.17,Nitgen,"NAC-2500 PLUS",26000,2015-06-15,"Bio Access",n/a,"SIL Gate 1",MIS,LWR,SDL,SDL,,,,,,,,,,,0,,,,,,
BD-03797,11004000117,1,,T&A,"Access Controle",Assigned,10.140.8.18,Nitgen,"NAC-2500 PLUS",26000,2015-06-15,"Bio Access",n/a,"SIL MIS Office room",MIS,LWR,SDL,SDL,,,,,,,,,,,0,,,,,,
BD-03798,11004000174,1,,T&A,"Access Controle",Assigned,10.140.8.20,Nitgen,"NAC-2500 PLUS",26000,2015-06-15,"Bio Access",n/a,"SDL Server Room Main Door",MIS,LWR,SDL,SDL,,,,,,,,,,,0,,,,,,
BD-03799,11004000171,1,,T&A,"Access Controle",Assigned,10.140.8.22,Nitgen,"NAC-2500 PLUS",26000,2015-06-15,"Bio Access",n/a,"DBO Main Entry",MIS,LWR,DBO,DBO,,,,,,,,,,,0,,,,,,
BD-03800,11004000171,1,,T&A,"Access Controle",Assigned,10.140.8.23,Nitgen,"NAC-2500 PLUS",26000,2015-06-15,"Bio Access",n/a,"SDL LAB Entry",MIS,LWR,SDL,SDL,,,,,,,,,,,0,,,,,,
BD-03801,0,1,,T&A,"Access Controle",Stock,10.140.8.24,Nitgen,"NAC-2500 PLUS",26000,2015-06-15,"From UK IT",n/a,,MIS,LWR,SDL,SDL,,,,,,,,,,,0,,,,,,
BD-03802,11004000171,1,,T&A,"Access Controle",Assigned,10.140.8.25,Nitgen,"NAC-2500 PLUS",26000,2015-06-15,"Bio Access",n/a,"SIL Server Room Entry",MIS,LWR,SDL,SDL,,,,,,,,,,,0,,,,,,
BD-03803,0,INV-GBPGL-2023-004854,,Display,Monitor,Assigned,206NTTQ5V201,LG,22MP400-B,10000,2023-10-21,"Global Brands Pvt Ltd.",SIL0000303,"Mahmudul Hasan4",Production,LWR,SDL,SDL,mahmuhasan,,,,,,,,,,0,,,,,,
BD-03804,0,GBPGL-2023-004854,,Display,Monitor,Assigned,206NTDV5V322,LG,22MP400,10000,2023-10-23,"Global Brands Pvt Ltd.",SIL0000300,"Sakhawat Hossain ",Store,LWR,SDL,SDL,sahossain,,,,,,,,,,0,,,,,,
BD-03805,0,GBPGL-2023-004854,,Display,Monitor,Assigned,206NTKF5V277,LG,22MP400,10000,2023-10-21,"Global Brands Pvt Ltd.",SIL0000303,"Robiul Dewan",Cutting,LWR,SDL,SDL,rdewan,,,,,,,,,,0,,,,,,
BD-03806,0,GBPGL-2023-004854,,Display,Monitor,Assigned,206NTCZ5V435,LG,22MP400,10000,2023-10-21,"Global Brands Pvt Ltd.",SIL0000303,"TCQC Mannan","Qaulity Assurance",LWR,SIL,SDL,matcqc,,,,,,,,,,0,,,,,,
BD-03807,SIL4000325,349,,Printer,Printer,Stock,34J224300611,Zebra,"ZT-510 (300DPI)",175000,2023-10-22,"Global Brands Pvt Ltd.",SIL0000306,,MIS,LWR,SIL,SDL,,,,,,,,,,,0,,,,,,
BD-03808,0,2301101507,,UPS,UPS,Assigned,202206210259,NPS,NP2120,6200,2023-11-19,"Numeric Technology",SIL0000314,"SDL Ground Floor Rack",MIS,LWR,SDL,SDL,,,,,,,,,,,0,,,,,,
BD-03809,0,2301101507,,UPS,UPS,Assigned,202206210355,NPS,NP2120,6800,2023-11-15,"Numeric Technology",SIL0000314,"SDL 1st Floor Network Rack",MIS,LWR,SDL,SDL,,,,,,,,,,,0,,,,,,
BD-03810,0,2301101507,,UPS,UPS,Assigned,202206210260,NPS,NP2120,6800,2023-11-15,"Numeric Technology",SIL0000314,"SIL CAD Network Rack",MIS,LWR,SIL,SDL,"SIL CAD Network Rack",,,,,,,,,,0,,,,,,
BD-03811,0,2301101507,,UPS,UPS,Assigned,202206210111,NPS,NP2120,6800,2023-11-15,"Numeric Technology",SIL0000314,"Talent TR","Human Resource",LWR,SIL,SDL,ttalent,,,,,,,,,,0,,,,,,
BD-03812,0,2301101507,,UPS,UPS,Assigned,202206210008,NPS,NP2120,6800,2023-11-15,"Numeric Technology",SIL0000314,"TCQC, Zahidul",Quality,LWR,SIL,SDL,zatcqc,,,,,,,,,,0,,,,,,
BD-03813,0,2301101803,,UPS,,Assigned,202206210007,NPS,NP2120,6800,2023-11-15,"Numeric Technology",SIL0000314,"Md Zakaria 2","Marketing & Merchandising",LWR,SIL,SDL,mdzakaria,,,,,,,,,,0,,,,,,
BD-03814,0,N/A,,UPS,UPS,Assigned,20231127,NPS,"1200 VA",6000,2000-05-15,,SIL0000314,"Zahangir AlamÂ 2",Store,LWR,SIL,SDL,zaalam,,,,,,,,,,0,,,,,,"Previous S/N Number & Asset No not found"
BD-03815,0,GBPGL-2023-000804,SDLD584,Computer,Desktop,Assigned,N8M0KC075892S2C,Clone,"ASUS Prime H610M-V3 D4",38000,2023-11-23,"Global Brands Pvt Ltd.",SIL0000310,"Tactical Scan Pack-2",Finishing,LWR,SIL,SDL,"Tactical Scan Pack-2",,"Asus Prime H610M-V3 D4","Intel Core i3 10105",,"250 GB",,8192,,,0,"WIN 11 Pro",2025-06-21,,"Win 11 Pro",JCV8H-9NPGJ-Q3QBH-RX2FQ-Y4HJ6,
BD-03816,0,N/A,,UPS,UPS,Assigned,202105270001,NPS,NP2120,6800,2023-11-15,"Numeric Technology",N/A,"Saddam Hossain",Operation,LWR,SIL,SDL,sadhossain,,,,,,,,,,0,,,,,,
BD-03817,0,GBPGL-2023-001047,SDLD583,Computer,Desktop,Assigned,N8M0KC075893N84,Clone,"Asus Prime H610M-V3 D4",38000,2023-11-23,"Global Brands Pvt Ltd.",SIL0000309,"Shofikul Islam2",Merchandising,LWR,SIL,SDL,shofislam,,"Asus Prime H610M-V3 D4","Intel Core i3 10105",,250,,8192,,,0,,,,"Win 11 Pro",F7KQN-HW939-YKKXK-T7D3D-GF4TG,
BD-03818,0,B-2350214,,"Computer Accessories",Headset,Assigned,311330H120A2357,Rapoo,H120,1300,2023-12-06,"Ryans IT Ltd",1,"Alam Hossain",Operation,LWR,SWL,SDL,alhossain,,,,,,,,,,0,,,,,,
BD-03819,0,B-2350214,,"Computer Accessories",Headset,Assigned,311330H120A2361,Rapoo,H120,1300,2023-12-06,"Ryans IT Ltd",1,"Shaiket, Saharia",Commercial,LWR,SDL,SDL,sshaiket,,,,,,,,,,0,,,,,,
BD-03820,0,B-2358658,,"Computer Accessories",Headset,Assigned,225010H120000633,RAPOO,HI120,1300,2023-12-14,"Ryans IT Ltd",SIL0000302,"Nazmul Hossain","Marketing & Merchandising",LWR,SIL,SDL,nahossain,,,,,,,,,,0,,,,,,
BD-03821,0,B-2358658,,"Computer Accessories",,Assigned,225010H120000640,RAPOO,HI120,1300,2023-12-14,"Ryans IT Ltd",SIL0000302,"Monirul Islam",Cutting,LWR,SDL,SDL,moislam,,,,,,,,,,0,,,,,,
BD-03822,0,B-2358658,,"Computer Accessories",,Assigned,225010h120000625,RAPOO,HI120,1300,2023-12-14,"Ryans IT Ltd",SIL0000303,"Tariqul Islam 2",Compliance,LWR,DBO,"CastleCrafts Limited",tariislam,,,,,,,,,,0,,,,,,
BD-03823,0,B-2358658,,"Computer Accessories",Headset,Assigned,225010h120000617,RAPOO,HI120,1300,2023-12-14,"Ryans IT Ltd",SIL0000303,"Hosen, Tofazzal","Fabric Technology",LWR,DBO,SDL,thosen,,,,,,,,,,0,,,,,,
BD-03824,0,B-2358658,,"Computer Accessories",,Disposed,225010h120000615,RAPOO,HI120,1300,2023-12-14,"Ryans IT Ltd",SIL0000311,"Sharif Khan","Marketing & Merchandising",LWR,DBO,"CastleCrafts Limited",shakhan,,,,,,,,,,0,,,,,,
BD-03825,0,B-2358658,,"Computer Accessories",,Assigned,225010h120000634,RAPOO,HI120,1300,2023-12-14,"Ryans IT Ltd",SIL0000311,"Saiful Islam 4","Qaulity Assurance",LWR,SIL,SDL,saifuislam,,,,,,,,,,0,,,,,,
BD-03826,0,B-2358658,,"Computer Accessories",,"Need to Dispose",225010h120000602,RAPOO,HI120,1300,2023-12-14,"Ryans IT Ltd",SIL0000312,,MIS,LWR,SIL,SDL,,,,,,,,,,,0,,,,,,
BD-03827,0,B-2358658,,"Computer Accessories",Headset,Assigned,225010h120000609,RAPOO,HI120,1300,2023-12-14,"Ryans IT Ltd",SIL0000314,"Anase Bandu",Cutting,LWR,SIL,SDL,abandu,,,,,,,,,,0,,,,,,
BD-03828,0,B-2358658,,"Computer Accessories",Headset,Assigned,225010h120000603,RAPOO,HI120,1300,2023-12-14,"Ryans IT Ltd",SIL0000314,"Abdul Wahed",Compliance,LWR,SIL,SDL,awahed,,,,,,,,,,0,,,,,,
BD-03829,0,B-2358658,,"Computer Accessories",,Assigned,225010h120000622,RAPOO,HI120,1300,2023-12-14,"Ryans IT Ltd",SIL0000314,"Sabya Sachi Roy","Industrial Engineering",LWR,SIL,SDL,sroy,,,,,,,,,,0,,,,,,
BD-03830,0,B-2358658,,"Computer Accessories",Headset,Assigned,225010H120000627,RAPOO,HI120,1300,2023-12-14,"Ryans IT Ltd",SIL0000314,"Saiful Sourav",MIS,LWR,SIL,SDL,ssourav,,,,,,,,,,0,,,,,,
BD-03831,0,GBPGL-2023-005521,,Display,Monitor,Assigned,206NTUW8Y398,LG,22MP400,10000,2023-11-25,"Global Brands Pvt Ltd.",SIL0000314,"Mashruf Hossain",Cutting,LWR,SIL,SDL,mashossain,,,,,,,,,,0,,,,,,
BD-03832,0,GBPGL-2023-001054,,Display,Monitor,Assigned,206NTZN5V317,LG,22MP400,10000,2023-11-25,"Global Brands Pvt Ltd.",SDL2000410,"Jahurul Islam","Human Resource",LWR,SIL,SDL,jahislam,,,,,,,,,,0,,,,,,
BD-03833,0,B-2354720,SDLL370,Computer,Laptop,Assigned,5CD250375R,HP,"Probook 440 G9 ",86000,2023-12-11,"Ryans IT Ltd",SDL2000417,"Nabil Mansur","Accounts & Finance",LWR,SIL,SDL,nmansur,,,"Intel Core i5 1235U",4.40,"512 GB",,8192,,,0,"Win 10 Pro",,,"Win 11 Pro",4P26T-NQJGF-D29TT-TYY2F-TVKCT,
BD-03834,0,B-2354720,SDLL371,Computer,Laptop,Assigned,5CD24413JJ,HP,"Probook 440 G9 ",86000,2023-12-11,"Ryans IT Ltd",SDL2000417,"Taherul Islam","Marketing & Merchandising",LWR,SIL,SDL,taislam,,,"Intel Core i5 1235U",4.40,"512 GB",,8192,,,0,"Win 10 Pro",2024-10-19,,"Win 11 Pro",PVMTJ-PNTYK-YJ4W3-BVP2X-TF4TG,
BD-03835,0,B-2354718,SDLL369,Computer,Laptop,Service,5cd3062r7n,HP,"Probook 440 G9 ",86000,2023-12-11,"Ryans IT Ltd",SIL0000318,,MIS,LWR,SIL,SDL,,,,"Intel Core i5 1235U",4.40,"512 GB",,8192,,,0,"Win 11 Pro",2025-10-14,B-369,"Win 11 Pro",WMN89-G6GT6-CK6CH-GFCQ7-BDXCT,"ex sahira jaliel"
BD-03836,0,B-2354720,SDLL365,Computer,Laptop,Assigned,5cd24952c8,HP,"Probook 440 G9 ",86000,2023-12-11,"Ryans IT Ltd",SDL2000417,"Mahmud Islam","Human Resource",LWR,SIL,SDL,maislam,,,"Intel Core i5 1235U",4.40,"512 GB",,8192,,,0,"Win 11 Pro",2025-07-15,,"Win 11 Pro",NTX37-2BMWH-9V298-K3M48-BWRTG,
BD-03837,0,B-2354718,SDLL367,Computer,Laptop,Assigned,5cd3062r45,HP,"Probook 440 G9 ",86000,2023-12-11,"Ryans IT Ltd",SIL0000318,"Soliman Rajib","Quality Assurance",LWR,SIL,SDL,srajib,,,"Intel Core i5 1235U",4.40,"512 GB",,8192,,,0,"Win 10 Pro",2024-09-15,,"Win 11 Pro",G79MT-NK7JX-BGMBB-FDQ4Y-DPFTG,
BD-03838,0,B-2354720,SDL362,Computer,Laptop,Assigned,5cd3062qkz,HP,"Probook 440 G9",86000,2023-12-11,"Ryans IT Ltd",SDL2000417,"Islam, Riadul","Marketing & Merchandising",LWR,SIL,SDL,riislam,,,"Intel Core i5 1235U",4.40,"512 GB",,8192,,,0,"Win 10 Pro",,B-375,"Win 11 Pro",QFPWX-ND6MH-HD3QR-X3WW9-7XM6G,
BD-03839,0,B-2354720,DBOL216,Computer,Laptop,Assigned,5cd24413hx,HP,"Probook 440 G9 ",86000,2023-12-11,"Ryans IT Ltd",SDL2000417,"Nimesh Perera",Production,LWR,DBO,SDL,nperera,,,"Intel Core i5 1235U",4.40,,,8192,,,0,"Win 10 Pro",,,"Win 11 Pro",B26WR-QMNM4-JMPJW-7MVW6-HFTPT,
BD-03840,0,B-2354720,SDLL359,Computer,Laptop,Assigned,5cd24413hw,HP,"Probook 440 G9 ",86000,2023-12-11,"Ryans IT Ltd",SDL2000417,"Mahabub Masum",MIS,LWR,SIL,SDL,mmasum,,,"Intel Core i5 1235U",4.40,"512 GB",,8192,,,0,"Win 10 Pro",,B-280,"Win 11 Pro",RY9Q8-JNQ7P-BPG39-82R3P-4RHJ6,
BD-03841,0,B-2354720,SDLL354A,Computer,Laptop,Assigned,5CD3062QXM,HP,"Probook 440 G9 ",86000,2023-12-11,"Ryans IT Ltd",SDL2000417,"Nuruzzaman Liton","Marketing & Merchandising",LWR,SIL,SDL,nliton,,,"Intel Core i5 1235U",4.40,512,,8192,,,0,"Win 11 Pro",2025-06-14,Yes,"Win 11 Pro",842G4-XNFFF-M9YQ2-8Y3PM-PR4TG,
BD-03842,0,B-2354720,DBOL213,Computer,Laptop,Assigned,5CD3062QLM,HP,"Probook 440 G9 ",86000,2023-12-11,"Ryans IT Ltd",SDL2000417,"Rahat Ara","Marketing & Merchandising",MWR,DBO,"CastleCrafts Limited",rara,,,"Intel Core i5 1235U",4.40,512,,8192,,,0,"Win 10 Pro",2024-02-14,,"Win 11 Pro",Q44N8-HT343-F4JXV-DTD6J-K2FTG,
BD-03843,0,B-2354718,SDLL357A,Computer,Laptop,Assigned,5CD3062R3L,HP,"Probook 440 G9 ",86000,2023-12-11,"Ryans IT Ltd",SIL0000318,"Sohanur Rahman",Operation,LWR,SIL,SDL,sorahman,,,"Intel Core i5 1235U",4.40,512,,8192,,,0,"Win 10 Pro",,,"Win 11 Pro",992BD-CNG3H-6DYK2-X333T-V6DW6,
BD-03844,0,B-2354718,SDLL358B,Computer,Laptop,Assigned,5cd3062r33,HP,"Probook 440 G9 ",86000,2023-12-11,"Ryans IT Ltd",SIL0000318,"Anowarul Azim",MIS,LWR,SIL,SDL,aazim,,,"Intel Core i5 1235U",4.40,512,,8192,,,0,"Win 11 Pro",2025-10-06,B-391,"Win 11 Pro",JTCNM-RXWRJ-RMVWR-J4T8J-TQ8GG,
BD-03845,0,GBPGL-2023-005520,,Display,Monitor,Stock,206ntab6u152,LG,22MP400,10000,2023-11-25,"Global Brands Pvt Ltd.",SDL2000410,,MIS,LWR,SIL,SDL,,,,,,,,,,,0,,,,,,
BD-03846,0,GBPGL-2023-005520,,Display,Monitor,Assigned,206nthm6u137,LG,22MP400,10000,2023-11-25,"Global Brands Pvt Ltd.",SDL2000410,"David Murry",Operation,LWR,SIL,SDL,dmurray,,,,,,,,,,0,,,,,,
BD-03847,0,GBPGL-2023-005520,,Display,Monitor,Assigned,206ntgy6u143,LG,22MP400,10000,2023-11-25,"Global Brands Pvt Ltd.",SDL2000410,"AlMamun, Shamim","Industrial Engineering",LWR,SIL,SDL,salmamun,,,,,,,,,,0,,,,,,
BD-03848,0,GBPGL-2023-005498,,Display,Monitor,Assigned,206ntgy5v151,LG,22MP400,10000,2023-11-25,"Global Brands Pvt Ltd.",SIL0000312,"Eunus Ali",Cutting,LWR,SIL,SDL,eali,,,,,,,,,,0,,,,,,
BD-03849,0,GBPGL-2023-005498,,Display,Monitor,Assigned,206NTBK6U661,LG,22MP400,10000,2023-11-25,"Global Brands Pvt Ltd.",SIL0000312,"Akand, Shamsuzzaman","Quality Assurance",LWR,SDL,SDL,sakand,,,,,,,,,,0,,,,,,
BD-03850,0,GBPGL-2023-005498,,Display,Monitor,Stock,206NTZN6T741,LG,22MP400,10000,2023-11-25,"Global Brands Pvt Ltd.",SDL2000408,,MIS,LWR,SIL,SDL,,,,,,,,,,,0,,,,,,
BD-03851,SIL4000332,TVSB23120207,"Online UPS",UPS,UPS,Assigned,4122600046,"Socomec 6KV Online UPS",ITYS-E-TW060LB,665000,2023-12-28,"Tech Valley Solutions Ltd",SIL0000319,"SIL Network Rack ",MIS,LWR,SIL,SDL,,,,,,,,,,,0,,,,,,
BD-03852,0,STS/SDL-231206,,CCTV,"CCTV Camera",Assigned,8G0938APAG07C4A,Dahua,HDW1239T1,4300,2023-12-31,"STS Automation",SDL2000418,,MIS,LWR,SIL,SDL,,,,,,,,,,,0,,,,,,10.140.21.160
BD-03853,0,STS/SDL-231206,,CCTV,"CCTV Camera",Assigned,8G062B2PAG26786,Dahua,HDW1239T1,4300,2023-12-31,"STS Automation",SDL2000418,,MIS,LWR,SIL,SDL,,,,,,,,,,,0,,,,,,10.140.21.161
BD-03854,0,STS/SDL-231206,,CCTV,"CCTV Camera",Assigned,8G0938APAGFC3C7,Dahua,HDW1239T1,4300,2023-12-31,"STS Automation",SDL2000418,,MIS,LWR,SIL,SDL,,,,,,,,,,,0,,,,,,"10.140.21.162
"
BD-03855,0,STS/SDL-231206,,CCTV,"CCTV Camera",Assigned,8G0938APAGE973E,Dahua,HDW1239T1,4300,2023-12-31,"STS Automation",SDL2000418,,MIS,LWR,SIL,SDL,,,,,,,,,,,0,,,,,,10.140.21.158
BD-03856,0,STS/SDL-231206,,CCTV,"CCTV Camera",Assigned,8G062B2PAGB81D6,Dahua,HDW1239T1,4300,2023-12-31,"STS Automation",SDL2000418,,MIS,LWR,SIL,SDL,,,,,,,,,,,0,,,,,,10.140.21.164
BD-03857,0,STS/SDL-231206,,CCTV,"DOME CAMERA",Assigned,8G062B2PAG8F11B,Dahua,HDW1239T1,4300,2023-12-31,"STS Automation",SDL2000418,,MIS,LWR,SIL,SDL,,,,,,,,,10.140.21.111,,0,,,,,,
BD-03858,0,STS/SDL-231206,,CCTV,"CCTV Camera",Assigned,8G0938APAG24838,Dahua,HDW1239T1,4300,2023-12-31,"STS Automation",SDL2000418,,MIS,LWR,SIL,SDL,,,,,,,,,,,0,,,,,,10.140.21.154
BD-03859,0,STS/SDL-231206,,CCTV,"CCTV Camera",Assigned,8G062B2PAG25FE0,Dahua,HDW1239T1,4300,2023-12-31,"STS Automation",SDL2000418,,MIS,LWR,SIL,SDL,,,,,,,,,,,0,,,,,,"Dome Camera
10.140.21.155"
BD-03860,0,STS/SDL-231206,,CCTV,"CCTV Camera",Assigned,8G062B2PAGC7F94,Dahua,HDW1239T1,4300,2023-12-31,"STS Automation",SDL2000418,,MIS,LWR,SIL,SDL,,,,,,,,,,,0,,,,,,10.140.21.152
BD-03861,0,STS/SDL-231206,,CCTV,"CCTV Camera",Assigned,8G062B2PAGCA944,Dahua,HDW1239T1,4300,2023-12-31,"STS Automation",SDL2000418,,MIS,LWR,SIL,SDL,,,,,,,,,,,0,,,,,,10.140.21.153
BD-03862,0,STS/SDL-231206,,CCTV,"CCTV Camera",Assigned,8E061C7PAG98359,Dahua,HFW1239S1,4300,2023-12-31,"STS Automation",SDL2000418,,MIS,LWR,SIL,SDL,,,,,,,,,,,0,,,,,,"
10.140.21.156"
BD-03863,0,STS/SDL-231206,,CCTV,"CCTV Camera",Assigned,8E061C7PAG31648,Dahua,HFW1239S1,4300,2023-12-31,"STS Automation",SDL2000418,,MIS,LWR,SIL,SDL,,,,,,,,,,,0,,,,,,"10.140.21.157
"
BD-03864,0,STS/SDL-231206,,CCTV,"CCTV Camera",Assigned,8E061C7PAG118AC,Dahua,HFW1239S1,4300,2023-12-31,"STS Automation",SDL2000418,,MIS,LWR,SIL,SDL,,,,,,,,,,,0,,,,,,"10.140.21.159
"
BD-03865,0,STS/SDL-231206,,CCTV,"CCTV Camera",Assigned,8E061C7PAG8D512,Dahua,HFW1239S1,4300,2023-12-31,"STS Automation",SDL2000418,,MIS,LWR,SIL,SDL,,,,,,,,,10.140.21.200,,0,,,,,,"Bullet Camera
"
BD-03866,0,STS/SDL-231206,10.140.21.135,CCTV,"CCTV Camera",Assigned,8E061C7PAGD0186,Dahua,HFW1239S1,4300,2023-12-31,"STS Automation",SDL2000418,,MIS,LWR,SIL,SDL,,,,,,,,,10.140.21.135,,0,,,,,,"Assigned As SIL Gate 1 Outside Bullet Camera on 21/10/2024.
"
BD-03867,0,STS/SDL-231206,,CCTV,"CCTV Camera",Assigned,8E061C7PAGFAB75,Dahua,HFW1239S1,4300,2023-12-31,"STS Automation",SDL2000418,,MIS,LWR,SIL,SDL,,,,,,,,,,,0,,,,,,"10.140.21.163

"
BD-03868,0,STS/SDL-231206,,CCTV,,Assigned,8E061C7PAG73E67,Dahua,HFW1239S1,4300,2023-12-31,"STS Automation",SDL2000418,,MIS,LWR,SIL,SDL,,,,,,,,,10.140.21.232,,0,,,,,,"Bullet Camera
"
BD-03869,0,STS/SDL-231206,,CCTV,"CCTV Camera",Assigned,8E061C7PAG4E035,Dahua,HFW1239S1,4300,2023-12-31,"STS Automation",SDL2000418,,MIS,LWR,SIL,SDL,,,,,,,,,10.140.21.137,,0,,,,,,
BD-03870,0,STS/SDL-231206,,CCTV,NVR,Stock,9C013BCPAZD44FD,Dahua,DH-NVR5832-E1,60000,2023-12-31,"STS Automation",SDL2000418,,MIS,LWR,SIL,SDL,,,,,,,,,,,0,,,,,,
BD-03871,0,STS/SDL-231206,,CCTV,"CCTV Camera",Assigned,8E061C7PAGF436D,Dahua,HFW1239S1,4300,2023-12-31,"STS Automation",SDL2000418,,MIS,LWR,SIL,SDL,,,,,,,,,,,0,,,,,,
BD-03872,0,B-2358658,,Audio,Speaker,Stock,00293108106,Jabra,510,13800,2023-12-14,"Ryans IT Ltd",SIL0000321,"Hossain Tanvir",MIS,LWR,SIL,SDL,htanvir,,,,,,,,,,0,,,,,,
BD-03873,0,STS/SDL-231206,,CCTV,"CCTV Camera",Assigned,8G0938APAG3B92C,Dahua,HFW1239S1,4300,2023-12-31,"STS Automation",SDL2000418,,MIS,LWR,SIL,SDL,,,,,,,,,10.140.21.138,,0,,,,,,
BD-03874,0,STS/SDL-231206,,CCTV,"CCTV Camera",Stock,8E061C7PAG0A89D,Dahua,HFW1239S1,4300,2023-12-31,"STS Automation",SDL2000418,,MIS,LWR,SIL,SDL,,,,,,,,,10.140.21.231,,0,,,,,,
BD-03875,0,STS/SDL-231206,,CCTV,"CCTV Camera",Assigned,8E061C7PAGBA476,Dahua,HFW1239S1,4300,2023-12-31,"STS Automation",SDL2000418,,MIS,LWR,SIL,SDL,,,,,,,,,10.140.21.96,,0,,,,,,
BD-03876,0,STS/SDL-231206,,CCTV,,Stock,8E061C7PAGF436D,Dahua,HFW1239S1,4300,2023-12-31,"STS Automation",SDL2000418,,MIS,LWR,SIL,SDL,,,,,,,,,,,0,,,,,,
BD-03877,0,STS/SDL-231206,,CCTV,"CCTV Camera",Assigned,8E061C7PAG8507B,Dahua,HFW1239S1,4300,2023-12-31,"STS Automation",SDL2000418,BGL,MIS,LWR,SIL,SDL,,,,,,,,,10.140.21.201,,0,,,,,,
BD-03878,0,STS/SDL-231206,,CCTV,,Stock,8E061C7PAG10573,Dahua,HFW1239S1,4300,2023-12-31,"STS Automation",SDL2000418,,MIS,LWR,SIL,SDL,,,,,,,,,10.140.21.233,,0,,,,,,
BD-03879,0,STS/SDL-231206,,CCTV,,Stock,8E061C7PAG8F6F1,Dahua,HFW1239S1,4300,2023-12-31,"STS Automation",SDL2000418,,MIS,LWR,SIL,SDL,,,,,,,,,10.140.21.235,,0,,,,,,
BD-03880,0,STS/SDL-231206,,CCTV,"Bullet Camera",Stock,8E061C7PAGFF656,Dahua,HFW1239S1,4300,2023-12-31,"STS Automation",SDL2000418,,MIS,LWR,SIL,SDL,,,,,,,,,10.140.21.235,,0,,,,,,
BD-03881,0,STS/SDL-231206,,CCTV,"Bullet Camera",Stock,8E061C7PAG3DFDE,Dahua,HFW1239S1,4300,2023-12-31,"STS Automation",SDL2000418,,MIS,LWR,SIL,SDL,,,,,,,,,,,0,,,,,,
BD-03882,0,STS/SDL-231206,,CCTV,"DOME CAMERA",Assigned,8G0938APAGEB8E9,Dahua,HDW1239T1,4300,2023-12-31,"STS Automation",SDL2000418,,MIS,LWR,SIL,SDL,,,,,,,,,10.140.21.99,,0,,,,,,
BD-03883,0,STS/SDL-231206,10.140.21.26,CCTV,"DOME CAMERA",Stock,8G0938APAG6F3B9,Dahua,HDW1239T1,4300,2023-12-31,"STS Automation",SDL2000418,,MIS,LWR,SIL,SDL,,,,,,,,,,,0,,,,,,
BD-03884,0,STS/SDL-231206,,CCTV,"DOME CAMERA",Stock,8G0938APAG87A44,Dahua,HDW1239T1,4300,2023-12-31,"STS Automation",SDL2000418,,MIS,LWR,SIL,SDL,,,,,,,,,,,0,,,,,,
BD-03885,0,STS/SDL-231206,,CCTV,"DOME CAMERA",Assigned,8G0938APAG10740,Dahua,HFW1239S1,4300,2023-12-31,"STS Automation",SDL2000418,SDL-2,MIS,LWR,SIL,SDL,,,,,,,,,10.140.21.202,,0,,,,,,
BD-03886,0,STS/SDL-231206,,CCTV,"DOME CAMERA",Stock,8G062B2PAGDC54A,Dahua,HFW1239S1,4300,2023-12-31,"STS Automation",SDL2000418,,MIS,LWR,SIL,SDL,,,,,,,,,,,0,,,,,,
BD-03887,0,STS/SDL-231206,,CCTV,"DOME CAMERA",Stock,8G0938APAGF5602,Dahua,HFW1239S1,4300,2023-12-31,"STS Automation",SDL2000418,,MIS,LWR,SIL,SDL,,,,,,,,,,,0,,,,,,
BD-03888,0,STS/SDL-231206,,CCTV,"DOME CAMERA",Stock,8G062B2PAGC6B80,Dahua,HFW1239S1,4300,2023-12-31,"STS Automation",SDL2000418,,MIS,LWR,SIL,SDL,,,,,,,,,,,0,,,,,,
BD-03889,0,STS/SDL-231206,,Camera,"DOME CAMERA",Stock,8G0938APAG9A2BB,Dahua,HFW1239S1,4300,2023-12-31,"STS Automation",SDL2000418,,MIS,LWR,SIL,SDL,,,,,,,,,10.140.21.113,,0,,,,,,
BD-03890,0,STS/SDL-231206,,CCTV,"DOME CAMERA",Stock,8G062B2PAG960F5,Dahua,HFW1239S1,4300,2023-12-31,"STS Automation",SDL2000418,,MIS,LWR,SIL,SDL,,,,,,,,,,,0,,,,,,
BD-03891,0,STS/SDL-231206,,CCTV,"DOME CAMERA",Stock,8G062B2PAG288F6,Dahua,HFW1239S1,4300,2023-12-31,"STS Automation",SDL2000418,,MIS,LWR,SIL,SDL,,,,,,,,,,,0,,,,,,
BD-03892,0,STS/SDL-231206,,CCTV,"DOME CAMERA",Stock,8G062B2PAG15B29,Dahua,HFW1239S1,4300,2023-12-31,"STS Automation",SDL2000418,,MIS,LWR,SIL,SDL,,,,,,,,,,,0,,,,,,
BD-03893,0,STS/SDL-231206,,CCTV,"DOME CAMERA",Stock,8G062B2PAG6F864,Dahua,HFW1239S1,4300,2023-12-31,"STS Automation",SDL2000418,,MIS,LWR,SIL,SDL,,,,,,,,,10.140.21.112,,0,,,,,,
BD-03894,0,STS/SDL-231206,,CCTV,"DOME CAMERA",Stock,8G0938APAG7023C,Dahua,HFW1239S1,4300,2023-12-31,"STS Automation",SDL2000418,,MIS,LWR,SIL,SDL,,,,,,,,,,,0,,,,,,
BD-03895,0,n/a,,CCTV,"CCTV Camera",Assigned,8C05977page460f,Dahua,DH-IPC-HFW1239S1,4500,2023-01-01,"STS Automation",1,,MIS,LWR,SDL,SDL,,,,,,,,,,,0,,,,,,
BD-03896,0,n/a,,CCTV,"CCTV Camera",Assigned,8c05977pAg56074,Dahua,DH-IPC-HFW1239S1,4500,2023-01-01,"STS Automation",1,,MIS,LWR,SDL,SDL,,,,,,,,,,,0,,,,,,
BD-03897,0,n/a,,CCTV,"CCTV Camera",Assigned,8c05977pagc2df5,Dahua,DH-IPC-HFW1239S1,4500,2023-01-01,"STS Automation",1,,MIS,LWR,SDL,SDL,,,,,,,,,,,0,,,,,,
BD-03898,0,STLINV2024001481,,Computer,Tablet,Assigned,R8YW90FWZZL,Samsung,"Samsung Galaxy A8 SM-X200 Silver",26800,2024-01-17,"From UK IT",DBO4000005,"Zafor Ahmed/Shahin Hossain","Qaulity Assurance",MWR,DBO,DBO,,,,,,,,,,,0,,,,,,
BD-03899,0,STLINV2024001481,,Computer,Tablet,Assigned,R9YT90BM1PN,Samsung,"Samsung Galaxy A8 SM-X200 Gray",26800,2024-01-17,"From UK IT",DBO4000005,"Shofiqul Islam","Qaulity Assurance",MWR,DBO,DBO,shislam,,,,,,,,,,0,,,,,,
BD-03900,SIL4000353,20240106-20242413,DEWBDSDLMS43,Network,Switch,Assigned,Q2GW-KPVG-LPV8,CISCO-Meraki,MS225-24P-HW,356091.57,2024-01-10,"Smart Technology",SDL/WO/2021/01065,"SIL Cutting Rack",MIS,LWR,SIL,SDL,,,,,,,,,10.140.2.43,,0,,,,,,
BD-03901,SIL4000356,20240106-20242413,DEWBDSDLMS44,Network,Switch,Assigned,Q4AF-5GQF-ZEFL,CISCO-Meraki,MS120-48-HW,198784.77,2024-01-10,"Smart Technology",SDL2000394,"SIL server Room",MIS,LWR,SIL,SDL,,,,,,,,,10.140.2.44,,0,,,,,,
BD-03902,SIL4000355,20240106-20242413,,Network,Switch,Assigned,Q4AF-CUQV-CP44,CISCO-Meraki,MS120-48-HW,198784.77,2024-01-10,"Smart Technology",SDL2000394,,MIS,LWR,SIL,SDL,,,,,,,,,10.140.2.15,,0,,,,,,
BD-03903,SIL4000354,20240106-20242413,DEWBDSDLMS61,Network,Switch,Assigned,Q2GW-KPY3-3VW6,CISCO-Meraki,MS225-24P-HW,356091.57,2024-01-10,"Smart Technology",SDL2000394,"SIL CAD network Rack",MIS,LWR,SIL,SDL,,,,,,,,,10.140.2.61,,0,,,,,,
BD-03904,0,1,,CCTV,"DOME CAMERA",Assigned,7l00a51Pag2e1e1,Dahua,DH-IPC-HDW1239T1-LED-S5,4800,2022-12-12,"STS Automation",1,,MIS,LWR,SDL,SDL,,,,,,,,,,,0,,,,,,
BD-03905,0,1,,CCTV,"DOME CAMERA",Assigned,7l00a51PAg028c9,Dahua,DH-IPC-HDW1239T1-LED-S5,4800,2022-12-22,"STS Automation",1,,MIS,LWR,SDL,SDL,,,,,,,,,,,0,,,,,,
BD-03906,0,1,,CCTV,"DOME CAMERA",Assigned,7l01b92pagf77c8,Dahua,DH-IPC-HDW1239T1-LED-S5,4800,2022-12-22,"STS Automation",1,,MIS,LWR,SDL,SDL,,,,,,,,,,,0,,,,,,
BD-03907,0,1,,Audio,Speaker,Assigned,282160205909,Edifier,R12U,1500,2023-01-01,"MS Khan Brothers Computer",1,"PUMA Item Scan (Asikur Rahman 2)",Finishing,LWR,SDL,SDL,,,,,,,,,,,0,,,,,,
BD-03908,0,STLINV2024001944,,Computer,Tablet,Assigned,R8YW80M3AQB,Samsung,"Galaxy TAB A8",26800,2024-01-20,"From UK IT",SIL0000326,"Asaduzzaman Asad","Qaulity Assurance",LWR,SDL,SDL,aasad,,,,,,,,,,0,,,,,,
BD-03909,0,b-2358658,,Display,"VC Monitor",Assigned,RY181723,"K2 Mirascreen","G9 Plus",3500,2023-12-14,"Ryans IT Ltd",1,"Sample Room VC display","Sampel Development",LWR,SIL,SDL,,,,,,,,,,,0,,,,,,
BD-03910,SIL4000333,INVTR-2024-01102,,"VC Accessories","VC Microphone",Assigned,00338334720,Jabra,"Panacast 50",162000,2024-01-10,"From UK IT",SIL0000326,"SIL Sample Room VC","Sampel Development",LWR,SDL,SDL,,,,,,,,,,,0,,,,,,
BD-03911,0,N/A,,UPS,UPS,Assigned,Mini-ups-30,Fingertech,"5V Mini UPS",5800,2022-10-11,"General Automation",N/A,"Female Locker Area 1",MIS,LWR,SIL,SDL,Device-55,,,,,,,,,,0,,,,,,"Device55 SIL Female Locker Area Attendance Machine"
BD-03912,0,GBPGL-2024-000417,,Display,Monitor,Assigned,206NTWG6U369,LG,22MP400,10000,2024-01-23,"Global Brands Pvt Ltd.",SDL2000416,"Shaiket, Saharia",Commercial,LWR,SIL,SDL,sshaiket,,,,,,,,,,0,,,,,,
BD-03913,0,1,,T&A,"Attendance device",Assigned,7153679,Fingertech,"Timeline TA100C",28000,2023-01-18,"General Automation",1,"SIL Reception Area",MIS,LWR,SIL,SDL,,,,,,,,,10.140.8.94,,0,,,,,,
BD-03914,0,1,,UPS,UPS,Assigned,987456,Fingertech,"5V Mini UPS",5000,2023-01-18,"General Automation",1,"SIL Reception Area",MIS,LWR,SIL,SDL,,,,,,,,,10.140.8.94,,0,,,,,,
BD-03915,0,24021302,,UPS,UPS,Assigned,202206210231,NPS,1200VA,6800,2024-02-13,"Numeric Technology",SDL2000424,"Shanto, Shefaet",Commercial,LWR,SIL,DBO,sshanto,,,,,,,,,,0,,,,,,
BD-03916,0,1,,Audio,Speaker,Assigned,00253004376,Jabra,510,12000,2022-02-02,"Ryans IT Ltd",1,"Asanga Atapattu","Marketing & Merchandising",MWR,DBO,DBO,aatpattu,,,,,,,,,,0,,,,,,
BD-03917,0,20241405-20241779,DEWBDSDLMS23,Network,Switch,Assigned,Q4AF-EYXQ-VUTC,CISCO,"Meraki MS120-48",217499.03,2024-04-04,"Smart Technology",SIL0000313,,MIS,LWR,SIL,SDL,,,,,,,,,,,0,,,,,,
BD-03918,0,20241405-20241779,DEWBDDBOMS11,Network,Switch,Assigned,Q4AF-A5VG-F3QZ,CISCO,"Meraki MS120-48",217499.03,2024-04-04,"Smart Technology",SIL0000313,"DBO network Rack ",MIS,LWR,DBO,"Dhaka Buying Office",DEWBDDBOMS11,,,,,,,,,,0,,,,,,
BD-03919,0,20241405-20241779,DEWBDDBOMS12,Network,Switch,Assigned,Q4AF-QJGJ-DFU2,CISCO,"Meraki MS120-48",217499.03,2024-04-04,"Smart Technology",SIL0000313,"DBO network Rack ",MIS,LWR,DBO,"Dhaka Buying Office",DEWBDDBOMS12,,,,,,,,,,0,,,,,,
BD-03920,0,20241405-20241779,,Network,Switch,Assigned,Q4AF-HZN8-QCXX,CISCO,"Meraki MS120-48",217499.03,2024-04-04,"Smart Technology",SIL0000313,,MIS,LWR,SIL,SDL,,,,,,,,,,,0,,,,,,
BD-03921,0,20241405-20241779,DEWBDSDLMS21,Network,Switch,Assigned,Q4DE-PYP8-QRDS,CISCO,"Meraki MS120-24P",189059.83,2024-04-04,"Smart Technology",SIL0000313,,MIS,LWR,SIL,SDL,,,,,,,,,,,0,,,,,,
BD-03922,0,20241405-20241779," DEWBDSDLMS03",Network,Switch,Assigned,Q4DE-AA39-WUTD,CISCO,"Meraki MS120-24P",189059.83,2024-04-04,"Smart Technology",SIL0000313,,MIS,LWR,SIL,SDL,,,,,,,,,,,0,,,,,,
BD-03923,0,B-2470873,,"Computer Accessories",Headset,Assigned,349330H120A0070,RAPOO,HI120,1400,2024-04-06,"Ryans IT Ltd",SIL0000312,"Shiran Malinda",Production,LWR,SIL,SDL,smalinda,,,,,,,,,,0,,,,,,
BD-03924,0,B-2470873,,"Computer Accessories",Headset,Assigned,349330H120A0065,RAPOO,HI120,1400,2024-04-06,"Ryans IT Ltd",SIL0000312,"Dhanushka Jayawardhana","Quality Assurance",LWR,SIL,SDL,Dhanushka,,,,,,,,,,0,,,,,,
BD-03925,0,B-2470873,,"Computer Accessories",Headset,Assigned,349330H120A0071,RAPOO,HI120,1400,2024-04-06,"Ryans IT Ltd",SIL0000312,"Anowarul Azim",MIS,LWR,SIL,SDL,aazim,,,,,,,,,,0,,,,,,
BD-03926,0,B-2470873,,"Computer Accessories",Headset,Assigned,349330H120A0086,RAPOO,HI120,1400,2024-04-06,"Ryans IT Ltd",SIL0000314,"Rokon Uddullah","Marketing & Merchandising",LWR,DBO,DBO,ruddullah,,,,,,,,,,0,,,,,,
BD-03927,0,INV-GBPGL-2024-002131,,Display,Monitor,Assigned,206NTFA6U443,LG,22MP400,10000,2024-05-13,"Global Brands Pvt Ltd.",SIL0000333,"Raju Barua",CAD,LWR,SIL,SDL,rbarua,,,,,,,,,,0,,,,,,
BD-03928,0,GBPGL-2024-002131,,Display,Monitor,Assigned,206NTKF6U509,LG,22MP400,10000,2024-05-13,"Global Brands Pvt Ltd.",SIL0000336,"Ashraful Karim",Store,LWR,SIL,SDL,askarim,,,,,,,,,,0,,,,,,
BD-03929,0,INV-GBPGL-2024-002155,,"Computer Accessories",Headset,Assigned,410330H120A2028,RAPOO,HI120,1250,2024-05-14,"Global Brands Pvt Ltd.",SDL2000408,"Sanjit Sarker2",Prodcution,LWR,DBO,DBO,sansarker,,,,,,,,,,0,,,,,,
BD-03930,0,INV-GBPGL-2024-002155,,"Computer Accessories",Headset,Assigned,349330H120A0069,RAPOO,HI120,1250,2024-05-14,"Global Brands Pvt Ltd.",SIL0000338,"Rajakaruna, Imasha","Building Mainentance",LWR,SIL,SDL,irajakaruna,,,,,,,,,,0,,,,,,
BD-03931,0,INV-GBPGL-2024-002155,,"Computer Accessories",Headset,Assigned,410330H120A0710,RAPOO,HI120,1250,2024-05-14,"Global Brands Pvt Ltd.",SIL0000338,"Taohidul Islam",PCC,LWR,SDL,SDL,tauislam,,,,,,,,,,0,,,,,,
BD-03932,0,INV-GBPGL-2024-002129,,"Computer Accessories",Headset,Assigned,410330H120A2030,RAPOO,HI120,1250,2024-05-14,"Global Brands Pvt Ltd.",SDL2000408,"Riaj Uddin2",Quality,LWR,DBO,"Dhaka Buying Office",rijuddin,,,,,,,,,,0,,,,,,
BD-03933,0,INV-GBPGL-2024-002129,,"Computer Accessories",Headset,Stock,410330H120A0719,RAPOO,HI120,1250,2024-05-14,"Global Brands Pvt Ltd.",SDL2000419,,MIS,LWR,SIL,SDL,,,,,,,,,,,0,,,,,,
BD-03934,0,N/A,,"Computer Accessories",Headset,Stock,410330H120A0706,RAPOO,HI120,1250,2024-05-14,"Global Brands Pvt Ltd.",1,,MIS,LWR,SIL,SDL,,,,,,,,,,,0,,,,,,
BD-03935,0,B-2515883,,"Computer Accessories",Keyboard,Stock,2341CE1DB139,Logitech,"MK235 Grey Wireless Mouse and Keyboard Combo",2600,2024-05-22,"Ryans IT Ltd",SIL0000346,,MIS,LWR,SIL,SDL,,,,,,,,,,,0,,,,,,
BD-03936,0,B-2515883,,"Computer Accessories",Keyboard,Assigned,2345CE2B3979,Logitech,"MK235 Grey Wireless Mouse and Keyboard Combo",2600,2024-05-22,"Ryans IT Ltd",SIL0000346,"Paul Warren",Finance,LWR,SIL,SDL,pwarren,,,,,,,,,,0,,,,,,
BD-03937,0,B-2515883,,"Computer Accessories",Speaker,Assigned,00293107151,Jabra,PHS002W,13800,2024-05-22,"Ryans IT Ltd",SIL0000338,"David Murray",Operations,LWR,SIL,SDL,dmurray,,,,,,,,,,0,,,,,,
BD-03938,0,B-2521578,,"Computer Accessories",Speaker,Assigned,00293108339,Jabra,PHS002W,13800,2024-05-22,"Ryans IT Ltd",SDL2000439,"David P Forster",Finance,LWR,HO,"Dhaka Buying Office",dpforster,,,,,,,,,,0,,,,,,
BD-03939,0,INV-GBPGL-2024-002131,,Display,Monitor,Assigned,206NTGY6U167,LG,22MP400,10000,2024-05-13,"Global Brands Pvt Ltd.",SIL0000333," Shaifuddin Khaled","Building Mainentance",LWR,SIL,SDL,skhaled,,,,,,,,,,0,,,,,,
BD-03940,0,1,,Network,Switch,Assigned,22394K8004378,TPlink,TL-SG1008D,2150,2024-06-02,"STS Automation",1,,MIS,LWR,SIL,SDL,,,,,,,,,,,0,,,,,,
BD-03941,0,GBPGL-2024-002131,,Display,Monitor,Assigned,206NTMX6U195,LG,22MP400,10000,2024-06-13,"Global Brands Pvt Ltd.",SIL0000336,"Tactical Scan Pack",Finishing,LWR,SIL,SDL,,,,,,,,,,,0,,,,,,
BD-03942,0,GBPGL-2024-002131,,Display,Monitor,Assigned,206NTFA5U195,LG,22MP400,10000,2024-06-13,"Global Brands Pvt Ltd.",SIL0000300,,Finance,LWR,HO,DBO,,,,,,,,,,,0,,,,,,
BD-03943,0,N/A,DBOL217,Computer,Laptop,Assigned,4H032142H,Toshiba,"TECRA Z40-C-12X",30000,2020-01-01,"From UK IT",1,"Rabin Ahamed",Merchandising,LWR,DBO,"Dhaka Buying Office",rahamed,,,,,,,,,,0,,,B-239,,,
BD-03944,0,A001INV24000585,,"Barcode Reader","Barcode reader",Stock,HR2081-SF-AG00444,Newland,NLS-HR20,5500,2024-06-06,"DIGI Solution",1,,MIS,LWR,SIL,SDL,,,,,,,,,,,0,,,,,,
BD-03945,0,0,SDLL361,Computer,Laptop,Assigned,4H032136H,Toshiba,"Tecra Z40-C-12X",30000,2020-01-01,"From UK IT",1,"Zafor Ahmed","Quality Assurance",LWR,DBO,"Dhaka Buying Office",zahmed,,,,,,,,,,0,,,,,,
BD-03946,0,0,SDLL360,Computer,Laptop,"Need to Dispose",5E012558H,Toshiba,Portege-Z30-A-13W,30000,2020-01-01,"From UK IT",1,"Ullah, Auli","Industrial Engineering",LWR,SIL,SDL,aullah,,,,,,,,,,0,,,,,,
BD-03947,0,GBPGL-2024-000748,,Display,Monitor,Assigned,206NTDV6U506,LG,22MP400,10000,2024-02-12,"Global Brands Pvt Ltd.",SDL2000246,"Syed Nazrul","Qaulity Assurance",LWR,SIL,SDL,snazrul,,,,,,,,,,0,,,,,,
BD-03948,0,N/A,,Display,,Assigned,206NTDV5U282,LG,22MP400,10000,2024-02-12,"Global Brands Pvt Ltd.",1,"Rafrafin Shahadat",Finance,LWR,SIL,SDL,rshahadat,,,,,,,,,,0,,,,,,
BD-03949,0,1,,Printer,"Barcode Printer",Assigned,34J224001136,Zebra,ZT-510,1,2024-06-05,"Robust International Limited",1,"SDL-1 Puma packing",Finishing,LWR,SIL,SDL,Packing,,,,,,,,,,0,,,,,,
BD-03950,0,GBPL-2024-002131,,Display,Monitor,Assigned,206NTSU5U974,LG,22MP400,0,2024-05-13,"Global Brands Pvt Ltd.",SIL-0000333,"Tactical Scan Area-04",Finishing,LWR,SIL,SDL,,,,,,,,,,,0,,,,,,
BD-03951,0,GBPGL-2024-002333,,"Computer Accessories",Headset,Stock,410330H120A2003,Rapoo,H120,1250,2024-05-23,"Global Brands Pvt Ltd.",SIL0000351,"Nimat Zarin",Finance,LWR,SDL,"Dhaka Buying Office",nzarin,,,,,,,,,,0,,,,,,
BD-03952,0,GBPGL-2024-002333,,"Computer Accessories",Headset,Assigned,410330H120A2002,Rapoo,H120,1250,2024-05-23,"Global Brands Pvt Ltd.",SIL0000351,"Rabin Ahamed",Merchandising,LWR,DBO,"Dhaka Buying Office",rahamed,,,,,,,,,,0,,,,,,
BD-03953,0,GBPGL-2024-002333,,"Computer Accessories",Headset,Assigned,410330H120A2000,Rapoo,H120,1250,2024-05-23,"Global Brands Pvt Ltd.",SIL0000351,"Tanmoy Chudhury",Fabric,LWR,SIL,SDL,tchudhury,,,,,,,,,,0,,,,,,
BD-03954,0,GBPGL-2024-002333,,"Computer Accessories",,Stock,410330H120A2008,Rapoo,H120,1250,2024-05-23,"Global Brands Pvt Ltd.",SIL0000351,"Murad Hossain","Marketing & Merchandising",LWR,SIL,SDL,hmurad,"Murad Hossain",,,,,,,,,0,,,,,,
BD-03956,0,INV-GBPGL-2024-002946,SDLD590A,Computer,Desktop,Assigned,4CE408CQ8X,HP,"HP 280 Pro G9 MT",85000,2024-07-02,"Global Brands Pvt Ltd.",SDL2000461,"Acktura Jaman","Industrial Engineering",LWR,SIL,SDL,ajaman,,"Intel H670","Core i5 12500",3.0,512,,16,"LAN & Wi-Fi",,0,"Windows 11 Pro",2025-06-16,,"Win 10 Pro",WPBHY-7KNR9-B7WFM-4M3B3-B98XC,"Challan No GBPL2024002946 with 3 years Warranty"
BD-03957,0,INV-GBPGL-2024-002946,,Display,Monitor,Assigned,CNK3390GZF,HP,"HP 22v G5",1,2024-07-02,"Global Brands Pvt Ltd.",SDL2000461,"Tractical Scan Packing Computer -02",CAD,LWR,SIL,SDL,Finishing,,,,,,,,,,,,,,,,"Challan No: GBPL-2024-002946"
BD-03958,0,0,,Display,Monitor,Assigned,206NTUW6U318,LG,22MP400,10000,2023-05-13,"Global Brands Pvt Ltd.",1,"Imtiaz Ahmed",Merchandising,LWR,SIL,SDL,imahmed,,,,,,,,,,0,,,,,,
BD-03959,0,GBPGL-2024-005682,,"Computer Accessories",Headset,Assigned,430330H120A1063,RAPOO,HI120,1360,2024-12-09,"Global Brand Private Limited",SDL2000510,"Islam2, Nazrul","Fabric Technology",LWR,SIL,SDL,nazrislam,,,,,,,,,,0,,,,,,
BD-03960,0,GBPGL-2024-005682,,"Computer Accessories",Headset,Assigned,437330H120A1578,RAPOO,HI120,1360,2024-12-09,"Global Brand Private Limited",SDL2000510,"Topu Saha",Merchandising,LWR,SDL,SDL,tsaha,,,,,,,,,,0,,,,,,
BD-03961,0,GBPGL-2024-005682,,"Computer Accessories",Headset,Assigned,436330H120A2566,RAPOO,HI120,1360,2024-12-09,"Global Brand Private Limited",SDL2000518,"Tareq siddiqui","Human Resource",LWR,SIL,SDL,tasiddiqui,,,,,,,,,,0,,,,,,
BD-03962,0,GBPGL-2024-00511,,"Computer Accessories",Headset,Assigned,430330H120A1071,RAPOO,HI120,1360,2024-12-09,"Global Brand Private Limited",SDL2000516,"Faisal Ahmed",Costing,LWR,SIL,SDL,fahemed,,,,,,,,,,0,,,,,,
BD-03963,0,A001INV24000681,,"Barcode Reader","Barcode reader",Stock,HR2081-SF-AG00299,Newland,NLS-HR20,5500,2024-07-18,"DIGI Solution",1,,MIS,LWR,SDL,SDL,,,,,,,,,,,0,,,,,,
BD-03964,0,A001INV24000681,,"Barcode Reader","Barcode reader",Stock,HR2081-SF-AG00452,Newland,NLS-HR20,5500,2024-07-18,"DIGI Solution",1,"Saidur Rahman",Finishing,LWR,SDL,SDL,sairahman,,,,,,,,,,0,,,,,,
BD-03965,0,A001INV24000681,,"Barcode Reader","Barcode reader",Stock,HR2081-SF-AG00442,Newland,NLS-HR20,5500,2024-07-18,"DIGI Solution",1,,MIS,LWR,SIL,SDL,,,,,,,,,,,0,,,,,,
BD-03966,0,A001INV24000681,,"Barcode Reader","Barcode reader",Assigned,HR2081-SF-AG00294,Newland,NLS-HR20,5500,2024-07-18,"DIGI Solution",1,"Puma Scanpack",Finishing,LWR,SDL,SDL,,,,,,,,,,,0,,,,,,
BD-03967,0,2507201,,UPS,UPS,Stock,202206210059,NPS,"1200 VA",7000,2024-07-25,"Numeric Technology",SIL0000360,,MIS,LWR,SIL,SDL,,,,,,,,,,,0,,,,,,
BD-03968,0,2507201,,UPS,,Stock,202206210148,NPS,"1200 VA",7000,2024-07-25,"Numeric Technology",SIL0000360,,MIS,LWR,SIL,SDL,,,,,,,,,,,0,,,,,,
BD-03969,0,2507201,,UPS,,Stock,202206210186,NPS,"1200 VA",7000,2024-07-25,"Numeric Technology",SIL0000360,,MIS,LWR,SIL,SDL,,,,,,,,,,,0,,,,,,
BD-03970,0,2507201,,UPS,,Stock,202206210164,NPS,"1200 VA",7000,2024-07-25,"Numeric Technology",SIL0000360,,MIS,LWR,SIL,SDL,,,,,,,,,,,0,,,,,,
BD-03971,0,2507201,,UPS,,Stock,202206210223,NPS,"1200 VA",7000,2024-07-25,"Numeric Technology",SIL0000360,,MIS,LWR,SIL,SDL,,,,,,,,,,,0,,,,,,
BD-03972,0,INV-GBPGL-2024-002946,SDLD591,Computer,Desktop,Assigned,4CE408CQJ8,HP,"HP 280 Pro G9 MT",85000,2024-07-02,"Global Brands Pvt Ltd.",SDL2000461,"Nurnabi Miah",Finishing,LWR,SIL,SDL,nmiah,,"Intel H670","Core i5 12500",3.0,512,,,"LAN & Wi-Fi",,0,"Windows 10 Pro",2024-07-31,,,RKRVR-CNOKV-GDV3H-FGXBW-29XTP,"Challan No: GBPL-2024-002946"
BD-03973,0,INV-GBPGL-2024-002946,,Display,Monitor,Assigned,CNK3391023,HP,"HP 22v G5",1,2024-07-02,"Global Brands Pvt Ltd.",SDL2000461,"Nurnabi Miah",Finishing,LWR,SIL,SDL,nmiah,,,,,,,,,,0,,,,,,"Challan No: GBPL-2024-002946"
BD-03974,0,GA/24/202,10.140.8.107,Finger,"Attendance device",Assigned,7155674,FingerTec,TA100CR,36000,2024-08-07,"General Automation",SDL/WO/2023/01530,,MIS,LWR,SDL,SDL,,,,,,,,,,,0,,,,,,
BD-03975,0,GA/24/202,10.140.8.108,Finger,"Attendance device",Assigned,7155676,FingerTec,TA100CR,36000,2024-08-07,"General Automation",SDL/WO/2023/01530,,MIS,LWR,SDL,SDL,,,,,,,,,,,0,,,,,,
BD-03976,0,GA/24/202,10.140.8.106,Finger,"Attendance device",Assigned,7155678,FingerTec,TA100CR,36000,2024-08-07,"General Automation",SDL/WO/2023/01530,,MIS,LWR,SDL,SDL,,,,,,,,,10.140.8.106,,0,,,,,,
BD-03977,0,GA/24/202,10.140.8.104,Finger,"Attendance device",Assigned,7155673,FingerTec,TA100CR,36000,2024-08-07,"General Automation",SDL/WO/2023/01530,,MIS,LWR,SDL,SDL,,,,,,,,,10.140.8.104,,0,,,,,,
BD-03978,0,GA/24/202,10.140.8.103,Finger,"Attendance device",Assigned,7155677,FingerTec,TA100CR,36000,2024-08-07,"General Automation",SDL/WO/2023/01530,,MIS,LWR,SDL,SDL,,,,,,,,,10.140.8.103,,0,,,,,,
BD-03979,0,GA/24/202,10.140.8.105,Finger,"Attendance device",Assigned,7155671,FingerTec,TA100CR,36000,2024-08-07,"General Automation",SDL/WO/2023/01530,,MIS,LWR,SDL,SDL,,,,,,,,,10.140.8.105,,0,,,,,,
BD-03980,0,GA/24/202,10.140.8.101,Finger,"Attendance device",Assigned,7155672,FingerTec,TA100CR,36000,2024-08-07,"General Automation",SDL/WO/2023/01530,,MIS,LWR,SDL,SDL,,,,,,,,,10.140.8.101,,0,,,,,,
BD-03981,0,GA/24/202,10.140.8.102,Finger,"Attendance device",Assigned,7155675,FingerTec,TA100CR,36000,2024-08-07,"General Automation",SDL/WO/2023/01530,,MIS,LWR,SDL,SDL,,,,,,,,,10.140.8.102,,0,,,,,,
BD-03982,0,INV-GBPGL-2024-003367,SDLD592,Computer,Desktop,Assigned,4CE402BBMP,HP,"HP 280 Pro G9 MT",85300,2024-08-11,"Global Brands Pvt Ltd.",SIL0000361,"Habeebur Rahman",Commercial,LWR,SIL,SDL,hrahman,,,"Core i5 12500",2.5,512,,16384,"LAN & WiFi",,85300,"Windows 10 Pro",2024-08-17,,,8BJF6-PNTTV-BJ2MV-9GRPT-HFR9C,"PPQ4JWNXKHG6PT2874TF8426DTried but not work"
BD-03983,0,GBPGL-2024-003367,,Display,Monitor,Assigned,CNK339102N,HP,"HP 22v G5",0,2024-08-11,"Global Brands Pvt Ltd.",SIL0000361,"Habeebur Rahman",Commercial,LWR,SIL,SDL,hrahman,N08863-007,,,,,,,,,0,,,,,,
BD-03984,0,INV-GBPGL-2024-003347,,Display,Monitor,Assigned,207NTZN2D789,HP,22MP400,10000,2024-07-30,"Global Brands Pvt Ltd.",SIL0000356,"Farjana Akter","Human Resource",LWR,SIL,SDL,fakter,,,,,,,,,,0,,,,,,
BD-03985,0,INV-GBPGL-2024-003354,,"Computer Accessories",Headset,Assigned,417330H120A0235,RAPOO,HI120,1265,2024-07-30,"Global Brands Pvt Ltd.",DBO5000155,"Abid Hasan",Merchandising,LWR,SIL,SDL,ahasan,,,,,,,,,,0,,,,,,
BD-03986,0,INV-GBPGL-2024-003354,,"Computer Accessories",Headset,Assigned,417330H120A0240,RAPOO,HI120,1265,2024-07-30,"Global Brands Pvt Ltd.",DBO5000159,"Shahnur Rashid","Marketing & Merchandising",LWR,SIL,SDL,srashid,,,,,,,,,,0,,,,,,
BD-03987,0,INV-GBPGL-2024-003354,,"Computer Accessories",Headset,Assigned,417330H120A0489,RAPOO,HI120,1265,2024-07-30,"Global Brands Pvt Ltd.",DBO5000156,"Mijanur Rahaman","Marketing & Merchandising",LWR,SIL,SDL,mirahaman,,,,,,,,,,0,,,,,,
BD-03988,0,INV-GBPGL-2024-002946,SDLD593A,Computer,Desktop,Assigned,4CE408CQDP,HP,"HP 280 Pro G9 MT ",85300,2024-07-02,"Global Brands Pvt Ltd.",SDLD2000461,"Rony Mia","Industrial Engineering",LWR,SDL,SDL,rmia,,"HP 280 Pro G9 MT 12 Gen","Intel Core i5 12500",,512,,16384,,,0,"Win 11 Pro",2025-08-19,,"Win 11 Pro",GHN2V-3KQ9B-MTBFB-XC42H-7QWXC,
BD-03989,0,INV-GBPGL-2024-002946,SDLD594,Computer,Desktop,Assigned,4CE408CQG2,HP,"HP 280 Pro G9 MT ",85300,2024-07-02,"Global Brands Pvt Ltd.",SDLD2000461,Anisur.Rahman4,Production,LWR,SDL,SDL,anirahman,,"HP 280 Pro G9 MT 12 Gen","Intel Core i5 12500",,512,,16384,,,0,"Win 10 Pro",2024-08-26,,,4THRP-WNCD6-T97XX-T6YTQ-T6PKC,
BD-03990,0,INV-GBPGL-2024-002946,SDLD595,Computer,Desktop,Assigned,4CE408CQDW,HP,"HP 280 Pro G9 MT",85300,2024-07-02,"Global Brands Pvt Ltd.",SDLD2000461,"Tawcif Hasnain","Industrial Engineering",LWR,SDL,SDL,thasnain,,"HP 280 Pro G9 MT 12 Gen","Intel Core i5 12500",,512,,16384,,,0,"Win 10 Pro",2024-08-26,,,N2QPR-2YP36-HXJM3-CRYQW-QDBP2,
BD-03991,0,INV-GBPGL-2024-002946,SDLD596,Computer,Desktop,Assigned,4CE348BZSH,HP,"HP 280 Pro G9 MT ",85300,2024-07-02,"Global Brands Pvt Ltd.",SDLD2000461,"Farzana Hira","Human Resource",LWR,SDL,SDL,fhira,,"HP 280 Pro G9 MT 12 Gen","Intel Core i5 12500",,512,,16384,,,0,"Win 10 Pro",2024-08-26,,,HN94Y-P8QM7-6TMXF-JK4C9-FRG6P,
BD-03992,0,INV-GBPGL-2024-002946,SDLD597,Computer,Desktop,Assigned,4CE408CQH2,HP,"HP 280 Pro G9 MT ",85300,2024-07-02,"Global Brands Pvt Ltd.",SDLD2000461,"Enayet Hossain","Human Resource",LWR,SDL,SDL,enhossain,,"HP 280 Pro G9 MT 12 Gen","Intel Core i5 12500",,512,,16384,,,0,"Win 11 Pro",2025-07-26,,"Win 10 Pro",8NQ69-8PBWR-34886-PCXVV-BDWXC,
BD-03993,0,INV-GBPGL-2024-002946,SDLD598,Computer,Desktop,Assigned,4CE408CQB9,HP,"HP 280 Pro G9 MT",85300,2024-07-02,"Global Brands Pvt Ltd.",SDLD2000461,"Farjana Akter","Human Resource",LWR,SDL,SDL,fakter,,"HP 280 Pro G9 MT 12 Gen","Intel Core i5 12500",,512,,16384,,,0,"Win 10 Pro",2024-08-26,,,NHXHP-BRM3J-J4BY7-VHDMD-3PFC2,
BD-03994,0,INV-GBPGL-2024-002946,SDLD599,Computer,Desktop,Assigned,4CE402BCZV,HP,"HP 280 Pro G9 MT",85300,2024-07-02,"Global Brands Pvt Ltd.",SDLD2000461,"Zobayer Ahmmed",Technical,LWR,SDL,SDL,zahmmed,,"HP 280 Pro G9 MT 12 Gen","Intel Core i5 12500",,512,,16384,,,0,"Win 10 Pro",2024-08-26,,,GNR73-8HDDW-RRXF2-9VD9W-JFG6P,
BD-03995,0,INV-GBPGL-2024-002946,SDLD600,Computer,Desktop,Assigned,4CE348BSD7,HP,"HP 280 Pro G9 MT",85300,2024-07-02,"Global Brands Pvt Ltd.",SDLD2000461,"Nahid Hossan","Quality Assurance",SWR,SDL,SDL,nhossan,,"HP 280 Pro G9 MT 12 Gen","Intel Core i5 12500",,512,,16384,,,0,"Win 10 Pro",2024-08-26,,,BMDYN-6TTXG-D6MBG-X494D-JTYP2,
BD-03996,0,INV-GBPGL-2024-002946,SDLD601,Computer,Desktop,Assigned,4CE408CQJ5,HP,"HP 280 Pro G9 MT ",85300,2024-07-02,"Global Brands Pvt Ltd.",SDLD2000461,"Shajib Miridha",Finishing,LWR,SDL,SDL,smiridha,,"HP 280 Pro G9 MT 12 Gen","Intel Core i5 12500",,512,,16384,,,0,"Win 10 Pro",2024-08-26,,,C7CH7-N7PYC-QM7TB-YD924-K4R9C,
BD-03997,0,INV-GBPGL-2024-002946,SDLD602,Computer,Desktop,Assigned,4CE408CQDD,HP,"HP 280 Pro G9 MT",85300,2024-07-02,"Global Brands Pvt Ltd.",SDLD2000461,"Ayub Khan",Compliance,LWR,SDL,SDL,aykhan,,"HP 280 Pro G9 MT 12 Gen","Intel Core i5 12500",,512,,16384,,,0,"Win 10 Pro",2024-08-26,,,P28NG-4PFPJ-T9JY4-RDY8F-3DBP2,
BD-03998,0,A001INV24000681,,Printer,"Barcode Printer",Assigned,T3J230600910,Zebra,"ZT-231 300 DPI",87500,2024-07-18,"DIGI Solution",SIL0000361,"Tractical Scan Packing Computer -02",Finishing,LWR,SIL,SDL,ogoni,,,,,,,,10.140.7.81,,0,,,,,,
BD-03999,0,A001INV24000681,,Printer,"Barcode Printer",Assigned,T3J230600887,Zebra,"ZT-231 300 DPI",87500,2024-07-18,"DIGI Solution",SIL0000361,"SDL-2  swatch cut-2",Store,LWR,SIL,SDL,store,,,,,,,,10.140.7.81,,0,,,,,,
BD-04000,0,A001INV24000681,,Printer,"Barcode Printer",Assigned,T3J240102139,Zebra,"ZT-231 300 DPI",87500,2024-07-18,"DIGI Solution",SIL0000361,"SDL-1  Packing ",Finishing,LWR,SIL,SDL,Finishing,,,,,,,,10.140.7.81,,0,,,,,,
BD-04001,0,A001INV24000681,,Printer,"Barcode Printer",Assigned,T3J240102115,Zebra,"ZT-231 300 DPI",87500,2024-07-18,"DIGI Solution",SIL0000361,"SIL Scan Pack-03",Finishing,LWR,SIL,SDL,Finishing,,,,,,,,10.140.7.81,,0,,,,,,
BD-04002,0,INV-GBPGL-2024-002946,SDLD603,Computer,Desktop,Assigned,4CE402B5XJ,HP,"HP 280 Pro G9 MT",85300,2024-07-02,"Global Brands Pvt Ltd.",SDLD2000461,"Kausar Ahmed",Store,LWR,SDL,SDL,kahmed,,"HP 280 Pro G9 MT 12 Gen","Intel Core i5 12500",,,,16384,"LAN & Wi-Fi",,0,"Win 10 Pro",2024-08-28,,,N6H9W-B7FYJ-WPCTT-D2CFY-MY49C,
BD-04003,0,INV-GBPGL-2024-002946,SDLD604,Computer,Desktop,Assigned,4CE408CQC6,HP,"HP 280 Pro G9 MT ",85300,2024-07-02,"Global Brands Pvt Ltd.",SDLD2000461,"Erron Ahmed",Finishing,LWR,SDL,SDL,eahmed,,"HP 280 Pro G9 MT 12 Gen","Intel Core i5 12500",,500,,16384,"LAN & Wi-Fi",,0,"Win 10 Pro",,,,6XNXP-Y9CF7-RQHKW-DQRB8-D9MP2,
BD-04004,0,1,,"Computer Accessories",Headset,Assigned,417330H120A0498he,Rappo,H120,1450,2024-08-29,"Global Brands Pvt Ltd.",1,"Chowdhury, Mamunur",Finance,LWR,SDL,DBO,mchowdhury,,,,,,,,,,0,,,,,,
BD-04005,0,INV-GBPGL-2024-003832,,Display,Monitor,Assigned,UK02417055276,Philips,"24Evnia 24M1N3200ZA FHD",25790,2024-08-29,"Global Brands Pvt Ltd.",1,"Zakir Khan",Finance,LWR,HO,DBO,zkhan,,,,,,,,,,0,,,,,,
BD-04006,0,INV-GBPGL-2024-003640,,Display,Monitor,Assigned,207NTSU02182,LG,22MP400,10000,2024-09-20,"Global Brands Pvt Ltd.",SIL0000362,"Sarwar Hasan","Marketing & Merchandising",LWR,SIL,SDL,hsarwar,,,,,,,,,,0,,,,,,
BD-04007,0,INV-GBPGL-2024-003640,,Display,Monitor,Assigned,207NTAB02624,LG,22MP400,10000,2024-09-20,"Global Brands Pvt Ltd.",SIL0000362,"Nazmul Hossain","Marketing & Merchandising",LWR,SIL,SDL,nahossain,,,,,,,,,,0,,,,,,
BD-04008,0,INV-GBPGL-2024-003640,,Display,Monitor,Assigned,207NTKF02765,LG,22MP400,10000,2024-09-20,"Global Brands Pvt Ltd.",SIL0000362,"Rahman, Mahfuzur","Marketing & Merchandising",LWR,SIL,SDL,mahfrahman,,,,,,,,,,0,,,,,,
BD-04009,0,INV-GBPGL-2024-003640,,Display,Monitor,Assigned,207NTEP02596,LG,22MP400,10000,2024-09-20,"Global Brands Pvt Ltd.",SIL0000362,"MD, Yeasin",Fabric,LWR,SIL,SDL,ymd,,,,,,,,,,0,,,,,,
BD-04010,0,INV-GBPGL-2024-002946,SDLD605,Computer,Desktop,Assigned,4CE408CPMB,HP,"HP 280 Pro G9 MT ",85300,2024-07-02,"Global Brands Pvt Ltd.",SDLD2000461,"Golam Rahman","Qaulity Assurance",LWR,SDL,SDL,grahman,,"HP 280 Pro G9 MT 12 Gen","Intel Core i5 12500",,,,16384,"LAN & Wi-Fi",,0,"Windows 11 Pro",2024-06-25,,"Windows 10 Pro",CHG82-FN77W-8G6T3-698P8-29XTP,
BD-04011,0,INV-GBPGL-2024-002946,SDLD606,Computer,Desktop,Assigned,4CE408CQH7,HP,"HP 280 Pro G9 MT",85300,2024-07-02,"Global Brands Pvt Ltd.",SDLD2000461,"Rakibul Islam","Human Resource",LWR,SDL,SDL,rakislam,,"HP 280 Pro G9 MT 12 Gen","Intel Core i5 12500",,,,16384,"LAN & Wi-Fi",,0,"Windows 10 Pro",2024-09-02,,,WQGCR-KNJV9-Q8G7W-2XGJW-YP2KC,
BD-04012,0,INV-GBPGL-2024-002946,SDLD607,Computer,Desktop,Assigned,4CE408CQ9R,HP,"HP 280 Pro G9 MT",85300,2024-07-02,"Global Brands Pvt Ltd.",SDLD2000461,"Faruq Hasan",Store,LWR,SDL,SDL,fhasan,,"HP 280 Pro G9 MT 12 Gen","Intel Core i5 12500",,,,16384,"LAN & Wi-Fi",,0,"Windows 10 Pro",2024-09-02,,,M8XNW-CPMR9-BHCY8-G4H67-G6PKC,
BD-04013,0,INV-GBPGL-2024-003641,SDLD608,Computer,Desktop,Assigned,4CE337BTDP,HP,"HP 280 Pro G9 MT I7",104000,2024-09-05,"Global Brands Pvt Ltd.",SIL0000368,"Mehedi Hasan5",Costing,LWR,SIL,SDL,mehedihasan,,"HP 280 Pro G9 MT 12 Gen","Intel Core i7 12500",,500,,16384,"LAN & Wi-Fi",,0,"Windows 10 Pro",2024-09-05,,,96PJB-KNM4M-38JXY-BRVJ8-9TPKC,
BD-04014,0,INV-GBPGL-2024-003746,,Display,Monitor,Assigned,207NTVS2D975,LG,22MP400,10000,2024-09-08,"Global Brands Pvt Ltd.",SIL0000379,"Saravanan Jayaraman",MIS,LWR,SIL,SDL,sjayaraman,,,,,,,,,,0,,,,,,
BD-04015,0,INV-GBPGL-2024-003746,,Display,Monitor,Assigned,207NTVS2D879,LG,22MP400,10000,2024-09-08,"Global Brands Pvt Ltd.",SIL0000379,"Obaidur Rahman",Merchandising,LWR,SIL,SDL,orahman,,,,,,,,,,0,,,,,,
BD-04016,0,INV-GBPGL-2024-003748,,Display,Monitor,Stock,207NTWG2D753,LG,22MP400,10000,2024-09-08,"Global Brands Pvt Ltd.",SIL0000475,,MIS,LWR,SIL,SDL,,,,,,,,,,,0,,,,,,
BD-04017,0,INV-GBPGL-2024-003746,,Display,Monitor,Stock,207NTGY2D719,LG,22MP400,10000,2024-09-08,"Global Brands Pvt Ltd.",SIL0000379,,MIS,LWR,SIL,SDL,,,,,,,,,,,0,,,,,,
BD-04018,0,INV-GBPGL-2024-003748,,Display,Monitor,Assigned,207NTVS2D633,LG,22MP400,10000,2024-09-08,"Global Brands Pvt Ltd.",SIL0000475,"Saravanan Jayaraman",MIS,LWR,SIL,SDL,sjayaraman,,,,,,,,,,0,,,,,,
BD-04019,0,INV-GBPGL-2024-003748,,Display,Monitor,Assigned,207NTVS2D736,LG,22MP400,10000,2024-09-08,"Global Brands Pvt Ltd.",SIL0000475,"Saravanan Jayaraman",MIS,LWR,SIL,SDL,sjayaraman,,,,,,,,,,0,,,,,,
BD-04020,0,1,,Display,,Assigned,207NTVS2D676,LG,22MP400,10000,2024-09-08,"Global Brands Pvt Ltd.",1,"Saravanan Jayaraman",MIS,LWR,SIL,SDL,sjayaraman,,,,,,,,,,0,,,,,,
BD-04021,0,INV-GBPGL-2024-003748,,Display,Monitor,Assigned,207NTEP2D676,LG,22MP400,10000,2024-09-08,"Global Brands Pvt Ltd.",SIL0000464,"Mahfujul Alam","Human Resource",LWR,SDL,SDL,maalam,,,,,,,,,,0,,,,,,
BD-04022,0,INV-GBPGL-2024-003640,,"Computer Accessories",Headset,Assigned,422330H151A1514,RAPOO,H150S,1250,2024-08-20,"Global Brands Pvt Ltd.",SIL0000371,"Abdullah Mamun",Costing,LWR,SIL,SDL,amamun,,,,,,,,,,0,,,,,,
BD-04023,0,INV-GBPGL-2024-003640,,"Computer Accessories",Headset,Assigned,422330H151A1511,RAPOO,H150S,1250,2024-08-20,"Global Brands Pvt Ltd.",SIL0000366,"Edris Khan",Sample,LWR,SIL,SDL,ekhan,,,,,,,,,,0,,,,,,
BD-04024,0,INV-GBPGL-2024-003367,SDLD609,Computer,Desktop,Assigned,4CE402BBK2,HP,"HP 280 Pro G9 MT",85300,2024-07-30,"Global Brands Pvt Ltd.",SIL0000361,"Mahbubul Islam","Finance & Acounts",LWR,SIL,SDL,mahislam,,"HP 280 Pro G9 MT 12 Gen","Intel Core i5 12500",,"250 GB",,16384,,,0,"Win 10 Pro",,,"Win 11 Pro",H86NV-VWXP8-WF9X7-Q3VMV-VT9TP,
BD-04025,0,INV-GBPGL-2024-003367,,Display,Monitor,Assigned,CNK3390H9B,HP,"HP P22v G5 21.5 inch",0,2024-07-30,"Global Brands Pvt Ltd.",SIL0000361,"Mahbubul Islam","Accounts & Finance",LWR,SIL,SDL,mahislam,,,,,,,,,,0,,,,,,"Full Set Desktop and Monitor"
BD-04026,SDL-MIS-0000806,20241596-20241597,SDLL368,Computer,Laptop,Assigned,5CD411J6N5,HP,"HP Probook 440 G10",98368,2024-09-08,"Smart Technology",SDL2000454,"Nazmul Hossain","Marketing & Merchandising",LWR,SIL,SDL,nahossain,,"HP Probook 440 G10","Intel Core i5 1335U",1.3,512,,16384,"LAN & Wi-Fi",,0,"Windows 10 Pro",2024-09-14,B-368,,JTRBN-RJHPV-XHK93-V4VG4-3DBP2,
BD-04027,SDL-MIS-0000805,20241596-20241597,SDLL364B,Computer,Laptop,Assigned,5CD411J6F0,HP,"HP Probook 440 G10",98368,2024-09-08,"Smart Technology",SDL2000454,"Saravanan Jayaraman",MIS,LWR,SIL,SDL,sjayaraman,,"HP Probook 440 G10","Intel Core i5 1335U @1.3 GHZ",1.3,512,,16384,"LAN & Wi-Fi",,0,"Windows 11 Pro",2024-09-16,,,,"Challan No 20240908350143196 Dated 08092024"
BD-04028,0,B-2636544,,Audio,Speaker,Assigned,00299136623,Jabra,PHS002W,14000,2024-09-15,"Ryans IT Ltd",DBO50000174,"Moniruzzaman2, Md","Marketing & Merchandising",LWR,DBO,DBO,MdMoniruzzaman,,,,,,,,,,0,,,,,,
BD-04029,0,B-2636544,,Audio,Speaker,Assigned,00299136624,Jabra,PHS002W,14000,2024-09-15,"Ryans IT Ltd",DBO50000174,"Khan, Sharif","Marketing & Merchandising",LWR,DBO,DBO,shakhan,,,,,,,,,,0,,,,,,"AKH Factory"
BD-04030,0,B-2636544,,Audio,Speaker,Assigned,00299137785,Jabra,PHS002W,14000,2024-09-15,"Ryans IT Ltd",DBO50000174,"Islam, Merajul","Marketing & Merchandising",LWR,DBO,DBO,meislam,,,,,,,,,,0,,,,,,"Bando Factory"
BD-04031,0,1,,Network,Switch,Assigned,Q2GW-8HFE-7TVM,CISCO,MS225-24P,1,2024-09-15,"From UK IT",1,,MIS,LWR,SWL,SDL,,,,,,,,,,08:F1:B3:1A:D3:62,0,,,,,,"DEWBDSDLMS30
BD-02794, For Replaced Switch 30"
BD-04032,0,1,,CCTV,"DOME CAMERA",Assigned,8D06F02PAG7EB38,Dahua,IPC-HDW1239T1-LED-S5,01,2024-09-21,"Richman Informatics",1,,Manitenance,LWR,SDL,SDL,,,,,,,,,10.140.21.114,,0,,,,,,
BD-04033,0,1,,CCTV,,Assigned,7L00A51PAG3595B,Dahua,IPC-HDW1239T1-LED-S5,01,2024-09-21,"Richman Informatics",1,,Manitenance,LWR,SDL,SDL,,,,,,,,,10.140.21.117,,0,,,,,,
BD-04034,0,1,,"Computer Accessories",Headset,Assigned,227020H1202564,RAPOO,HI120,1500,2024-03-31,"Global Brands Pvt Ltd.",1,"Rayhan Hossain","Marketing & Merchandising",LWR,SDL,SDL,hrayhan,,,,,,,,,,0,,,,,,
BD-04035,0,1,,"Computer Accessories",Headset,Assigned,422330H151A1512,RAPOO,H150S,1450,2024-09-10,"Global Brands Pvt Ltd.",1,"Mohammad Hasan","Accounts & Finance",LWR,HO,SDL,mohhasan,,,,,,,,,,0,,,,,,
BD-04036,0,1,,"Computer Accessories",Headset,Assigned,422330H151A1503,RAPOO,H150S,1450,2024-09-10,"Global Brands Pvt Ltd.",1,"Anowarul Azim",MIS,LWR,HO,SDL,aazim,,,,,,,,,,0,,,,,,
BD-04037,0,1,,"Computer Accessories",Headset,Assigned,422330H151A1508,RAPOO,H150S,1450,2024-09-10,"Global Brands Pvt Ltd.",1,"Shaahira Jaliel","Marketing & Merchandising",LWR,SIL,SDL,sjaliel,,,,,,,,,,0,,,,,,
BD-04038,0,820823,,UPS,UPS,Stock,202206210500,NPS,"1200 VA",7000,2024-08-08,"Numeric Technology",SIL0000353,,MIS,LWR,SIL,SDL,,,,,,,,,,,0,,,,,,
BD-04039,0,1,,Display,Monitor,Assigned,207NTEP01996,LG,22MP400-B,1,2025-02-17,"Global Brands Pvt Ltd.",,"Maksudur Rahaman",Store,LWR,SIL,SDL,marahman,,,,,,,,,,0,,,,,,
BD-04040,0,1,,UPS,,Assigned,202206210155,NPS,"1200 VA",7000,2024-09-30,"Numeric Technology",SIL0000371,"Swatch Cut -4",Store,LWR,SIL,SDL,shariislam,,,,,,,,,,0,,,,,,
BD-04041,0,1,,UPS,,Assigned,202206210059,NPS,"1200 VA",7000,2024-09-30,"Numeric Technology",SIL0000371,"Farhana Anika","Industrial Engineering",LWR,SIL,SDL,fanika,,,,,,,,,,0,,,,,,
BD-04042,0,1,,UPS,,Assigned,202206210223,NPS,"1200 VA",7000,2024-09-30,"Numeric Technology",SIL0000371,Anisur.Rahman4,Prodcution,LWR,SIL,SDL,anirahman,,,,,,,,,,0,,,,,,
BD-04043,0,1,,UPS,,Assigned,202206210188,NPS,"1200 VA",7000,2024-09-30,"Numeric Technology",SIL0000371,"Farzana Hira","Human Resource",LWR,SIL,SDL,fhira,,,,,,,,,,0,,,,,,
BD-04044,0,1,,UPS,,Assigned,20220621057,NPS,"1200 VA",7000,2024-09-30,"Numeric Technology",SIL0000371,"Tawcif Hasnain","Industrial Engineering",LWR,SIL,SDL,thasnain,,,,,,,,,,0,,,,,,
BD-04045,0,1,,Display,Monitor,Assigned,CNK339103K,HP,"HP 22v G5",1,2024-11-05,"Global  Brands Pvt Ltd.",1,"Shajib Miridha",Finishing,LWR,SDL,SDL,smiridha,,,,,,,,,,0,,,,,,"Bundle with BD03996 PC"
BD-04046,0,1,,UPS,UPS,Assigned,202206210040,NPS,"1200 VA",7000,2024-09-30,"Numeric Technology",SIL0000371,"Shajib Miridha",Finishing,LWR,SDL,SDL,smiridha,,,,,,,,,,0,,,,,,
BD-04047,0,1,,UPS,UPS,Assigned,8,NPS,"1200 VA",7000,2024-09-30,"Numeric Technology",SIL0000371,"Robin Hossain",Technical,SWR,SIL,SDL,rhossain,,,,,,,,,,0,,,,,,
BD-04048,0,2507201,,UPS,,Assigned,202403120123,NPS,"1200 VA",7140,2024-09-11,"Numeric Technology",SDL28000002,"Umme Tabassum","Industrial Engineering",LWR,SIL,SDL,utabassum,,,,,,,,,,0,,,,,,
BD-04049,0,INV-GBPGL-2024-002946,,Display,Monitor,Service,CNK34000YD,HP,"HP 22v G5",1,2024-07-02,"Global Brands Pvt Ltd.",SDLD2000461,,MIS,LWR,SDL,SDL,,,,,,,,,,,0,,,,,,"No Power Issue Need Claim Warranty From Global Brands Pvt Ltd"
BD-04050,0,1,,UPS,,Stock,10,NPS,"1200 VA",7000,2024-09-30,"Numeric Technology",SIL0000371,,MIS,LWR,SIL,SDL,,,,,,,,,,,0,,,,,,
BD-04051,0,1,,UPS,,Stock,11,NPS,"1200 VA",7000,2024-09-30,"Numeric Technology",SIL0000371,,MIS,LWR,SIL,SDL,,,,,,,,,,,0,,,,,,
BD-04052,0,1,,UPS,,Stock,12,NPS,"1200 VA",7000,2024-09-30,"Numeric Technology",SIL0000371,,MIS,LWR,SIL,SDL,,,,,,,,,,,0,,,,,,
BD-04053,0,1,,UPS,,Stock,13,NPS,"1200 VA",7000,2024-09-30,"Numeric Technology",SIL0000371,,MIS,LWR,SIL,SDL,,,,,,,,,,,0,,,,,,
BD-04054,0,1,,UPS,,Assigned,202206210498,NPS,"1200 VA",7000,2024-09-30,"Numeric Technology",SIL0000371,Ayub.Khan,MIS,LWR,SIL,SDL,aykhan,,,,,,,,,,0,,,,,,
BD-04055,0,1,,Display,Monitor,Assigned,CNK3391935,HP,"HP 22v G5",7000,2024-11-16,"Numeric Technology",,,MIS,LWR,SIL,SDL,aykhan,,,,,,,,,,0,,,,,,"Bundle with SDLD602 BD03997"
BD-04056,0,1,,UPS,,Assigned,202206210158,NPS,"1200 VA",7000,2024-09-30,"Numeric Technology",SIL0000371,"Farjana Akter","Human Resource",LWR,SIL,SDL,fakter,,,,,,,,,,0,,,,,,
BD-04057,0,1,,Display,Monitor,Assigned,CNK340015M,HP,"HP 22v G5",1,2024-10-30,"Global  Brands Pvt Ltd.",1,"Farjana Akter","Human Resource",LWR,SIL,SDL,fakter,,,,,,,,,,0,,,,,,
BD-04058,0,1,,UPS,UPS,Assigned,202206210499,NPS,"1200 VA",7000,2024-09-30,"Numeric Technology",SIL0000371,"Monsur Alam",Store,LWR,SIL,SDL,moalam,,,,,,,,,,0,,,,,,
BD-04059,0,1,,Display,Monitor,Assigned,CNK3400163,HP,"HP 22v G5",1,2024-10-30,"Global  Brands Pvt Ltd.",1,"Enayet Hossain","Human Resource",LWR,SIL,SDL,enhossain,,,,,,,,,,0,,,,,,
BD-04060,0,1,,CCTV,"DOME CAMERA",Assigned,AE101D4PAGCA965,Dahua,IPC-HDW1239V-A-IL,0,2024-09-30,"Asiabiz ",1,,MIS,LWR,SDL,SDL,,,,,,,,,,,0,,,,,,
BD-04061,0,1,,"Computer Accessories",Headset,Assigned,417330H120A0233,RAPOO,HI120,1450,2024-09-10,"Global Brands Pvt Ltd.",1,"Ridoan Zahan",MIS,LWR,SIL,SDL,rzahan,,,,,,,,,,0,,,,,,
BD-04062,0,GBPGL-2023-003367,,Display,Monitor,Assigned,CNK34000Y9,HP,"P22v G5 FHD",1,2024-09-12,"Global Brands Pvt Ltd.",SIL0000361,"Edris Khan",Sample,LWR,SIL,SDL,ekhan,,,,,,,,,,0,,,,,,
BD-04063,0,GBPGL-2023-003367,,Display,,Stock,CNK34000Y9,HP,"P22v G5 FHD",1,2024-09-12,"Global Brands Pvt Ltd.",SIL0000361,,MIS,LWR,SIL,SDL,,,,,,,,,,,0,,,,,,
BD-04064,0,1,,UPS,UPS,Assigned,202206210372,NPS,"1200 VA",1,2024-10-01,"Numeric Technology",1,"Nurnabi Miah (Tactical Scan 1)",Finishing,LWR,SIL,SDL,nmiah,,,,,,,,,,0,,,,,,
BD-04065,0,1,,"Computer Accessories",Headset,Assigned,312330H120A1361,RAPOO,HI120,1450,2024-10-01,"Global Brands Pvt Ltd.",1,"Musfik Ahmed","Marketing & Merchandising",LWR,DBO,DBO,mahmed,,,,,,,,,,0,,,,,,"This Headphone set Warranty claim return product "
BD-04066,0,1,,UPS,UPS,Assigned,202206210141,NPS,"1200 VA",1,2024-10-09,"Numeric Technology",SDL2000464,"Ziaul Alam","Human Resource",LWR,SIL,SDL,zalam,,,,,,,,,,0,,,,,,
BD-04067,0,INV-GBPGL-2024-003640,,"Computer Accessories",Headset,Assigned,422330H151A1506,RAPOO,HI120,1250,2024-08-20,"Global Brands Pvt Ltd.",SIL0000362,"Islam, Jahidul",Finance,LWR,SIL,SDL,jislam,,,,,,,,,,0,,,,,,
BD-04068,0,INV-GBPGL-2024-003748,,Display,Monitor,Assigned,207NTWG2D633,LG,22MP400,10000,2024-08-25,"Global Brands Pvt Ltd.",SDL2000416,"Nazmul Karim","Marketing & Merchandising",LWR,SIL,SDL,nkarim,,,,,,,,,,0,,,,,,
BD-04069,0,INV-GBPGL-2024-003367,SDLD611,Computer,Desktop,Assigned,4CE402BBJB,HP,"HP 280 Pro G9 MT ",85300,2024-07-30,"Global Brands Pvt Ltd.",SIL0000361,"Riadul Islam","Marketing & Merchandising",LWR,SIL,SDL,riislam,,"HP 280 Pro G9 MT 12 Gen","Intel Core i5 12500",,512,,16384,"LAN & Wi-Fi",,0,"Win 11 Pro",2024-10-16,,"Windows 10 Pro",QDNRQ-R8H8X-9CXCG-Y6TPV-4C2KC,
BD-04070,0,INV-GBPGL-2024-003641,,Display,Monitor,Assigned,CNK3390GPJ,HP,"HP 22v G5",1,2024-08-20,"Global Brands Pvt Ltd.",SIL0000368,"Anisujjaman Parvez","Marketing & Merchandising",LWR,SIL,SDL,aparvez,,,,,,,,,,0,,,,,,"Bundle with HP 280 Pro G9 MT 12 Gen PC"
BD-04071,0,INV-GBPGL-2024-004667,SDLD612,Computer,Desktop,Assigned,240740264201066,Clone,"Asus Prime H610-CS-D4 ",40000,2024-10-17,"Global Brands Pvt Ltd.",SIL0000367,"Gopal Nani",CAD,LWR,SIL,SDL,ngopal,,"Asus Prime H610-CS-D4","Intel Core i3 12100",3.30,256,,8192,,,0,"Win 10 Pro",2024-10-19,,"Windows 11 Pro",4NXKK-KRHWC-PW84H-VBDF6-GMT6P,
BD-04072,0,INV-GBPGL-2024-003640,,"Computer Accessories",Headset,Assigned,422330H151A1501,RAPOO,HI120,1250,2024-08-20,"MS Khan Brothers Computer",SIL0000365,"Touhid Rana","Qaulity Assurance",LWR,SDL,SDL,trana,,,,,,,,,,0,,,,,,
BD-04073,0,1,10.140.21.200,Camera,Camera,Assigned,8L0EDD3PAG39FC5,Dahua,IPC-HFW1320MP-AS-I1,1,2024-10-26,"STS Automation",n/a,,MIS,LWR,SDL,SDL,,,,,,,,,,,0,,,,,,
BD-04074,0,1,10.140.21.11,Camera,,Assigned,7L00A51PAGD937B,Dahua,IPC-HDW1239T1-LED-S5,1,2024-10-26,"STS Automation",n/a,,MIS,LWR,SDL,SDL,,,,,,,,,,,0,,,,,,
BD-04075,0,1,10.140.21.37,Camera,,Assigned,5H0529CPAGADBB4,Dahua,DH-IPC-HFW1320MP-AS-I1,1,2024-10-26,"STS Automation",n/a,,MIS,LWR,SDL,SDL,,,,,,,,,,,0,,,,,,
BD-04076,0,1,10.140.21.210,Camera,,Assigned,8D06F02PAGCB9A8,Dahua,IPC-HDW1239T1-LED-S5,1,2024-10-26,"STS Automation",n/a,,MIS,LWR,SDL,SDL,,,,,,,,,,,0,,,,,,
BD-04077,0,INV-GBPGL-2024-003640,,"Computer Accessories",Headset,Assigned,422330H151A0636,RAPOO,H150S,1250,2024-08-20,"Global Brands Pvt Ltd.",SIL0000362,"Babu Rahman","Marketing & Merchandising",LWR,SIL,SDL,brahman,,,,,,,,,,0,,,,,,
BD-04078,0,1,10.140.21.198,Camera,Camera,Assigned,AE101D4PAG1EF43,Dahua,DH-IPC-HDW1239V-A-IL,1,2024-10-28,"MS Khan Brothers Computer",1,,MIS,LWR,SDL,SDL,,,,,,,,,,,0,,,,,,
BD-04079,0,1,10.140.21.197,Camera,,Assigned,AE101D4PAGB629F,Dahua,DH-IPC-HDW1239V-A-IL,1,2024-10-28,"MS Khan Brothers Computer",1,,MIS,LWR,SDL,SDL,,,,,,,,,,,0,,,,,,
BD-04080,0,1,10.140.21.196,Camera,,Assigned,AE101D4PAGB629F,Dahua,DH-IPC-HDW1239V-A-IL,1,2024-10-28,"MS Khan Brothers Computer",1,,MIS,LWR,SDL,SDL,,,,,,,,,,,0,,,,,,
BD-04081,0,INV-GBPGL-2024-003746,,Display,Monitor,Assigned,207NTGY2D719,LG,22MP400,10000,2024-08-25,"Global Brands Pvt Ltd.",SIL0000379,"Rashid, Shahnur",Costing,LWR,SIL,SDL,srashid,,,,,,,,,,0,,,,,,
BD-04082,0,1,10.140.21.194,Camera,Camera,Assigned,7A0A583PAGCFA0B,Dahua,DH-IPC-HFW1239S1-LED-S5,1,2024-10-30,"STS Automation",1,,MIS,LWR,SDL,SDL,,,,,,,,,,,0,,,,,,
BD-04083,0,1,,UPS,UPS,Assigned,202206210169,NPS,NP2120,7000,2024-07-09,"Global Brands Pvt Ltd.",1,"Mehadi Hasan3","Human Resource",LWR,SIL,SDL,mhasan3,,,,,,,,,,0,,,,,,
BD-04084,0,0,10.140.8.109,Finger,"Attendance device",Assigned,7153671,FingerTec,TA100CR,1,2024-11-02,"General Automation",1,,MIS,LWR,SDL,SDL,,,,,,,,,10.140.8.109,,0,,,,,,
BD-04085,0,0,10.140.8.110,Finger,"Attendance device",Assigned,7154573,FingerTec,TA100CR,1,2024-11-02,"General Automation",1,,MIS,LWR,SDL,SDL,,,,,,,,,10.140.8.110,,0,,,,,,
BD-04086,0,1,10.140.21.29,CCTV,"CCTV Camera",Assigned,AE101D4PAG05389,Dahua,IPC-HDW1239V-A-IL,0,2024-11-03,"STS Automation",1,,MIS,LWR,SDL,SDL,,,,,,,,,,,0,,,,,,"Purchased From Asiabiz."
BD-04087,0,INV-GBPGL-2024-003367,SDLD614A,Computer,Desktop,Assigned,4CE402BBD6,HP,"HP 280 Pro G9 MT",85300,2024-07-30,"Global Brands Pvt Ltd.",SIL0000361,"Shohel Arman",Costing,LWR,SIL,SDL,sarman,,,"Intel Core i5 12400",4.40,512,,16384,,,85300,"Win 11 Pro",2024-11-04,,"Win 10 Pro",QHTGN-9JYG2-KX68Q-W6HCB-MY49C,
BD-04088,0,INV-GBPGL-2024-003367,SDLD617,Computer,Desktop,Assigned,S7M0KC103488G8G,Clone,"ASUS Prime H610M-V3 D4",45000,2024-07-30,"Global Brands Pvt Ltd.",SDL2000416,"Topu Saha","Marketing & Merchandising",LWR,SDL,SDL,tsaha,,,"Intel Core i3 12100",4.40,500,,8192,,,,"Win 10 Pro",2024-11-04,,"Win 7",PPQ4J-WNXKH-G6PT2-874TF-8426D,
BD-04089,0,1,,Display,Monitor,Assigned,CNK3390HB2,HP,"HP 22v G5",1,2024-11-05,"Global Brands Pvt Ltd.",1,"Saiful Islam","Marketing & Merchandising",LWR,SIL,SDL,sislam7,,,,,,,,,,0,,,,,,"Bundle with BD-04087 PC/"
BD-04090,0,1,,UPS,UPS,Assigned,202206210164,NPS,"1200 VA",1,2024-11-05,"Numeric Technology",1,"Saiful Islam","Marketing & Merchandising",LWR,SIL,SDL,sislam7,,,,,,,,,,0,,,,,,"Bundle with BD-04087 PC"
BD-04091,0,EITINV2024003462,SDLL379,Computer,Laptop,Assigned,5CD4268R26,HP,"Probook 440 G10",91980,2024-11-05,"Eastern IT",DBO5000179,"Shajedul Hasan","Marketing & Merchandising",LWR,SIL,SDL,shahasan,,"HP Probook 440 G10","Intel Core i5 1335U",,512,,16384,,,0,,,,"Win 11 Pro",KN7RH-FCTTX-PXGQM-KGR2G-QYH22,
BD-04092,0,EITINV2024003461,SDLL376,Computer,Laptop,Assigned,5CD4268QZS,HP,"Probook 440 G10",91980,2024-11-05,"Eastern IT",SDL2000500,"Apu Hossain","Marketing & Merchandising",LWR,SDL,SDL,ahossain,,"HP Probook 440 G10","Intel Core i5 1335U",,512,,16384,,,0,,,B-417,,QCNJJJ-PXTRD-8437D-YFYXJ-RX8XC,"Bag assign date24122024"
BD-04093,0,EITINV2024003465,SDLL407,Computer,Laptop,Assigned,5CD4268RRC,HP,"Probook 440 G10",91980,2024-11-05,"Eastern IT",SIL0000394,"Shamsur Rahman",Planning,LWR,SIL,SDL,shamrahman,,"HP Probook 440 G10","Intel Core i5 1335U",,512,,16384,,,0,,,,,,
BD-04094,0,EITINV2024003462,SDLL422,Computer,Laptop,Assigned,5CD4268R3N,HP,"Probook 440 G10",91980,2024-11-05,"Eastern IT",DBO5000179,"Sahira Jaliel","Marketing & Merchandising",LWR,SIL,SDL,sjaliel,,"HP Probook 440 G10","Intel Core i5 1335U",,512,,16384,,,0,"WIN11 Pro",2025-10-13,,"Win 11 Pro",,
BD-04095,0,EITINV2024003461,SDLL384,Computer,Laptop,Assigned,5CD4268R18,HP,"Probook 440 G10",91980,2024-11-05,"Eastern IT",SDL2000500,"Hamimul Haq","Marketing & Merchandising",LWR,SIL,SDL,hhaq,,"HP Probook 440 G10","Intel Core i5 1335U",4.6,512,,16384,,,0,"Win 10 Pro",2024-11-18,,"Win 11 Pro",XVMCW-TNHR8-6TBDC-6VCKC-RVV22,
BD-04096,0,EITINV2024003465,SDLL385,Computer,Laptop,Assigned,5CD4268RRL,HP,"Probook 440 G10",91980,2024-11-05,"Eastern IT",SIL0000394,"Mohiuddin Mohammad","Marketing & Merchandising",LWR,SIL,SDL,mmohammad,,"HP Probook 440 G10","Intel Core i5 1335U",4.6,512,,16384,,,0,"Win 10 Pro",2024-11-21,B-438,"Win 11 Pro",9NYHF-DCM77-MYVCJ-4XKRC-DDBP2,
BD-04097,0,EITINV2024003462,SDLD378,Computer,Laptop,Assigned,5CD4268R5P,HP,"Probook 440 G10",91980,2024-11-05,"Eastern IT",DBO5000179,"Asaduzzaman Asad","Marketing & Merchandising",LWR,SDL,SDL,aasad,,"HP Probook 440 G10","Intel Core i5 1335U",4.40,512,,16384,,,0,,2024-11-14,B-401,"Win 11 Pro",MDVDM-XWN3M-DGRMQ-QM8XV-6XXTP,
BD-04098,0,EITINV2024003462,DBOL221,Computer,Laptop,Assigned,5CD4268R35,HP,"Probook 440 G10",91980,2024-11-05,"Eastern IT",DBO5000179,"Ruth David","Marketing & Merchandising",MWR,DBO,"Dhaka Buying Office",rdavid,,"HP Probook 440 G10","Intel Core i5 1335U",,512,,16384,,,0,"Win 10 Pro",,,"Win 11 Pro",,
BD-04099,0,EITINV2024003465,,Computer,Laptop,Stock,5CD4268RR8,HP,"Probook 440 G10",91980,2024-11-05,"Eastern IT",SIL0000394,,MIS,LWR,SIL,SDL,,,"HP Probook 440 G10","Intel Core i5 1335U",,512,,16384,,,0,,,,,,
BD-04100,0,EITINV2024003465,DBOL226,Computer,Laptop,Assigned,5CD4268RQW,HP,"Probook 440 G10",91980,2024-11-05,"Eastern IT",SIL0000394,"Anca Alexe",Technical,MWR,DBO,"Dhaka Buying Office",aalexe,,"HP Probook 440 G10","Intel Core i5 1335U",,512,,16384,,,0,"Win 11",2025-01-09,,"Win 11 Pro",BFNTB-M92QF-HDVYD-423QM-HT9TP,
BD-04101,0,EITINV2024003465,SDLL399,Computer,Laptop,Assigned,5CD4268RP4,HP,"Probook 440 G10",91980,2024-11-05,"Eastern IT",SIL0000394,"MD Ziauddin",MIS,LWR,SIL,"Shanta Denim Limited",mziauddin,,"HP Probook 440 G10","Intel Core i5 1335U",,512,,16384,,,0,"Win 11",2025-03-12,,"Win 11 Pro",HHTNF-WXR8X-D9TX7-MB9DD-GF4C2,
BD-04102,0,EITINV2024003462,,Computer,Laptop,Stock,5CD4268R3D,HP,"Probook 440 G10",91980,2024-11-05,"Eastern IT",DBO5000179,,MIS,LWR,SIL,SDL,,,"HP Probook 440 G10","Intel Core i5 1335U",,512,,16384,,,0,,,,,,
BD-04103,0,EITINV2024003462,,Computer,Laptop,Stock,5CD4268R1S,HP,"Probook 440 G10",91980,2024-11-05,"Eastern IT",DBO5000179,,MIS,LWR,SIL,SDL,,,"HP Probook 440 G10","Intel Core i5 1335U",,512,,16384,,,0,,,,,,
BD-04104,0,EITINV2024003461,SDLL383B,Computer,Laptop,Assigned,5CD4268RQW,HP,"Probook 440 G10",91980,2024-11-05,"Eastern IT",SDL2000500,"Imam Bhuiyan",Finance,LWR,HO,"Dhaka Buying Office",ibhuiyan,,"HP Probook 440 G10","Intel Core i5 1335U",,512,,16384,,,0,"Win 10 Pro",2024-11-18,,"Win 11 Pro",JN9VM-Q7PQ4-TQ4PK-WFK2F-8B49C,"5CD4268R08 Return XVMCWTNHR86TBDC6VCKCRVV22 return laptop keys"
BD-04105,0,EITINV2024003461,SDLL382,Computer,Laptop,Assigned,5CD4268R1M,HP,"Probook 440 G10",91980,2024-11-05,"Eastern IT",SDL2000500,"Anwar Hossain","Quality Assurance",LWR,SIL,SDL,Anhossain,,"HP Probook 440 G10","Intel Core i5 1335U",4.6,512,,16384,,,0,"Win 10 Pro",2024-11-18,,"Win 11 Pro",Q7VNQ-B7J4C-42FY6-6XJ7C-FX8XC,
BD-04106,0,EITINV2024003461,SDLL380,Computer,Laptop,Assigned,5CD4268R15,HP,"Probook 440 G10",91980,2024-11-05,"Eastern IT",SDL2000500,"Rokibul Islam","Marketing & Merchandising",LWR,SIL,SDL,roislam,,"HP Probook 440 G10","Intel Core i5 1335U",1.30,512,,16384,,,0,,,,,VV3MN-CVTWP-CQMHF-3V9RH-QPFC2,
BD-04107,0,EITINV2024003465,SDLL375,Computer,Laptop,Assigned,5CD4268S10,HP,"Probook 440 G10",91980,2024-11-05,"Eastern IT",SIL0000394,"Muhtasim Taha",Manitenance,LWR,SDL,SDL,mtaha,,"HP Probook 440 G10","Intel Core i5 1335U",,512,,16384,,,0,"Win 10 Pro",2024-11-12,,"Win 11 Pro",HF7NT-HD3VF-9YQTY-QCHY4-DJ3GP,
BD-04108,0,EITINV2024003465,,Computer,Laptop,Assigned,5CD4268R95,HP,"Probook 440 G10",91980,2024-11-05,"Eastern IT",SIL0000394,"Andrew Graham",Finance,LWR,DBO,"Dhaka Buying Office",agraham,,"HP Probook 440 G10","Intel Core i5 1335U",,512,,16384,,,0,,,,,,
BD-04109,0,EITINV2024003465,SDLL381,Computer,Laptop,Assigned,5CD4268RR5,HP,"Probook 440 G10",91980,2024-11-05,"Eastern IT",SIL0000394,"Emdadul Haque2","Marketing & Merchandising",LWR,SDL,SDL,emdhaque,,"HP Probook 440 G10","Intel Core i5 1335U",4.6,512,,16384,,,0,"Win 10 Pro",2024-11-18,,"Win 11 Pro",QMXPT-VNF8C-TGVFD-YW3WD-QRR9C,
BD-04110,0,EITINV2024003462,DBOL220,Computer,Laptop,Assigned,5CD4268R1V,HP,"Probook 440 G10",91980,2024-11-05,"Eastern IT",DBO5000179,"Ashraful Alam","Marketing & Merchandising",LWR,SIL,SDL,aalam,,"HP Probook 440 G10","Intel Core i5 1335U",,512,,16384,,,0,,,,"Win 11 Pro",CNKFY-6GYHV-CDM3J-C2VQ8-6MT6P,
BD-04111,0,EITINV2024003462,DBOL218,Computer,Laptop,Assigned,5CD4268R6X,HP,"Probook 440 G10",91980,2024-11-05,"Eastern IT",DBO5000179,"Suman Maitra","Qaulity Assurance",LWR,DBO,"CastleCrafts Limited",smaitra,,,"Intel Core i5 1335U",4.6,512,,16384,,,0,"Win 10 Pro",2024-11-12,,"Win 11 Pro",VNV6F-FP6DB-JYT4K-HTY3Y-39MP2,
BD-04112,0,EITINV2024003465,DBOL219,Computer,Laptop,Assigned,5CD4268RNG,HP,"Probook 440 G10",91980,2024-11-05,"Eastern IT",SIL0000394,"Md Moniruzzaman 2","Marketing & Merchandising",MWR,DBO,"CastleCrafts Limited",MdMoniruzzaman,,"HP Probook 440 G10","Intel Core i5 1335U",,512,,16384,,,0,"Win 10 Pro",2024-11-12,,"Win 11 Pro",2QDHN-CPTJ3-Q9R7T-2KT4X-CDKTP,
BD-04113,0,GBPHL-2024-005031,,"Computer Accessories",Headset,Assigned,436330H120A2534,RAPOO,HI120,1360,2024-11-03,"Global Brands Pvt Ltd.",DBO50000167,"Amzadul Islam2","Accounts & Finance",LWR,HO,DBO,amzaislam,,,,,,,,,,0,,,,,,
BD-04114,0,GBPGL-2024-005031,,"Computer Accessories",Headset,Assigned,436330H120A2537,RAPOO,HI120,1360,2024-11-03,"Global Brands Pvt Ltd.",DBO50000171,"Mohammad Hasan","Accounts & Finance",LWR,HO,DBO,mohhasan,,,,,,,,,,0,,,,,,
BD-04115,0,GBPGL-2024-005031,,"Computer Accessories",Headset,Assigned,436330H120A2538,RAPOO,HI120,1360,2024-11-03,"Global Brands Pvt Ltd.",DBO5000167,"Monjurul Islam","Accounts & Finance",LWR,HO,DBO,monislam,,,,,,,,,,0,,,,,,
BD-04116,0,GBPGL-2024-005027,,"Computer Accessories",Headset,Assigned,436330H120A2535,RAPOO,HI120,1360,2024-11-03,"Global Brands Pvt Ltd.",SIL0000385,"Khandaker Mahajabin","Marketing & Merchandising",LWR,SIL,SDL,kmahajabin,,,,,,,,,,0,,,,,,
BD-04117,0,GBPGL-2024-005027,,"Computer Accessories",Headset,Assigned,436330H120A2546,RAPOO,HI120,1360,2024-11-03,"Global Brands Pvt Ltd.",SIL0000385,"Alamgir Hossain","Marketing & Merchandising",LWR,DBO,DBO,alamhossain,,,,,,,,,,0,,,,,,
BD-04118,0,1,,Printer,"Printer ",Assigned,R9DY176139,EPSON,LQ-310,1,2024-11-12,"MS Khan Brothers Computer",1,"Rajib Hawlader",Cutting,LWR,SDL,SDL,rhawlader,,,,,,,,,,0,,,,,,"Last serviced 12/11/2024"
BD-04119,0,11,,Display,Monitor,Assigned,UK02417035879,Philips,27E1N800A,1,2024-11-12,"Global Brands Pvt Ltd.",1,"David Murray",Director,LWR,SIL,SDL,dmurray,,,,,,,,,,0,,,,,,
BD-04120,0,INV-GBPGL-2024-005027,,"Computer Accessories",Headset,Assigned,436330H120A2532,RAPOO,HI120,1360,2024-11-03,"Global Brands Pvt Ltd.",SIL0000385,"Julkar Nine","Marketing & Merchandising",LWR,SIL,SDL,jnine,,,,,,,,,,0,,,,,,
BD-04121,0,GBPGL-2024-005027,,"Computer Accessories",Headset,Assigned,436330H120A2527,RAPOO,HI120,1360,2024-11-03,"Global Brands Pvt Ltd.",SIL0000385,"Sultana Rajia","Human Resource",LWR,SIL,SDL,srajia,,,,,,,,,,0,,,,,,
BD-04122,0,1,SDLL377,Computer,Laptop,Assigned,1F122415H,Toshiba,"Toshiba Tecra Z-40-A",1,2024-11-10,"From UK IT",1,"Sarfaraj Hossain",PCC,SWR,SDL,SDL,sarhossain,,,"Intel Core i5 -4210U @1.70 GHz",,120,,8192,,,0,,2024-11-14,,,,"Bag B476 1392025"
BD-04123,0,EITINV2024003464,SDLD615,Computer,Desktop,Assigned,4CE410BVQR,HP,"HP 290  Tower G9",68000,2024-11-10,"Eastern IT",SIL0000394,"Kamrun Nahar",Planning,LWR,SIL,SDL,kanahar,,,"Intel Core i5 12400",,512,,16384,,,0,"Win 10 Pro",2024-11-14,,"Win 11 Pro",BNKWJ-3YHC4-689FM-HD8QP-VFR9C,
BD-04124,0,EITINV2024003464,,Display,Monitor,Assigned,3CM3470F85,HP,"HP M22f FHD",12000,2024-11-05,"Eastern IT",SIL0000394,"Kamrun Nahar",Planning,LWR,SIL,SDL,kanahar,,,,,,,,,,0,,,,,,
BD-04125,0,EITINV2024003464,SDLD616,Computer,Desktop,Assigned,4CE410BVQ7,HP,"HP 290  Tower G9",68000,2024-11-20,"Eastern IT",SIL0000394,"Md Fariduzzaman",Planning,LWR,SIL,SDL,mfariduzzaman,,"HP Pro Tower 290 G9 PCI","Intel Core i5 12500",3.84,500,,16384,"LAN & Wi-Fi",,0,"Windows 10 Pro",2024-11-20,,"Windows 10 Pro",QTQPK-RQNKW-3WYMV-KK84X-KQBP2,
BD-04126,0,1,,Display,Monitor,Assigned,3CM3491YSQ,HP,"HP M22f",1,2024-11-20,"Global Brands Pvt Ltd.",1,"Md Fariduzzaman",Planning,LWR,SIL,SDL,mfariduzzaman,,,,,,,,,,0,,,,,,"Bundle with BD04126 SDLD616"
BD-04127,0,GBPGL-2024-005031,,"Computer Accessories",Headset,Assigned,436330H120A2525,RAPOO,HI120,1360,2024-11-03,"Global Brands Pvt Ltd.",DBO5000167,"Ashraful Alam","Marketing & Merchandising",LWR,DBO,SDL,aalam,,,,,,,,,,0,,,,,,
BD-04128,0,GBPGL-2024-005031,,"Computer Accessories",Headset,Assigned,436330H120A2540,RAPOO,HI120,1360,2024-11-03,"Global Brands Pvt Ltd.",DBO5000167,"Ali, Zulfiker","Marketing & Merchandising",LWR,SIL,SDL,zali,,,,,,,,,,0,,,,,,
BD-04129,0,GBPGL-2024-005031,,"Computer Accessories",Headset,Assigned,436330H120A2533,RAPOO,HI120,1360,2024-11-03,"Global Brands Pvt Ltd.",DBO5000167,"Zahid Hasan2","Marketing & Merchandising",LWR,SDL,SDL,zahasan,,,,,,,,,,0,,,,,,
BD-04130,0,GBPGL-2024-005031,,"Computer Accessories",,Assigned,436330H120A2525,RAPOO,HI120,1360,2024-11-03,"Global Brands Pvt Ltd.",DBO5000167,"Zahid Hasan2","Marketing & Merchandising",LWR,SDL,SDL,zahasan,,,,,,,,,,0,,,,,,
BD-04131,0,1,,Printer,Printer,Assigned,X4RM007857,EPSON,"LQ-590 Version II",63500,2024-11-23,"MS Khan Brothers Computer",1,"Bappi Hossain",Cutting,LWR,SIL,SDL,bahossain,,,,,,,,,,0,,,,,,
BD-04132,0,B-2729097,,Audio,Speaker,Assigned,00299089588,Jabra,"Jabra speak 510",13800,2024-11-27,"Ryans IT Ltd",SIL0000404,"Chamara Chandrasekera","Marketing & Merchandising",LWR,SIL,SDL,cchandrasekera,,,,,,,,,,0,,,,,,
BD-04133,0,B-2729097,,"Computer Accessories",Keyboard,Stock,2345CE2ADB49,Logitech,"MK235 Grey Wireless Mouse and Keyboard Combo",2500,2024-11-27,"Ryans IT Ltd",SIL0000360,,MIS,LWR,SIL,SDL,,,,,,,,,,,0,,,,,,
BD-04134,0,B-2729129,,"Computer Accessories",Keyboard,Assigned,2345CE2B6619,Logitech,"MK235 Grey Wireless Mouse and Keyboard Combo",2500,2024-11-27,"Ryans IT Ltd",SDL2000491,"David Murray",Production,LWR,SIL,SDL,dmurray,,,,,,,,,,0,,,,,,
BD-04135,0,20241532-20241534,DEWBDSDLMS71,Network,Switch,Assigned,Q4CH-3ADX-GQT9,Cisco,MS130-48,175806,2024-12-10,"Smart Technology",SDL2000453,"SDL-2 Main Rack 3rd Floor",MIS,LWR,SDL,SDL,SDL-2,A90-114008,,,,,,,10.140.2.71,b8:ab:61:f2:05:f4,0,,,,,,
BD-04136,0,20241532-20241534,DEWBDSDLMS70,Network,Switch,Assigned,Q2GW-EBEV-9C6E,Cisco,MS225-24P,421109,2024-12-10,"Smart Technology",SDL2000453,"SDL-2 Main Rack Core swich",MIS,LWR,SDL,SDL,"SDL-2 3rd Floor",A90-58200-C,,,,,,,10.140.2.70,08:f1:b3:1d:57:e2,0,,,,,,
BD-04137,0,1,,Display,Monitor,Assigned,CNK3390GZG,HP,"HP 22v G5",1,2024-12-10,"Global Brands Pvt Ltd.",1,"Rakibul Islam","Human Resource",LWR,SDL,SDL,rakislam,,,,,,,,,,0,,,,,,"Bundle with SDLD606 (HP 280 Pro G9 MT 12 Gen)"
BD-04138,0,INV-GBPGL-2024-005682,,"Computer Accessories",Headset,Assigned,436330H120A2570,Rappo,H120,1360,2024-12-14,"Global Brands Pvt Ltd.",SDL2000518,"Shariful Islam","Marketing & Merchandising",LWR,SIL,SDL,shaislam,,,,,,,,,,0,,,,,,
BD-04139,0,INV-GBPGL-2024-005682,,"Computer Accessories",Headset,Assigned,436330H120A1070,Rappo,H120,1360,2024-12-14,"Global Brands Pvt Ltd.",SDL2000518,"Al Amin",Lab,LWR,SDL,SDL,aamin,,,,,,,,,,0,,,,,,
BD-04140,0,INV-GBPGL-2024-005682,,"Computer Accessories",Headset,Assigned,436330H120A1079,Rappo,H120,1360,2024-12-14,"Global Brands Pvt Ltd.",SDL2000518,"Md Sharfuzzaman","Finance & Acounts",LWR,SIL,SDL,msharfuzzaman,,,,,,,,,,0,,,,,,
BD-04141,0,INV-GBPGL-2024-002946,SDLD630,Computer,Desktop,Assigned,4CE408CQDK,HP,"HP 280 Pro G9 MT",85300,2024-07-02,"Global Brands Pvt Ltd.",SDLD2000461,"Arun Chandra",CAD,LWR,SDL,SDL,achandra,,"HP 280 Pro G9 MT 12 Gen","Intel Core i5 12500",,512,,16384,"WiFi & LAN",,0,"WIN 11 Pro",,,"Win 10",N8HW7-2TVPB-KG343-2KM6Y-92FTG,
BD-04142,0,INV-GBPGL-2024-002946,SDLD635,Computer,Desktop,Assigned,4CE408CQF8,HP,"HP 280 Pro G9 MT",85300,2024-07-02,"Global Brands Pvt Ltd.",SDLD2000461,"Sabina Yeasmin","Marketing & Merchandising",LWR,SIL,SDL,syeasmin,,"HP 280 Pro G9 MT 12 Gen","Intel Core i5 12500",,512,,16384,"WiFi & LAN",,85300,"WIN 11 Pro",2025-07-31,,"Win 11 Pro",NYH6R-992T3-K774T-DB4Q7-FJRTG,
BD-04143,0,INV-GBPGL-2024-002946,SDLD631,Computer,Desktop,Assigned,4CE408CQ9Q,HP,"HP 280 Pro G9 MT",85300,2024-07-02,"Global Brands Pvt Ltd.",SDLD2000461,"Ajoy Ghosh","Marketing & Merchandising",LWR,SIL,SDL,aghosh,,"HP 280 Pro G9 MT 12 Gen","Intel Core i5 12500",,512,,16384,"WiFi & LAN",,0,"WIN11 Pro",2025-05-29,,"Win 10 Pro",34BCN-PKXMP-YR7H7-Y4DD4-4X9CT,
BD-04144,0,INV-GBPGL-2024-002946,SDLD625,Computer,Desktop,Assigned,4CE408CQ8W,HP,"HP 280 Pro G9 MT",853000,2024-07-02,"Global Brands Pvt Ltd.",SDLD2000461,"Wasim Akram","Industrial Engineering",LWR,SDL,SDL,wakram,,"HP 280 Pro G9 MT 12 Gen","Intel Core i5 12500",,512,,16384,"WiFi & LAN",,0,"Win 11 Pro",2025-03-18,,"Win 11 Pro",WN9MT-QVGYF-TFH6B-XCKHY-43KTP,
BD-04145,0,INV-GBPGL-2024-002946,SDLD623,Computer,Desktop,Assigned,4CE408CQCW,HP,"HP 280 Pro G9 MT",853000,2024-07-02,"Global Brands Pvt Ltd.",SDLD2000461,"Pronob Hawlader",Finishing,LWR,SDL,SDL,phawlader,,"HP 280 Pro G9 MT 12 Gen","Intel Core i5 12500",,512,,16384,"WiFi & LAN",,0,"WIN 11 Pro",2025-03-04,,"Win 11 Pro",YGNWQ-WRWPC-36XR9-HV6BP-27JXC,
BD-04146,0,INV-GBPGL-2024-002946,SDLD629,Computer,Desktop,Assigned,4CE348BSKT,HP,"HP 280 Pro G9 MT",853000,2024-07-02,"Global Brands Pvt Ltd.",SDLD2000461,"Ridoan Zahan",MIS,LWR,SIL,SDL,rzahan,,"HP 280 Pro G9 MT 12 Gen","Intel Core i5 12500",,512,,16384,"WiFi & LAN",,0,"WIN 11 Pro",2025-05-24,,"Win 11 Pro",C4C4K-PNQKG-X6CQ9-2CHWW-82QW6,
BD-04147,0,INV-GBPGL-2024-002946,SDLD626,Computer,Desktop,Assigned,4CE402B61P,HP,"HP 280 Pro G9 MT",85300,2024-07-02,"Global Brands Pvt Ltd.",SDLD2000461,"Imam Hosain","Industrial Engineering",LWR,SDL,SDL,ihosain,,"HP 280 Pro G9 MT 12 Gen","Intel Core i5 12500",,512,,16384,"WiFi & LAN",,0,"WIN 11 Pro",2025-08-14,,QMVK9-NRV6R-HY3G9-WD947-3J3GP,,
BD-04148,0,INV-GBPGL-2024-002946,SDLD624,Computer,Desktop,Assigned,4CE408CPJX,HP,"HP 280 Pro G9 MT",853000,2024-07-02,"Global Brands Pvt Ltd.",SDLD2000461,"Umme Tabassum","Industrial Engineering",LWR,SDL,SDL,utabassum,,"HP 280 Pro G9 MT 12 Gen","Intel Core i5 12500",,512,,16384,"WiFi & LAN",,0,,2025-03-18,,6QVCN-VKBT2-XBY3D-RRQWP-J44C2,,
BD-04149,0,INV-GBPGL-2024-002946,SDLD620,Computer,Desktop,Assigned,4CE402BCZH,HP,"HP 280 Pro G9 MT",85300,2024-07-02,"Global Brands Pvt Ltd.",SDLD2000461,"Feroz Kabir",Store,LWR,SDL,SDL,fkabir,,"HP 280 Pro G9 MT 12 Gen","Intel Core i5 12500",,512,,16384,"WiFi & LAN",,0,"WIN11 Pro",2024-12-29,,DTCYN-GC9Y6-7WYKK-8PWK7-XD722,,
BD-04150,0,INV-GBPGL-2024-002946,SDLD621,Computer,Desktop,Assigned,4CE408CP8G,HP,"HP 280 Pro G9 MT",853000,2024-07-02,"Global Brands Pvt Ltd.",SDLD2000461,"Ruhul Amin",Maintenance,LWR,SDL,SDL,ruamin,,"HP 280 Pro G9 MT 12 Gen","Intel Core i5 12500",,512,,16384,"WiFi & LAN",,0,"WIN11 Pro",2024-12-29,,WC4NW-DH6TH-Y62XX-C9Q2R-VMH22,,
BD-04151,0,INV-GBPGL-2024-002946,SDLD619,Computer,Desktop,Assigned,4CE402B5W2,HP,"HP 280 Pro G9 MT",853000,2024-07-02,"Global Brands Pvt Ltd.",SDLD2000461,"Mostafizur Rahman5",Finishing,LWR,SDL,SDL,mostarahman,,"HP 280 Pro G9 MT 12 Gen","Intel Core i5 12500",,512,,16384,"WiFi & LAN",,0,"WIN 11 Pro",2024-12-25,,"Win 11 Pro",GXXVN-PYMVP-4PDH6-CBYVH-XD722,
BD-04152,0,INV-GBPGL-2024-002946,,Display,Monitor,Stock,CNK3400177,HP,"HP 22v G5",1,2024-07-02,"Global Brands Pvt Ltd.",SDLD2000461,,MIS,LWR,SDL,SDL,,,,,,,,,,,0,,,,,,"Purchased as Bundle with HP 280 Pro G9 MT."
BD-04153,0,INV-GBPGL-2024-002946,,Display,Monitor,Stock,CNK3390H86,HP,"HP 22v G5",1,2024-07-02,"Global Brands Pvt Ltd.",SDLD2000461,,MIS,LWR,SDL,SDL,,,,,,,,,,,0,,,,,,"Purchased as Bundle with HP 280 Pro G9 MT."
BD-04154,0,INV-GBPGL-2024-002946,,Display,Monitor,Assigned,CNK3390103M,HP,"HP 22v G5",1,2024-07-02,"Global Brands Pvt Ltd.",SDLD2000461,"Hossain, Rahad",Sample,LWR,SIL,SDL,rahhossain,,,,,,,,,,0,,,,,,"Purchased as Bundle with HP 280 Pro G9 MTRe assigned from TRQ to rahad as device is not available at SIL"
BD-04155,0,INV-GBPGL-2024-002946,,Display,Monitor,Stock,CNK34000ZL,HP,"HP 22v G5",1,2024-07-02,"Global Brands Pvt Ltd.",SDLD2000461,,MIS,LWR,SDL,SDL,,,,,,,,,,,0,,,,,,"Purchased as Bundle with HP 280 Pro G9 MT."
BD-04156,0,INV-GBPGL-2024-002946,,Display,Monitor,Assigned,CNK3391024,HP,"HP 22v G5",1,2024-07-02,"Global Brands Pvt Ltd.",SDLD2000461,"Umme Tabassum","Industrial Engineering",LWR,SDL,SDL,utabassum,,,,,,,,,,0,,,,,,"Purchased as Bundle with HP 280 Pro G9 MT SDLD624"
BD-04157,0,INV-GBPGL-2024-002946,,Display,Monitor,Stock,CNK3390GXM,HP,"HP 22v G5",1,2024-07-02,"Global Brands Pvt Ltd.",SDLD2000461,,MIS,LWR,SDL,SDL,,,,,,,,,,,0,,,,,,"Purchased as Bundle with HP 280 Pro G9 MT."
BD-04158,0,INV-GBPGL-2024-002946,,Display,Monitor,Stock,CNK3390GYT,HP,"HP 22v G5",1,2024-07-02,"Global Brands Pvt Ltd.",SDLD2000461,,MIS,LWR,SDL,SDL,,,,,,,,,,,0,,,,,,"Purchased as Bundle with HP 280 Pro G9 MT."
BD-04159,0,INV-GBPGL-2024-002946,,Display,Monitor,Assigned,CNK340015J,HP,"HP 22v G5",1,2024-07-02,"Global Brands Pvt Ltd.",SDLD2000461,"Pronob Hawlader",Finishing,LWR,SDL,SDL,phawlader,,,,,,,,,,0,,,,,,"Purchased as Bundle with HP 280 Pro G9 MT"
BD-04160,0,"EITINV2024003464 ",,Display,Monitor,Stock,3CM34920SG,HP,"HP M22f ",12000,2024-07-02,"Eastern IT",SIL0000394,,MIS,LWR,SDL,SDL,,,,,,,,,,,0,,,,,,
BD-04161,0,INV-GBPGL-2024-002946,,Display,Monitor,Stock,CNK3390GZQ,HP,"HP 22v G5",1,2024-07-02,"Global Brands Pvt Ltd.",SDLD2000461,,MIS,LWR,SDL,SDL,,,,,,,,,,,0,,,,,,"Purchased as Bundle with HP 280 Pro G9 MT."
BD-04162,0,INV-GBPGL-2024-002946,,Display,Monitor,Stock,CNK340015T,HP,"HP 22v G5",1,2024-07-02,"Global Brands Pvt Ltd.",SDLD2000461,,MIS,LWR,SDL,SDL,,,,,,,,,,,0,,,,,,"Purchased as Bundle with HP 280 Pro G9 MT."
BD-04163,0,EITINV2024003463,SDLD622,Computer,"Desktop ",Assigned,4CE406B6P2,HP,"HP 290  Tower G9",68000,2024-11-05,"Eastern IT",SDL2000500,"Ridoan Zahan",MIS,LWR,SIL,SDL,rzahan,,,"Intel Core i5 12400",,512,,16384,,,0,"WIN 11 Pro",2025-01-29,,"Win 11 Pro",CFF6N-J73KG-PPQ2H-DFVPP-6JF9C,
BD-04164,0,EITINV2024003464,SDLD618,Computer,Desktop,Assigned,4CE410BVQ7,HP,"HP 290  Pro G9 MT",68000,2024-11-05,"Eastern IT",SIL0000394,"Mahbub Alam","Industrial Engineering",LWR,SDL,SDL,mahalam,,"HP 290  Pro G9 MT","Intel Core i5 12400",,512,,16384,,,0,"Win 11",2024-12-17,,"Win 11 Pro",JXW2B-YNV27-R9TTF-M4RQ8-WB49C,
BD-04165,0,EITINV2024003464,,Display,Monitor,Stock,3CM3491YQ2,HP,"HP M22f",12000,2024-11-05,"Eastern IT",SIL0000394,,MIS,LWR,SIL,SDL,,,,,,,,,,,0,,,,,,
BD-04166,0,INV-GBPGL-2024-002946,,Display,Monitor,Stock,CNK3390H8M,HP,"HP 22v G5",1,2024-11-05,"Global Brands Pvt Ltd.",SDL2000461,,MIS,LWR,SIL,SDL,,,,,,,,,,,0,,,,,,
BD-04167,0,13214/2024,,Printer,"Printer ",Stock,X4RM007870,Epson,"LQ-590 II",66112,2024-12-14,"MS Khan Brothers Computer",SDL2000453,,MIS,LWR,SDL,SDL,,,,,,,,,,,0,,,,,,
BD-04168,0,1,SDLL388,Computer,Laptop,Assigned,ZF056218H,Toshiba,"Tecra Z40-A",1,2024-12-17,"From UK IT",1,"Milton Rahman",Commercial,SWR,SIL,SDL,rmilton,,,,,120,,8192,,,0,"WIN11 Pro",2024-12-17,B-405,,,
BD-04169,0,2507202,,UPS,UPS,Assigned,202206210371,NPS,"1200 VA",7000,2024-10-14,"Numeric Technology",SDL2000464,"Mahbub Alam","Industrial Engineering",LWR,SIL,SDL,mahalam,,,,,,,,,,0,,,,,,
BD-04170,0,2507202,,UPS,UPS,Assigned,202206210148,NPS,"1200 VA",7000,2024-10-14,"Numeric Technology",SIL0000360,"Ridoan Zahan",MIS,LWR,SIL,SDL,rzahan,,,,,,,,,,0,,,,,,
BD-04171,0,INV-GBPGL-2024-003748,,Display,Monitor,Assigned,207NTWG2D753,LG,22MP400,10000,2024-09-25,"Global Brands Pvt Ltd.",SDL2000416,"Nazmul Karim","Marketing & Merchandising",LWR,SIL,SDL,nkarim,,,,,,,,,,0,,,,,,
BD-04172,0,INV-GBPGL-2024-005680,,"Computer Accessories",Headset,Assigned,436330H120A2555,RAPOO,HI120,1360,2024-12-09,"Global Brands Pvt Ltd.",DBO5000181,"Moznu Mia",Store,LWR,SIL,SDL,mmia,,,,,,,,,,0,,,,,,
BD-04173,0,INV-GBPGL-2024-005680,,"Computer Accessories",,Stock,436330H120A1063,RAPOO,HI120,1360,2024-12-09,"Global Brands Pvt Ltd.",DBO5000181,,MIS,LWR,SIL,SDL,,,,,,,,,,,0,,,,,,
BD-04174,SDL24-03-SDL-2,INV-GBPGL-2024-002804,"SDL-2 Online UPS",UPS,UPS,Assigned,8362L2307500223,Vertiv,"Liebert GXT MT-6kVA",2024002804,2024-06-24,"Global Brands Pvt Ltd.",SDL2000455,"SDL-2 Server Room 6kVA Online UPS",MIS,LWR,SDL,SDL,,,,,,,,,,,0,,,,,,"Bundled with LEOCH LP12-120 12V 120A H Battery. 
SN-945811, 945797, 945802, 945807, 945805, 945808, 945796, 945813, 945799, 945801, 945809, 945803, 945798, 945814, 945806, 945815, 945800, 945812, 945804, 945810."
BD-04175,0,20241532-20241534,DEWBDSDLMS80,Network,Switch,Assigned,Q3LR-T9MP-H4DB,CISCO,MS130-24P,175807,2024-12-08,"Smart Technology",SDL2000453,"SDL-2 1st Floor East Side",MIS,LWR,SDL,SDL,,,,,,,,,,,0,,,,,,
BD-04176,0,20241532-20241534,DEWBDSDLMS72,Network,Switch,Assigned,Q4CH-PV5S-R5N6,CISCO,MS130-48,240210,2024-12-08,"Smart Technology",SDL2000453,"SDL-2 1st Floor East Side",MIS,LWR,SDL,SDL,,,,,,,,,,,0,,,,,,
BD-04177,0,20241532-20241534,,Network,"Access Point",Assigned,Q3AL-4UGN-ZYB2,CISCO,MR44-HW,95598,2024-12-08,"Smart Technology",SDL2000453,SDL-2,MIS,LWR,SDL,SDL,,,,,,,,,,E4:55:A8:58:CE:D9,0,,,,,,
BD-04178,0,20241532-20241534,DEWBDSDLMR09,Network,"Access Point",Assigned,Q3AL-437U-2C36,CISCO,MR44-HW,95598,2024-12-08,"Smart Technology",SDL2000453,SDL-2,MIS,LWR,SDL,SDL,,,,,,,,,,E4:55:A8:58:D5:2A,0,,,,,,"edited N by trq"
BD-04179,0,1,,Computer,Laptop,Stock,5CD0102GP1,HP,"Probook 440 G6",1,2025-01-08,"From UK IT",1,,MIS,LWR,SIL,SDL,,,,"Intel Core i5 8265 U",1.30,480,,8192,,,0,,,,,,
BD-04180,0,1,DBOL225,Computer,Laptop,Assigned,5CD0102GP1,HP,"Probook 440 G6",1,2025-01-08,"From UK IT",1,"Abdurrahim Shoikot",Compliance,LWR,SIL,SDL,ashoikot,,,"Intel Core i5 8265 U",1.30,480,,8192,,,0,,2025-01-08,,,,"Ex Chamara Bag B403 provided"
BD-04181,0,1,SDLL391,Computer,Laptop,Assigned,6G073729H,Toshiba,"TECRA A40-C",1,2025-01-08,"From UK IT",1,"Bilkis Jahan","Accounts & Finance",LWR,HO,"Dhaka Buying Office",bjahan,,,"Intel Core i5 6200U",2.30,118,,8192,,,0,,2025-01-08,,,,
BD-04182,0,0,,"Computer Accessories",Headset,Assigned,437330H120A1811,RAPOO,HI120,1360,2025-01-09,"Global Brands Pvt Ltd.",SDL2000531,"Abdurrahim Shoikot",Compliance,LWR,SDL,SDL,ashoikot,,,,,,,,,,0,,,,,,
BD-04183,0,0,,"Computer Accessories",,Assigned,437330H120A1811,RAPOO,HI120,1360,2025-01-09,"Global Brands Pvt Ltd.",SDL2000531,"Shawkat Ali","Quality Assurance",LWR,SDL,SDL,shaali,,,,,,,,,,0,,,,,,
BD-04184,0,25011012,,UPS,UPS,Assigned,202403120012,NPS,"1200 VA",7000,2025-01-01,"Numeric Technology",SDL2000526,"SIL Cutting Barcode printer",Cutting,LWR,SIL,SDL,,,,,,,,,,,0,,,,,,
BD-04185,0,INV-GBPGL-2024-006037,,"Computer Accessories",Headset,Assigned,437330H120A1813,RAPOO,HI120,1360,2024-12-31,"Global Brands Pvt Ltd.",SDL2000523,"Mohammad Alamgir",Sample,LWR,SDL,SDL,malamgir,,,,,,,,,,0,,,,,,
BD-04186,0,INV-GBPGL-2024-006037,,"Computer Accessories",Headset,Assigned,437330H120A1810,RAPOO,HI120,1360,2024-12-31,"Global Brands Pvt Ltd.",SDL2000523,"Hossain, Sakhawat",Store,LWR,SDL,SDL,sahossain,,,,,,,,,,0,,,,,,
BD-04187,0,1,SDLL392,Computer,Laptop,Assigned,ZF076369H,Toshiba,"Tecra Z40-A",1,2025-01-11,"From UK IT",1,"Russel Ahmed",Planning,LWR,SIL,SDL,ruahmed,,,,,,,,,,0,,,,,,
BD-04188,0,1,,Display,Monitor,Assigned,207NTAB2D752,HP,22MP400,10000,2025-01-16,"Global Brands Pvt Ltd.",1,"Shariful Islam","Marketing & Merchandising",LWR,DBO,DBO,shaislam,,,,,,,,,,0,,,,,,
BD-04189,0,INV-GBPGL-2025-000384,,"Computer Accessories",Headset,Assigned,437330H120A1411,RAPOO,HI120,1386,2025-01-28,"Global Brands Pvt Ltd.",SIL0000415,"Susanta Pall",Sample,LWR,SIL,SDL,spall,,,,,,,,,,0,,,,,,
BD-04190,0,INV-GBPGL-2025-000384,,"Computer Accessories",Headset,Assigned,437330H120A1422,RAPOO,HI120,1386,2025-01-28,"Global Brands Pvt Ltd.",SIL0000415,"Shahadot Jaman","Marketing & Merchandising",LWR,SIL,SDL,sjaman,,,,,,,,,,0,,,,,,
BD-04191,0,INV-GBPGL-2025-000384,,"Computer Accessories",Headset,Assigned,437330H120A1426,RAPOO,HI120,1386,2025-01-28,"Global Brands Pvt Ltd.",SIL0000415,"Mahbubul Islam","Accounts & Finance",LWR,SIL,SDL,mahislam,,,,,,,,,,0,,,,,,
BD-04192,0,INV-GBPGL-2025-000384,,"Computer Accessories",Headset,Assigned,437330H120A1421,RAPOO,HI120,1386,2025-01-28,"Global Brands Pvt Ltd.",SIL0000415,"Shawn Sarker","Finance & Acounts",LWR,SIL,SDL,shsarker,,,,,,,,,,0,,,,,,
BD-04193,0,INV-GBPGL-2025-000384,,"Computer Accessories",Headset,Assigned,437330H120A1415,RAPOO,HI120,1386,2025-01-28,"Global Brands Pvt Ltd.",SIL0000415,"Udana Geeganage",Operation,LWR,SIL,SDL,ugeeganage,,,,,,,,,,0,,,,,,
BD-04194,0,INV-GBPGL-2025-000384,,"Computer Accessories",Headset,Assigned,437330H120A1415,RAPOO,HI120,1386,2025-01-28,"Global Brands Pvt Ltd.",SIL0000415,"Mehedi Hasan3",Finance,LWR,HO,SDL,mehehasan,,,,,,,,,,0,,,,,,
BD-04195,0,INV-GBPGL-2025-000384,,"Computer Accessories",Headset,Stock,437330H120A1804,RAPOO,HI120,1386,2025-01-28,"Global Brands Pvt Ltd.",SIL0000415,,MIS,LWR,SIL,SDL,,,,,,,,,,,0,,,,,,
BD-04196,0,INV-GBPGL-2025-000384,,"Computer Accessories",Headset,Assigned,437330H120A1418,RAPOO,HI120,1386,2025-01-28,"Global Brands Pvt Ltd.",SIL0000415,"Abu Sayid",Operation,LWR,SDL,SDL,asayid,,,,,,,,,,0,,,,,,
BD-04197,0,INV-GBPGL-2025-000384,,"Computer Accessories",Headset,Assigned,437330H120A1416,RAPOO,HI120,1386,2025-01-28,"Global Brands Pvt Ltd.",SIL0000415,"Rafrafin Shahadat","Finance & Acounts",LWR,SIL,SDL,rshahadat,,,,,,,,,,0,,,,,,
BD-04198,0,INV-GBPGL-2025-000384,,"Computer Accessories",Headset,Assigned,437330H120A1430,RAPOO,HI120,1386,2025-01-28,"Global Brands Pvt Ltd.",SIL0000415,"Bilkis Jahan","Accounts & Finance",LWR,HO,SDL,bjahan,,,,,,,,,,0,,,,,,
BD-04199,0,INV-GBPGL-2025-000384,,"Computer Accessories",Headset,Assigned,437330H120A1417,RAPOO,HI120,1386,2025-01-28,"Global Brands Pvt Ltd.",SIL0000415,"Shofikul Islam2","Marketing & Merchandising",LWR,SIL,SDL,shofislam,,,,,,,,,,0,,,,,,
BD-04200,0,0,,Display,Monitor,Assigned,206NTBK6T925,LG,22MP400,10000,2025-02-09,"Global Brands Pvt Ltd.",1,"Bilkis Jahan",Finance,LWR,HO,SDL,bjahan,,,,,,,,,,0,,,,,,"Last user- Kamrul Hasan2, PR information not found need to investigate"
BD-04201,0,1359,,Printer,"Barcode Printer",Assigned,34J230800575,Zebra,"ZT-510 300 DPI",193000,2024-06-05,"Robust International Limited",SDL2000453,"RR1 Tactical Printer",Finishing,LWR,SIL,SDL,"RR1 Tactical Printer",,,,,,,,,,0,,,,,,"BY TRQ"
BD-04202,0,1,,"Computer Accessories",Headset,Assigned,437330H120A1425,Rappo,H120,1360,2025-02-25,"Global Brands Pvt Ltd.",1,"Romis Uddin",Production,SWR,SDL,SDL,ruddin,,,,,,,,,,0,,,,,,
BD-04203,0,SB710FDMPP-2025/02/25-16939,,Audio,Speaker,Assigned,00402416773,Jabra,"Jabra speak 510",16170,2025-02-25,"One Stop Service & Solution.",SDL2000546,"Nabil Mansur",Planning,LWR,SIL,SDL,nmansur,,,,,,,,,,0,,,,,,
BD-04204,0,SB710FDMPP-2025/02/25-16938,,Audio,,Assigned,00402414819,Jabra,"Jabra speak 510",16170,2025-02-25,"One Stop Service & Solution.",DBO5000187,"Rabin Ahmed","Marketing & Merchandising",MWR,DBO,"CastleCrafts Limited",rahmed,,,,,,,,,,0,,,,,,
BD-04205,0,0,,"Computer Accessories",Headset,Assigned,437330H120A0858,Rappo,H120,1360,2025-03-02,"Global Brands Pvt Ltd.",1,"Saahira Jaliel","Marketing & Merchandising",LWR,SIL,SDL,sjaliel,,,,,,,,,,0,,,,,,
BD-04206,0,0,,"Computer Accessories",Headset,Assigned,437330H120A0849,Rappo,H120,1360,2025-03-03,"Global Brands Pvt Ltd.",1,"Nure Alam",Technical,LWR,SIL,SDL,nalam,,,,,,,,,,0,,,,,,
BD-04207,0,INV-GBPGL-2025-000822,,Display,Monitor,Assigned,207NTFA02675,LG,22MP400-B,10890,2025-02-16,"Global Brands Pvt Ltd.",SDL2000543,"Abdul Karim","Human Resource",LWR,SIL,SDL,akarim,,,,,,,,,,0,,,,,,
BD-04208,0,0,,"Computer Accessories",Headset,Stock,437330H120A2454,RAPOO,H120,1360,2025-03-06,"Global Brands Pvt Ltd.",1,,MIS,LWR,SIL,SDL,,,,,,,,,,,0,,,,,,
BD-04209,0,0,,"Computer Accessories",,Assigned,437330H120A2434,RAPOO,H120,1360,2025-03-06,"Global Brands Pvt Ltd.",1,"Shiblur Rahman",Cutting,LWR,SDL,SDL,sihrahman,,,,,,,,,,0,,,,,,"Ex user Nibaron ChandroQA"
BD-04210,0,1,,Computer,Laptop,Assigned,5CD42846P6,HP,"Probook 440 G10",95000,2025-03-10,"From UK IT",1,"Rakib Hossain",MIS,LWR,SIL,"Shanta Denim Limited",rakhossain,,,"Intel Core i5 12500",,,,,,,0,,,,,,"Ex Mandy Laptop"
BD-04211,0,0,,"Computer Accessories",Headset,Assigned,437330H120A2444,RAPOO,HI120,1390,2025-03-02,"Global Brands Pvt Ltd.",SDL2000531,"Khirun nahar",Compliance,LWR,DBO,DBO,knahar,,,,,,,,,,0,,,,,,
"BD-04212 ",0,0,,"Computer Accessories",,Assigned,437330H120A2444,RAPOO,HI120,1390,2025-03-02,"Global Brands Pvt Ltd.",SDL2000531," Mohammad, Ibrahim ","Marketing & Merchandising",LWR,SIL,SDL,imohammad,,,,,,,,,,0,,,,,,
"BD-04212 ",0,0,,"Computer Accessories",,Assigned,437330H120A2444,RAPOO,HI120,1390,2025-03-02,"Global Brands Pvt Ltd.",SDL2000531," Mohammad, Ibrahim ","Marketing & Merchandising",LWR,SIL,SDL,imohammad,,,,,,,,,,0,,,,,,
"BD-04212 ",0,0,,"Computer Accessories",,Assigned,437330H120A2444,RAPOO,HI120,1390,2025-03-02,"Global Brands Pvt Ltd.",SDL2000531," Mohammad, Ibrahim ","Marketing & Merchandising",LWR,SIL,SDL,imohammad,,,,,,,,,,0,,,,,,
"BD-04212 ",0,0,,"Computer Accessories",,Assigned,437330H120A2444,RAPOO,HI120,1390,2025-03-02,"Global Brands Pvt Ltd.",SDL2000531," Mohammad, Ibrahim ","Marketing & Merchandising",LWR,SIL,SDL,imohammad,,,,,,,,,,0,,,,,,
BD-04214,0,INV-GBPGL-2025-0001254,,Display,Monitor,Assigned,207NTSU02134,HP,22MP400,10750,2025-03-17,"Global Brands Pvt Ltd.",SIL0000438,"Tamjid Rahman",Finance,LWR,SIL,SDL,tarahman,,,,,,,,,,0,,,,,,
BD-04215,0,INV-GBPGL-2025-001254,,"Computer Accessories",Headset,Assigned,43733H120A0857,RAPOO,HI120,1360,2025-03-11,"Global Brands Pvt Ltd.",SIL0000438,"Kazi Marufa","Human Resource",LWR,SIL,SDL,kmarufa,,,,,,,,,,0,,,,,,
BD-04215,0,INV-GBPGL-2025-001254,,"Computer Accessories",Headset,Assigned,43733H120A0857,RAPOO,HI120,1360,2025-03-11,"Global Brands Pvt Ltd.",SIL0000438,"Sembupperuma, Chamal",Costing,LWR,SIL,SDL,csembupperuma,,,,,,,,,,0,,,,,,
BD-04215,0,INV-GBPGL-2025-001254,,"Computer Accessories",Headset,Assigned,437330H120A0844,RAPOO,HI120,1360,2025-03-11,"Global Brands Pvt Ltd.",SIL0000438,"Kazi Marufa","Human Resource",LWR,SIL,SDL,kmarufa,,,,,,,,,,0,,,,,,
BD-04215,0,INV-GBPGL-2025-001254,,"Computer Accessories",Headset,Assigned,437330H120A0844,RAPOO,HI120,1360,2025-03-11,"Global Brands Pvt Ltd.",SIL0000438,"Sembupperuma, Chamal",Costing,LWR,SIL,SDL,csembupperuma,,,,,,,,,,0,,,,,,
BD-04217,0,20241534-20241535,DEWBDSDLMS10,Network,Switch,Assigned,Q2GW-E6QD-NHSP,Cisco,MS225-24P,421306.21,2024-11-27,"Smart Technology",SDLD2000454,,MIS,LWR,SIL,SDL,,,,,,,,,,,0,,,,,,
BD-04218,0,20241534-20241535,DEWBDSDLMS11,Network,,Assigned,Q4CH-3TMV-63TY,Cisco,MS130-48,240210.60,2024-11-27,"Smart Technology",SDL2000454,,MIS,LWR,SDL,SDL,,,,,,,,,,,0,,,,,,
BD-04219,0,1,,"Computer Accessories",Headset,Assigned,437330H120A0866,Rappo,H120,1360,2025-04-07,"Global Brands Pvt Ltd.",1,,MIS,LWR,HO,HO,,,,,,,,,,,0,,,,,,
BD-04220,0,1,10.140.20.18,CCTV,NVR,Assigned,9L0490FPAZ4F3D4,Dahua,DHI-NVR5832-EI,1,2025-04-09,"Global Brands Pvt Ltd.",1,,MIS,LWR,SDL,SDL,,,,,,,,,,,0,,,,,,
BD-04221,0,INV-GBPGL-2025-001254,,"Computer Accessories",Headset,Assigned,436330H120A2438,RAPOO,HI120,1360,2025-04-11,"Global Brands Pvt Ltd.",SIL0000438,"Bhuiyan, Imam",Finance,LWR,SIL,SDL,ibhuiyan,,,,,,,,,,0,,,,,,
BD-04222,0,1,SDLL401,Computer,Laptop,Assigned,4H032129H,Toshiba,"Tecra Z40-C",1,2025-04-12,"From UK IT",1,"Hasan Ahmed","Industrial Engineering",LWR,SIL,SDL,hahmed,,,"Intel Core i5 6200U",2.30,120,,8192,,,0,"WIN 11 Pro",2025-04-12,,,,
BD-04223,0,1,SDLL402,Computer,Laptop,Assigned,1F125068H,Toshiba,"Tecra Z40-A",1,2025-04-12,"From UK IT",1,"Mohaimenul Hasan","Industrial Engineering",LWR,SIL,SDL,mohahasan,,,"Intel Core i5 4210U",1.70,120,,8192,,,0,"WIN 11 Pro",2025-04-12,,,,
BD-04224,0,INV-GBPGL-2025-01254,,"Computer Accessories",Headset,Assigned,437330H120A2449,RAPOO,H120,1360,2025-04-20,"Global Brands Pvt Ltd.",SIL0000438,"Md Fariduzzaman","Marketing & Merchandising",LWR,SIL,SDL,mfariduzzaman,,,,,,,,,,0,,,,,,
BD-04225,0,1,10.140.21.199,CCTV,"DOME CAMERA",Assigned,AJ0DB56PAG00060,Dahua,IPC-HDW1230T2-S5,1,2025-04-22,"From UK IT",1,,MIS,LWR,SDL,SDL,,,,,,,,,,,0,,,,,,
BD-04226,0,1,10.140.21.200,CCTV,,Assigned,AK03FEBPAG01500,Dahua,IPC-HDW1230T2-S5,1,2025-04-22,"From UK IT",1,,MIS,LWR,SDL,SDL,,,,,,,,,,,0,,,,,,
BD-04227,0,1,,CCTV,"DOME CAMERA",Assigned,AJ0DB56PAG00224,Dahua,IPC-HDW1230T2-S5,1,2025-04-22,"From UK IT",1,,MIS,LWR,SDL,SDL,,,,,,,,,,,0,,,,,,
BD-04228,0,ASTINV2025000668,SDLL406,Computer,Laptop,Assigned,5CD5012H51,HP,"Probook 450 G10",116365,2025-04-20,"ASES Tech",SDL2000563,"Manjur Ahmed",Design,LWR,SIL,SDL,maahmed,,"Probook 450 G10","Intel Core i7 1355U 13th Gen",,512,,32768,,,116365,"WIN 11 Pro",2025-04-24,,"WIN 11 Pro",TXN46-F4PFD-QR78V-DXKWX-66P2T,
BD-04229,0,ASTINV2025000668,SDLL410,Computer,Laptop,Assigned,5CG45035CH,HP,"240 G10",82575,2025-04-20,"ASES Tech",SDL2000563,"Tareque Hasan",MIS,LWR,SDL,SDL,thasan,B39QXAT,"HP 240 G10","Intel Core i5 1335 U",,512,,16384,,,82575,"WIN 11 Pro",2025-06-19,,"Win 11 Pro",T7PJQ-WNWRX-WW4PT-XFQ26-722KC,
BD-04230,0,ASTINV2025000668,DBOL228,Computer,Laptop,Stock,5CG45035K3,HP,"240 G10",82575,2025-04-20,"ASES Tech",SDL2000563,"ex Bilkis Jahan",MIS,LWR,SIL,SDL,bjahan,B39QXAT,"HP 240 G10","Intel Core i5 1335 U",,512,,16384,,,82575,"WIN 11 Pro",2025-04-24,,"WIN 11 Pro",TQJ2R-GFNFK-C8M6Q-7T8TC-KW3GP,
BD-04231,0,ASTINV2025000668,DBOL229,Computer,Laptop,Assigned,5CG45035DR,HP,"240 G10",82575,2025-04-20,"ASES Tech",SDL2000563,"Abu Rahat",Finance,LWR,HO,"Dhaka Buying Office",arahat,B39QXAT,"HP 240 G10","Intel Core i5 1335 U",,512,,16384,,,82575,"WIN 11 Pro",2025-05-04,,"WIN 11 Pro",KQJ8T-8NG9X-MFM8T-YV2GG-RRHJ6,
BD-04232,0,ASTINV2025000668,SDLL409,Computer,Laptop,Assigned,5CG45035Y0,HP,"240 G10",82575,2025-04-20,"ASES Tech",SDL2000563,"Sultana Rajia","Human Resource",LWR,SIL,SDL,srajia,B39QXAT,"HP 240 G10","Intel Core i5 1335 U",,512,,16384,,,82575,"WIN 11 Pro",2025-05-20,B-431,"Win 10 Pro",TNTDV-426HM-C4BX7-8C9R4-PPQW6,
BD-04233,0,ASTINV2025000668,DBOL230,Computer,Laptop,Assigned,5CG45035CX,HP,"240 G10",82575,2025-04-20,"ASES Tech",SDL2000563,"Amzadul Islam 2",Finance,LWR,HO,"Dhaka Buying Office",amzaislam,B39QXAT,"HP 240 G10","Intel Core i5 1335 U",,512,,16384,,,82575,"WIN 11 Pro",,,,,
BD-04234,0,ASTINV2025000668,SDLL419,Computer,Laptop,Stock,5CG45035F4,HP,"240 G10",82575,2025-04-20,"ASES Tech",SDL2000563,"ex Chaminda Perera2",MIS,LWR,SDL,SDL,chaperera,B39QXAT,"HP 240 G10","Intel Core i5 1335 U",,512,,16384,,,82575,"WIN 11 Pro",2025-07-31,,"Win 11 Pro",DDCQN-9RWJ3-DQJDP-9398Q-WQKTP,
BD-04235,0,ASTINV2025001843,SDLL418,Computer,Laptop,Assigned,5CG45035F5,HP,"240 G10",78469,2025-07-27,"ASES Tech",SDL2000017,Ahmed.Eshtiaq,"Marketing & Merchandising",LWR,SIL,SDL,aeshtiaq,B39QXAT,"HP 240 G10","Intel Core i5 1335 U",,512,,16384,,,82575,"WIN 11 Pro",2025-08-07,,"Win 11 Pro",MHHF4-6NQ34-PCPF9-MWPGR-6Q8GG,
BD-04236,0,ASTINV2025000668,SDLD633,Computer,Desktop,Assigned," 4CE408BQQ7",HP,"290 G9 Pro Tower",73342,2025-04-20,"ASES Tech",SDL2000563,"Mohammad Didarul",CAD,LWR,SIL,SDL,mdidarul,9H6M3ET,"HP 290 G9 Pro Tower","Intel Core i5 12400 12 Gen",,512,,16384,,,73342,"WIN 11 Pro",2025-06-22,,"Win 10 Pro",MB3N3-J6HM4-47QVQ-HYVCD-G83W6,
BD-04237,0,ASTINV2025000668,SDLD634,Computer,Desktop,Assigned,4CE408BQBV,HP,"290 G9 Pro Tower",73342,2025-04-20,"ASES Tech",SDL2000563,"Apo Mia",Store,LWR,SDL,SDL,amia,9H6M3ET,"HP 290 G9 Pro Tower","Intel Core i5 12400 12 Gen",,512,,16384,,,73342,"WIN 11 Pro",2025-06-22,,"Win 11 Pro",N46KT-3VWTD-WF7M9-6Q6XT-P7KCT,
BD-04238,0,ASTINV2025000668,SDLD637,Computer,Desktop,Assigned,4CE408BR4C,HP,"290 G9 Pro Tower",73342,2025-04-20,"ASES Tech",SDL2000563,"Ataur Rahman","Accounts & Finance",LWR,SIL,SDL,atrahman,9H6M3ET,"HP 290 G9 Pro Tower","Intel Core i5 12400 12 Gen",,512,,16384,,,73342,"WIN 11 Pro",2025-08-19,,"Win 11 Pro",BD9DX-4RN8Y-KJR23-Y8RWC-JB49M,
BD-04239,0,ASTINV2025000668,SDLD628,Computer,Desktop,Assigned,4CE408BQDG,HP,"290 G9 Pro Tower",73342,2025-04-20,"ASES Tech",SDL2000563,"Abu Tarik",Costing,LWR,SIL,SDL,atarik,9H6M3ET,"HP 290 G9 Pro Tower","Intel Core i5 12400 12 Gen",,512,,16384,,,73342,"WIN 11 Pro",2025-05-19,,"Win 10 Pro",GNJ8F-P997T-MCCQM-RBF3M-XBVJ6,
BD-04240,0,ASTINV2025000668,SDLD627,Computer,Desktop,Assigned,4CE408BQG6,HP,"290 G9 Pro Tower",73342,2025-04-20,"ASES Tech",SDL2000563,"Taufiq Uddin",Costing,LWR,SIL,SDL,tuddin,9H6M3ET,"HP 290 G9 Pro Tower","Intel Core i5 12400 12 Gen",,512,,16384,,,73342,"WIN 11 Pro",2025-04-30,,"WIN 11 Pro",72RRX-VNHQR-6KYHG-H4VXY-3GP2T,
BD-04241,0,ASTINV2025000668,SDLD639,Computer,Desktop,Assigned,4CE408B49Y,HP,"290 G9 Pro Tower",73342,2025-04-20,"ASES Tech",SDL2000563,"Amirul Islam2","Marketing & Merchandising",LWR,SIL,SDL,amiislam,9H6M3ET,"HP 290 G9 Pro Tower","Intel Core i5 12400 12 Gen",,512,,16384,,,73342,"WIN 11 Pro",2025-10-25,,"Win 11 Pro",BD9DX-4RN8Y-KJR23-Y8RWC-JB49M,
BD-04242,0,ASTINV2025000668,SDLD632,Computer,Desktop,Assigned,4CE408BQF4,HP,"290 G9 Pro Tower",73342,2025-04-20,"ASES Tech",SDL2000563,"Sayed Ali",CAD,LWR,SIL,SDL,sali,9H6M3ET,"HP 290 G9 Pro Tower","Intel Core i5 12400 12 Gen",,256,,16384,,,73342,"WIN 11 Pro",2025-06-22,,"Win 11 Pro",TPNDG-2BPK3-XKVW4-PPDT6-8TY6G,
BD-04243,0,ASTINV2025000668,SDLD568B,Computer,Desktop,Assigned,4CE408B44V,HP,"290 G9 Pro Tower",73342,2025-04-20,"ASES Tech",SDL2000563,"SDL-1 Server Room",MIS,LWR,SIL,SDL,"SDL-1 Server room",9H6M3ET,"HP 290 G9 Pro Tower","Intel Core i5 12400 12 Gen",,512,,16384,,,73342,"WIN 11 Pro",2025-10-15,,"BD9DX-4RN8Y-KJR23-Y8RWC-JB49M   ",,
BD-04244,0,ASTINV2025000668,DBOD054,Computer,Desktop,Assigned,4CE408BQGS,HP,"290 G9 Pro Tower",73342,2025-04-20,"ASES Tech",SDL2000563,,"Accounts & Finance",LWR,DBO,"Dhaka Buying Office",,9H6M3ET,"HP 290 G9 Pro Tower","Intel Core i5 12400 12 Gen",,512,,16384,,,73342,"WIN 11 Pro",,,,,
BD-04247,0,ASTINV2025000668,,Display,Monitor,Assigned,CNK41001ZH,HP,"V22v G5",1,2025-04-20,"ASES Tech",SDL2000563,"Ataur Rahman","Accounts & Finance",LWR,SIL,SDL,atrahman,,,,,,,,,,0,,,,,,"We Purchased Full Set Desktop "
BD-04248,0,ASTINV2025000668,,Display,Monitor,Assigned,CNK41003KT,HP,"V22v G5",1,2025-04-20,"ASES Tech",SDL2000563,"Ajoy Ghosh","Marketing & Merchandising",LWR,SIL,SDL,aghosh,,,,,,,,,,0,,,,,,"We Purchased Full Set Desktop "
BD-04249,0,ASTINV2025000668,,Display,Monitor,Assigned,CNK43024K8,HP,"V22v G5",1,2025-04-20,"ASES Tech",SDL2000563,"Abdus Salam",CAD,LWR,SIL,SDL,absalam,,,,,,,,,,0,,,,,,"We Purchased Full Set Desktop "
BD-04250,0,ASTINV2025000668,,Display,Monitor,Stock,CNK43024LF,HP,"V22v G5",1,2025-04-20,"ASES Tech",SDL2000563,,MIS,LWR,SDL,SDL,,,,,,,,,,,0,,,,,,"We Purchased Full Set Desktop "
BD-04251,0,ASTINV2025000668,,Display,Monitor,Assigned,CNK43024PD,HP,"V22v G5",1,2025-04-20,"ASES Tech",SDL2000563,Tanjina.Sultana,"Human Resource",LWR,SDL,SDL,tsultana,,,,,,,,,,0,,,,,,"We Purchased Full Set Desktop "
BD-04252,0,ASTINV2025000668,,Display,Monitor,Stock,CNK43024RH,HP,"V22v G5",1,2025-04-20,"ASES Tech",SDL2000563,,MIS,LWR,SDL,SDL,,,,,,,,,,,0,,,,,,"We Purchased Full Set Desktop "
BD-04253,0,ASTINV2025000668,,Display,Monitor,Stock,CNK4321M2F,HP,"V22v G5",1,2025-04-20,"ASES Tech",SDL2000563,,MIS,LWR,SDL,SDL,,,,,,,,,,,0,,,,,,"We Purchased Full Set Desktop "
BD-04254,0,ASTINV2025000668,,Display,Monitor,Stock,CNK4321M2W,HP,"V22v G5",1,2025-04-20,"ASES Tech",SDL2000563,,MIS,LWR,SDL,SDL,,,,,,,,,,,0,,,,,,"We Purchased Full Set Desktop "
BD-04255,0,ASTINV2025000668,,Display,Monitor,Stock,CNK4321MLR,HP,"V22v G5",1,2025-04-20,"ASES Tech",SDL2000563,,MIS,LWR,SDL,SDL,,,,,,,,,,,0,,,,,,"We Purchased Full Set Desktop "
BD-04256,0,INV-OSTHO-2025000163,10.139.20.77,CCTV,"DOME CAMERA",Assigned,AJ0DB56PAG00357,Dahua,IPC-HDW1230T2-S5,2970,2025-03-22,"From UK IT",SDL2000540,,MIS,LWR,SDL,SDL,,,,,,,,,,,0,,,,,,
BD-04257,0,INV-OSTHO-2025000163,,CCTV,,Assigned,AJ0DB56PAG00011,Dahua,IPC-HDW1230T2-S5,2970,2025-03-22,"From UK IT",SDL2000540,,MIS,LWR,SDL,SDL,,,,,,,,,,,0,,,,,,
BD-04258,0,INV-OSTHO-2025000163,,CCTV,,Assigned,AJ0DB56PAG00030,Dahua,IPC-HDW1230T2-S5,2970,2025-03-22,"From UK IT",SDL2000540,,MIS,LWR,SDL,SDL,,,,,,,,,,,0,,,,,,
BD-04259,0,INV-OSTHO-2025000163,,CCTV,"DOME CAMERA",Stock,AJ0DB56PAG00059,Dahua,IPC-HDW1230T2-S5,2970,2025-03-22,"From UK IT",SDL2000540,,MIS,LWR,SDL,SDL,,,,,,,,,,,0,,,,,,
BD-04260,0,INV-OSTHO-2025000163,,CCTV,,Stock,AJ0DB56PAG00178,Dahua,IPC-HDW1230T2-S5,2970,2025-03-22,"From UK IT",SDL2000540,,MIS,LWR,SDL,SDL,,,,,,,,,,,0,,,,,,
BD-04261,0,0,,"Computer Accessories",Headset,Assigned,437330H120A2437,RAPOO,H120,1360,2025-04-13,"Global Brands Pvt Ltd.",SIL0000438,"Shojan Mia",Technical,LWR,DBO,DBO,shomia,,,,,,,,,,0,,,,,,
BD-04261,0,0,,"Computer Accessories",Headset,Assigned,437330H120A2437,RAPOO,H120,1360,2025-04-13,"Global Brands Pvt Ltd.",SIL0000438,"Shojan Mia",Technical,LWR,DBO,DBO,shomia,,,,,,,,,,0,,,,,,
BD-04261,0,0,,"Computer Accessories",Headset,Assigned,437330H120A2437,RAPOO,H120,1360,2025-04-13,"Global Brands Pvt Ltd.",SIL0000438,"Shojan Mia",Technical,LWR,DBO,DBO,shomia,,,,,,,,,,0,,,,,,
BD-04261,0,0,,"Computer Accessories",Headset,Assigned,437330H120A2437,RAPOO,H120,1360,2025-04-13,"Global Brands Pvt Ltd.",SIL0000438,"Shojan Mia",Technical,LWR,DBO,DBO,shomia,,,,,,,,,,0,,,,,,
BD-04263,0,INV-OSTHO-2025000163,10.140.21.203,CCTV,"DOME CAMERA",Assigned,AJ0DB56PAG00235,Dahua,IPC-HDW1230T2-S5,2970,2025-03-22,"From UK IT",SDL2000540,,MIS,LWR,SDL,SDL,,,,,,,,,,,0,,,,,,
BD-04264,0,INV-OSTHO-2025000163,10.140.21.204,CCTV,"DOME CAMERA",Assigned,AK03FEBPAG01503,Dahua,IPC-HDW1230T2-S5,2970,2025-03-22,"From UK IT",SDL2000540,,MIS,LWR,SDL,SDL,,,,,,,,,,,0,,,,,,
BD-04265,0,1,,Scanner,Scanner,Assigned,XC25019921,EPSON,"V39 II",1,2025-05-08,"One Stop Service & Solution",SIL0000456,"David Murray",Operation,LWR,SIL,SDL,dmurray,,,,,,,,,,0,,,,,,
BD-04266,0,INV-GBPGL-2024-001805,,"Computer Accessories",Headset,Assigned,437330H120A2362,RAPOO,H120,1360,2025-05-17,"Global Brands Pvt Ltd.",SDL2000573,"Shiblur Rahman",Cutting,LWR,SDL,SDL,sihrahman,,,,,,,,,,0,,,,,,
BD-04267,0,INV-GBPGL-2024-001805,,"Computer Accessories",Headset,Assigned,437330H120A2369,RAPOO,H120,1360,2025-05-17,"Global Brands Pvt Ltd.",SDL2000573,"MD, Yeasin",Fabric,LWR,SDL,SDL,ymd,,,,,,,,,,0,,,,,,
BD-04268,0,1,SDLL405,Computer,Laptop,Stock,7E108789H,Toshiba,"Portege Z30 -A",1,2025-05-20,"From UK IT",1,,MIS,LWR,SIL,SDL,,,,,,,,,,,0,,,,,,
BD-04269,0,INV-IOEHO-2019-001263,,Printer,Printer,Assigned," 3391724210",Xerox,"Versalink C7020",340000,2019-05-11,"IOE Bangladesh Ltd.",DBO5000036,"DBO Site Common printer",MIS,LWR,DBO,DBO,"DBO side",,,,,,,,,,0,,,,,,
BD-04270,0,INV-GBPGL-2025-001805,,"Computer Accessories",Headset,Assigned,437330H120A2348,RAPOO,H120,1360,2025-04-24,"Global Brands Pvt Ltd.",SDL2000573,"Gamini Amarasinghe","Human Resource",LWR,SIL,SDL,gamarasinghe,,,,,,,,,,0,,,,,,
BD-04271,0,003,,Display,"VC Monitor",Assigned,0VKD389X900107,Samsung,UA65DU7700R,96000,2025-04-27,"Distributor Electronics",SIL0000454,"SIL Board Room",MIS,LWR,SIL,SDL,"Board Room",,,,,,,,,,0,,,,,,"Upstair_SIL_Board Room"
BD-04272,0,1,,UPS,UPS,Assigned,202403120176,NPS,"1200 VA",1,2025-05-25,"Numeric Technology",1,"Abdus Salam",CAD,SWR,SDL,SDL,absalam,,,,,,,,,,0,,,,,,
BD-04272,0,1,,UPS,UPS,Assigned,202403120176,NPS,"1200 VA",1,2025-05-25,"Numeric Technology",1,"Fazlay Rabby","Human Resource",LWR,SDL,SDL,frabby,,,,,,,,,,0,,,,,,
BD-04272,0,1,,UPS,UPS,Assigned,202403120247,NPS,"1200 VA",1,2025-05-25,"Numeric Technology",1,"Abdus Salam",CAD,SWR,SDL,SDL,absalam,,,,,,,,,,0,,,,,,
BD-04272,0,1,,UPS,UPS,Assigned,202403120247,NPS,"1200 VA",1,2025-05-25,"Numeric Technology",1,"Fazlay Rabby","Human Resource",LWR,SDL,SDL,frabby,,,,,,,,,,0,,,,,,
BD-04273,0,1,,UPS,UPS,Assigned,202403120247,NPS,"1200 VA",1,2025-05-25,"Numeric Technology",1,"Fazlay Rabby","Human Resource",LWR,SDL,SDL,frabby,,,,,,,,,,0,,,,,,
BD-04274,0,1,,UPS,,Assigned,202403120313,NPS,"1200 VA",1,2025-05-25,"Numeric Technology",1,"Hazera Keya","Human Resource",LWR,SDL,SDL,hkeya,,,,,,,,,,0,,,,,,
BD-04275,0,1,,UPS,UPS,Stock,202403120226,NPS,"1200 VA",1,2025-05-25,"Numeric Technology",1,,MIS,LWR,SDL,SDL,,,,,,,,,,,0,,,,,,
BD-04276,0,1,,UPS,,Stock,202403120175,NPS,"1200 VA",1,2025-05-25,"Numeric Technology",1,,MIS,LWR,SDL,SDL,,,,,,,,,,,0,,,,,,
BD-04278,0,INV-GBPGL-2025-001805,,"Computer Accessories",Headset,Assigned,437330H120A2365,RAPOO,H120,1386,2025-04-24,"Global Brands Pvt Ltd.",SDL2000573,"Rabiul Alam","Sampel Development",LWR,SWL,SDL,ralam,,,,,,,,,,0,,,,,,
BD-04279,0,INV-GBPGL-2025-001805,,"Computer Accessories",Headset,Assigned,437330H120A0875,RAPOO,H120,1386,2025-04-24,"Global Brands Pvt Ltd.",SDL2000573,"Abdur Fahad",Commercial,LWR,HO,SDL,afahad,,,,,,,,,,0,,,,,,
BD-04280,0,INV-GBPGL-2025-001805,,"Computer Accessories",Headset,Assigned,437330H120A2370,RAPOO,H120,1386,2025-04-24,"Global Brands Pvt Ltd.",SDL2000573,"New user",Finance,LWR,HO,SDL,,,,,,,,,,,0,,,,,,
BD-04281,0,INV-GBPGL-2025-002381,,Display,Monitor,Assigned,207NTRL02126,LG,22MP400,10890,2025-05-28,"Global Brands Pvt Ltd.",SWL6000120,"Ziaur Rahman","Marketing & Merchandising",LWR,DBO,DBO,zrahman,,,,,,,,,,0,,,,,,
BD-04282,0,INV-GBPGL-2025-002417,,Display,Monitor,Assigned,207NTMX02115,LG,22MP400,10890,2025-05-28,"Global Brands Pvt Ltd.",SDLD2000579,"Haider Ali",Procurement,LWR,DBO,DBO,hali,,,,,,,,,,0,,,,,,
BD-04283,0,INV-GBPGL-2025-002377,,"Computer Accessories",Headset,Assigned,437330H120A2366,RAPOO,H120,1386,2025-05-29,"Global Brands Pvt Ltd.",SIL0000458,"Shaifuddin Khaled","Building Mainentance",LWR,SIL,SDL,skhaled,,,,,,,,,,0,,,,,,
BD-04284,0,INV-GBPGL-2025-002377,,"Computer Accessories",Headset,Assigned,437330H120A1226,RAPOO,H120,1386,2025-05-29,"Global Brands Pvt Ltd.",SIL0000458,Mehedi.Hasan4,"Industrial Engineering",LWR,SIL,SDL,mehedhasan,,,,,,,,,,0,,,,,,
BD-04285,0,INV-GBPGL-2025-002415,,"Computer Accessories",Headset,Assigned,437330H120A2342,RAPOO,H120,1386,2025-05-21,"Global Brands Pvt Ltd.",DBO5000198,Mostafizur.Rahaman,Fabric,LWR,SIL,SDL,mosrahaman,,,,,,,,,,0,,,,,,
BD-04285,0,INV-GBPGL-2025-002415,,"Computer Accessories",Headset,Assigned,437330H120A2342,RAPOO,H120,1386,2025-05-21,"Global Brands Pvt Ltd.",DBO5000198,,MIS,LWR,SIL,SDL,,,,,,,,,,,0,,,,,,
BD-04285,0,INV-GBPGL-2025-002415,,"Computer Accessories",Headset,Assigned,437330H120A2342,RAPOO,H120,1386,2025-05-21,"Global Brands Pvt Ltd.",DBO5000198,,MIS,LWR,SIL,SDL,,,,,,,,,,,0,,,,,,
BD-04285,0,INV-GBPGL-2025-002415,,"Computer Accessories",Headset,Stock,437330H120A2364,RAPOO,H120,1386,2025-05-21,"Global Brands Pvt Ltd.",DBO5000198,Mostafizur.Rahaman,Fabric,LWR,SIL,SDL,mosrahaman,,,,,,,,,,0,,,,,,
BD-04285,0,INV-GBPGL-2025-002415,,"Computer Accessories",Headset,Stock,437330H120A2364,RAPOO,H120,1386,2025-05-21,"Global Brands Pvt Ltd.",DBO5000198,,MIS,LWR,SIL,SDL,,,,,,,,,,,0,,,,,,
BD-04285,0,INV-GBPGL-2025-002415,,"Computer Accessories",Headset,Stock,437330H120A2364,RAPOO,H120,1386,2025-05-21,"Global Brands Pvt Ltd.",DBO5000198,,MIS,LWR,SIL,SDL,,,,,,,,,,,0,,,,,,
BD-04285,0,INV-GBPGL-2025-002415,,"Computer Accessories",Headset,Stock,437330H120A2361,RAPOO,H120,1386,2025-05-21,"Global Brands Pvt Ltd.",DBO5000198,Mostafizur.Rahaman,Fabric,LWR,SIL,SDL,mosrahaman,,,,,,,,,,0,,,,,,
BD-04285,0,INV-GBPGL-2025-002415,,"Computer Accessories",Headset,Stock,437330H120A2361,RAPOO,H120,1386,2025-05-21,"Global Brands Pvt Ltd.",DBO5000198,,MIS,LWR,SIL,SDL,,,,,,,,,,,0,,,,,,
BD-04285,0,INV-GBPGL-2025-002415,,"Computer Accessories",Headset,Stock,437330H120A2361,RAPOO,H120,1386,2025-05-21,"Global Brands Pvt Ltd.",DBO5000198,,MIS,LWR,SIL,SDL,,,,,,,,,,,0,,,,,,
BD-04288,0,1,,Scanner,Scanner,Assigned,5K7DC7002932,Plushtek,"SmartOffice PN30U",38686,2025-05-31,"Ryans IT Ltd",SDL2000582,"Mozibur Rahman",Commercial,LWR,HO,DBO,mozrahman,,,,,,,,,,0,,,,,,
BD-04289,0,INV-GBPGL-2025-002415,,"Computer Accessories",Headset,Assigned,437330H120A2364,RAPOO,H120,1386,2025-05-21,"Global Brands Pvt Ltd.",DBO5000198,"Jahidul Hoque","Finance & Acounts",LWR,HO,DBO,jhoque,,,,,,,,,,0,,,,,,
BD-04290,0,INV-GBPGL-2025-002415,,"Computer Accessories",Headset,Assigned,437330H120A2349,RAPOO,H120,1386,2025-05-28,"Global Brands Pvt Ltd.",DBO5000198,"Mohmodul Hasan",PCC,LWR,SDL,SDL,mahmhasan,,,,,,,,,,0,,,,,,
BD-04291,0,0,,Display,Monitor,Assigned,207NTTQ02905,LG,22MP400,10890,2025-06-16,"Global Brands Pvt Ltd.",SIL0000438,,MIS,LWR,SDL,SDL,,,,,,,,,,,0,,,,,,
BD-04292,0,INV-GBPGL-2022-002417,,Display,Monitor,Assigned,207NTFA02123,LG,22MP400,10890,2025-05-21,"Global Brands Pvt Ltd.",SDL2000579,"Kazi Humayun",Commercial,LWR,SDL,SDL,khumayun,,,,,,,,,,0,,,,,,
BD-04293,0,1,10.140.8.111,Finger,"Time and Attendance",Assigned,7155916,Fingertec,TA-100C,36000,2025-06-21,"General Automation",1,,MIS,LWR,SDL,SDL,,,,,,,,,,,0,,,,,,
BD-04294,0,1,10.140.8.112,Finger,"Time and Attendance",Assigned,7156028,Fingertec,TA-100C,36000,2025-06-21,"General Automation",1,,MIS,LWR,SDL,SDL,,,,,,,,,,,0,,,,,,
BD-04295,0,1,10.140.8.113,Finger,"Time and Attendance",Stock,7155913,Fingertec,TA-100C,36000,2025-06-21,"General Automation",1,,MIS,LWR,SDL,SDL,,,,,,,,,,,0,,,,,,
BD-04296,0,1,10.140.8.114,Finger,"Time and Attendance",Stock,7156029,Fingertec,TA-100C,36000,2025-06-21,"General Automation",1,,MIS,LWR,SDL,SDL,,,,,,,,,,,0,,,,,,
BD-04297,0,1,10.140.8.115,Finger,"Time and Attendance",Stock,7156041,Fingertec,TA-100C,36000,2025-06-21,"General Automation",1,,MIS,LWR,SDL,SDL,,,,,,,,,,,0,,,,,,
BD-04298,0,1,10.139.8.3,Finger,"Time and Attendance",Assigned,7156043,Fingertec,TA-100C,36000,2025-06-21,"General Automation",1,"DBO  Site","Human Resource",LWR,HO,"Shanta Denim Limited",,,,,,,,,,,0,,,,,,
BD-04299,0,1,10.140.8.117,Finger,"Time and Attendance",Stock,7156045,Fingertec,TA-100C,36000,2025-06-21,"General Automation",1,,MIS,LWR,SDL,SDL,,,,,,,,,,,0,,,,,,
BD-04300,0,1,10.140.8.118,Finger,"Time and Attendance",Stock,7155915,Fingertec,TA-100C,36000,2025-06-21,"General Automation",1,,MIS,LWR,SDL,SDL,,,,,,,,,,,0,,,,,,
BD-04301,0,INV-2025-002377,,"Computer Accessories",Headset,Assigned,437330H120A2359,RAPOO,H120,1386,2025-05-21,"Global Brands Pvt Ltd.",SIL0000458,"Quazi Akhtaruzzaman",Commercial,LWR,SDL,SDL,qahktaruzzaman,,,,,,,,,,0,,,,,,
BD-04302,0,1,SDLL413,Computer,Laptop,Assigned,111111111111111111111,Toshiba,"Tecra Z40-A-18R",30000,2025-06-29,"From UK IT",1,"Jasim Uddin",Production,LWR,SDL,SDL,jauddin,,,,,,,,,,0,,,,,,
BD-04302,0,1,SDLL413,Computer,Laptop,Assigned,111111111111111111111,Toshiba,"Tecra Z40-A-18R",30000,2025-06-29,"From UK IT",1,"Jasim Uddin",Production,LWR,SDL,SDL,jauddin,,,,,,,,,,0,,,,,,
BD-04304,0,1,10.140.21.138,CCTV,"CCTV Camera",Assigned,AE01FBCPAG96557,Dahua,PC-HFW1230TL2-S5,1,2025-06-29,"One Stop Service & Solution",1,,MIS,LWR,SIL,SDL,,,,,,,,,,,0,,,,,,
BD-04305,0,INV-2025-002377,,"Computer Accessories",Headset,Assigned,437330H120A1225,RAPOO,H120,1386,2025-05-21,"Global Brands Pvt Ltd.",SIL0000458,"Boni Amin","Accounts & Finance",LWR,SIL,SDL,,,,,,,,,,,0,,,,,,"Filled up with the help of previous headphone entry."
BD-04306,0,INV-2025-002377,,Display,Monitor,Assigned,207NTWG02121,LG,22MP400,10890,2025-05-21,"Global Brands Pvt Ltd.",SIL0000458,"Masudur Rahman",Cutting,LWR,SDL,SDL,masrahman,,,,,,,,,,0,,,,,,
BD-04307,0,INV-2025-002377,,Display,,Assigned,207NTUW01926,LG,22MP400,10890,2025-05-20,"Global Brands Pvt Ltd.",SDL2000573,"Rasel Mia","Industrial Engineering",LWR,SDL,SDL,rmia,,,,,,,,,,0,,,,,,
BD-04308,0,INV-GBPGL-2025-003159,,"Computer Accessories",Headset,Assigned,437330H120A20A1251,RAPOO,H120,1390,2025-07-10,"Global Brands Pvt Ltd.",SIL0000465,Al-Amin2,"Marketing & Merchandising",LWR,SIL,SDL,alamin,,,,,,,,,,0,,,,,,
BD-04308,0,INV-GBPGL-2025-003159,,"Computer Accessories",Headset,Assigned,437330H120A20A1251,RAPOO,H120,1390,2025-07-10,"Global Brands Pvt Ltd.",SIL0000465,Al-Amin2,"Marketing & Merchandising",LWR,SIL,SDL,alamin,,,,,,,,,,0,,,,,,
BD-04308,0,INV-GBPGL-2025-003159,,"Computer Accessories",Headset,Assigned,437330H120A20A1251,RAPOO,H120,1390,2025-07-10,"Global Brands Pvt Ltd.",SIL0000465,Al-Amin2,"Marketing & Merchandising",LWR,SIL,SDL,alamin,,,,,,,,,,0,,,,,,
BD-04308,0,INV-GBPGL-2025-003159,,"Computer Accessories",Headset,Assigned,437330H120A20A1251,RAPOO,H120,1390,2025-07-10,"Global Brands Pvt Ltd.",SIL0000465,Al-Amin2,"Marketing & Merchandising",LWR,SIL,SDL,alamin,,,,,,,,,,0,,,,,,
BD-04309,0,INV-GBPGL-2025-003159,,"Computer Accessories",Headset,Assigned,437330H120A20A1227,RAPOO,H120,1390,2025-07-10,"Global Brands Pvt Ltd.",SIL0000465,"Ajoy Ghosh Shosti","Marketing & Merchandising",LWR,SIL,SDL,aghosh,,,,,,,,,,0,,,,,,
BD-04310,0,INV-GBPGL-2025-003159,,"Computer Accessories",Headset,Assigned,437330H120A20A1230,RAPOO,H120,1390,2025-07-10,"Global Brands Pvt Ltd.",SIL0000465,"Rana, Jewel",Fabric,LWR,SIL,SDL,jerana,,,,,,,,,,0,,,,,,
BD-04312,0,INV-GBPGL-2025-003159,,"Computer Accessories",Headset,Assigned,437330H120A1205,RAPOO,H120,1390,2025-07-16,"Global Brands Pvt Ltd.",SIL0000465,Rakib.Hossain,MIS,LWR,SIL,SDL,rakhossain,,,,,,,,,,0,,,,,,
BD-04313,0,1,,UPS,UPS,Assigned,KCS25051214012,NPS,NP2120,1,2025-07-21,"Numeric Technology",1,Selim.Reza3,"Industrial Engineering",LWR,SDL,SDL,selreza,,,,,,,,,,0,,,,,,
BD-04314,0,INV-GBPGL-2025-003156,SDLD636,Computer,Desktop,Assigned,T2M0KC06975849Z,Clone,"ASUS PRIME H610M-D D4",45000,2025-07-24,"Global Brands Pvt Ltd.",SDL2000571,"Siddiqur Rahman",Sample,LWR,SDL,SDL,sidrahman,,,"Intel Core i3 12100",,256,,8192,,,45000,"Win 11 Pro",2025-07-24,,"Slmgr.vbs /ipk BD9DX-4RN8Y-KJR23-Y8RWC-JB49M","Slmgr.vbs /ipk BD9DX-4RN8Y-KJR23-Y8RWC-JB49M","Slmgrvbs ipk BD9DX4RN8YKJR23Y8RWCJB49M"
BD-04314,0,INV-GBPGL-2025-003156,SDLD636,Computer,Desktop,Assigned,T2M0KC06975849Z,Clone,"ASUS PRIME H610M-D D4",45000,2025-07-24,"Global Brands Pvt Ltd.",SDL2000571,"Siddiqur Rahman",Sample,LWR,SDL,SDL,sidrahman,,,"Intel Core i3 12100",,256,,8192,,,45000,"Win 11 Pro",2025-07-24,,"Slmgr.vbs /ipk BD9DX-4RN8Y-KJR23-Y8RWC-JB49M","Slmgr.vbs /ipk BD9DX-4RN8Y-KJR23-Y8RWC-JB49M","Slmgrvbs ipk BD9DX4RN8YKJR23Y8RWCJB49M"
BD-04315,0,0,,Computer,Desktop,Assigned,207NTFA01859,LG,22MP400,10890,2025-07-24,"Global Brands Pvt Ltd.",1,Ariful.Islam2,CAD,LWR,SIL,SDL,arislam,,,,,,,,,,0,,,,,,
BD-04317,0,25070131,,UPS,UPS,Assigned,KCS25051214013,NPS,NP2120,19365,2025-07-13,"Numeric Technology",SDL2800020,"Saravanan Jayaraman",MIS,LWR,SIL,SDL,sjayaraman,,,,,,,,,,0,,,,,,"Assigned by TRQ"
BD-04318,0,ASTINV2025001843,SDLL416B,Computer,Laptop,Assigned,5CG45035CW,HP,"240 G10",78469,2025-07-27,"ASES Tech",SIL0000462,"Temp. assgin to Saahira Jaliel",MIS,LWR,SDL,SDL,,B39QXAT,"HP 240 G10",I5-1335U,,512,,16384,"Bluetooth, WiFi",,78469,"11 PRO",,,,,"By trq"
BD-04319,0,INV-OSTHO-2025001664,,Display,"VC Monitor",Assigned,SN2400203043537,UGREEN,"UGREEN CM737",8631,2025-07-28,"One Stop Service & Solution",SDL2000589,,MIS,SWR,SDL,SDL,,,,,,,,,,,0,,,,,,"by trq with help of mollah"
BD-04320,0,ASTINV2025001843,DBOD053,Computer,Desktop,Assigned,4CE509CH4V,HP,"HP 290 G9 PRO",78469,2025-07-27,"ASES Tech",SDL28000017,"Amal Paul",Finance,LWR,HO,SDL,apaul,B39QXAT,"HP 240 G10",I5-1335U,,512,,16384,,,78469,"Win 11 Pro",2025-08-02,,"WIN 11 Pro",NWVDR-PTQQ3-TWXTG-K4TXW-33XCT,"BY TRQ"
BD-04321,0,ASTINV2025001843,,Computer,Desktop,Stock,4CE509CHJD,HP,"HP 290 G9 PRO",78469,2025-07-27,"ASES Tech",SDL28000017,,MIS,LWR,SDL,SDL,,B39QXAT,"HP 240 G10",I5-1335U,,512,,16384,,,78469,,,,,,"BY TRQ"
BD-04322,0,ASTINV2025001843,,Computer,Desktop,Stock,4CE509CJ9X,HP,"HP 290 G9 PRO",78469,2025-07-27,"ASES Tech",SDL28000017,,MIS,LWR,SDL,SDL,,B39QXAT,"HP 240 G10",I5-1335U,,512,,16384,,,78469,,,,,,"BY TRQ"
BD-04323,0,ASTINV2025001843,SDLD641,Computer,Desktop,Assigned,4CE509CJD1,HP,"HP 290 G9 PRO",78469,2025-07-27,"ASES Tech",SDL28000017,"Jakaria Khondokar",CAD,LWR,SDL,SDL,jkhondokar,B39QXAT,"HP 240 G10",I5-1335U,,512,,16384,,,78469,"WIN 11 Pro",2025-11-24,,"Win 11 Pro",CXPNX-J8TPF-BYY2F-CCYTR-2KC2T,"BY TRQ"
BD-04324,0,ASTINV2025001843,,Computer,Desktop,Stock,4CE509CJHM,HP,"HP 290 G9 PRO",78469,2025-07-27,"ASES Tech",SDL28000017,,MIS,LWR,SDL,SDL,,B39QXAT,"HP 240 G10",I5-1335U,,512,,16384,,,78469,,,,,,"BY TRQ"
BD-04325,0,ASTINV2025001843,,Display,Monitor,Assigned,CNK44815QG,HP,"HP V22VG5",1,2025-07-25,"ASES Tech",SDL28000017,"Tanjila Akter",Finance,LWR,SDL,SDL,taakter,,,,,,,,,,0,,,,,,"BY TRQ"
BD-04326,0,ASTINV2025001843,,Display,Monitor,Stock,CNK4490PN4,HP,"HP V22VG5",1,2025-07-25,"ASES Tech",SDL28000017,,MIS,LWR,SDL,SDL,,,,,,,,,,,0,,,,,,"BY TRQ"
BD-04327,0,ASTINV2025001843,,Display,Monitor,Assigned,CNK4490Q0N,HP,"HP V22VG5",1,2025-07-25,"ASES Tech",SDL28000017,"Abu Qaiyum",Maintenance,LWR,SDL,SDL,aqaiyum,,,,,,,,,,0,,,,,,"BY TRQ"
BD-04328,0,ASTINV2025001843,,Display,Monitor,Stock,CNK451111P,HP,"HP V22VG5",1,2025-07-25,"ASES Tech",SDL28000017,,MIS,LWR,SDL,SDL,,,,,,,,,,,0,,,,,,"BY TRQ"
BD-04329,0,ASTINV2025001843,,Display,Monitor,Stock,CNK452000M,HP,"HP V22VG5",1,2025-07-25,"ASES Tech",SDL28000017,,MIS,LWR,SDL,SDL,,,,,,,,,,,0,,,,,,"BY TRQ"
BD-04330,0,ASTINV2025001843,,Computer,Desktop,Stock,4CE509CH9J,HP,"HP 290 G9 PRO",68675,2025-07-25,"ASES Tech",SIL0000462,,MIS,LWR,SIL,SDL,,,,,,,,,,,0,,,,,,"BY TRQ"
BD-04331,0,ASTINV2025001843,,Computer,,Stock,4CE509CH9J,HP,"HP 290 G9 PRO",68675,2025-07-25,"ASES Tech",SIL0000462,,MIS,LWR,SIL,SDL,,,"HP 290 G9 PRO",i5-12400,,512,,,,,68675,,,,,,"BY TRQ"
BD-04332,0,ASTINV2025001843,,Computer,Desktop,Stock,4CE509CJ7Y,HP,"HP 290 G9 PRO",68675,2025-07-27,"ASES Tech",SDL2000584,,MIS,LWR,SDL,SDL,,,,i5-12400,,512,,,,,68675,,,,,,"BY TRQ"
BD-04333,0,ASTINV2025001843,SDLD640,Computer,Desktop,Assigned,4CE509CJBF,HP,"HP 290 G9 PRO",68675,2025-07-27,"ASES Tech",SDL2000584,Romis.Uddin,Design,LWR,SDL,SDL,ruddin,,,i5-12400,,512,,,,,68675,,,,,,"BY TRQ"
BD-04334,0,ASTINV2025001843,,Display,Monitor,Stock,CNK44815P5,HP,"HP V22V G5",1,2025-07-27,"ASES Tech",SDL2000584,,MIS,LWR,SDL,SDL,,,,,,,,,,,0,,,,,,"BY TRQ"
BD-04335,0,ASTINV2025001843,,Display,Monitor,Stock,CNK44815PP,HP,"HP V22V G5",1,2025-07-27,"ASES Tech",SDL2000584,,MIS,LWR,SDL,SDL,,,,,,,,,,,0,,,,,,"BY TRQ"
BD-04336,0,INV-GBPGL-2025-003159,,Display,Monitor,Assigned,207NTYT01866,LG,22MP400-B,10890,2025-07-10,"Global Brands Pvt Ltd.",SIL0000465,"Yeasmin Sabina",Merchandising,LWR,SIL,SDL,syeasmin,,,,,,,,,,0,,,,,,"BY TRQ"
BD-04337,0,INV-GBPGL-2025-003159,,Display,Monitor,Assigned,207NTCZ02923,LG,22MP400-B,10890,2025-07-10,"Global Brands Pvt Ltd.",SIL0000465,"Yeasmin Sabina",Merchandising,LWR,SIL,SDL,syeasmin,,,,,,,,,,0,,,,,,"BY TRQ"
BD-04338,0,INV-GBPGL-2025-003159,,"Computer Accessories",Headset,Assigned,437330H120A1234,RAPOO,H120,1390,2025-07-16,"Global Brands Pvt Ltd.",SIL0000465,"Hossain, Shahin",Merchandising,LWR,DBO,DBO,shahhossain,,,,,,,,,,0,,,,,,
BD-04339,0,INV-GBPGL-2025-003159,,"Computer Accessories",Headset,Assigned,437330H120A1228,RAPOO,H120,1390,2025-07-10,"Global Brands Pvt Ltd.",SIL0000465,Ahmed.Eshtiaq,"Marketing & Merchandising",LWR,SIL,"Shanta Denim Limited",aeshtiaq,,,,,,,,,,0,,,,,,
BD-04340,0,1359,,Printer,"Barcode Printer",Stock,34J224001134,Zebra,ZT-510,193000,2024-06-05,"Robust International Limited",SDL2403,,MIS,LWR,SDL,SDL,,,,,,,,,,,0,,,,,,"By trq"
BD-04340,0,1359,,Printer,"Barcode Printer",Stock,34J224001134,Zebra,ZT-510,193000,2024-06-05,"Robust International Limited",SDL2403,,MIS,LWR,SDL,SDL,,,,,,,,,,,0,,,,,,"By trq"
BD-04340,0,1359,,Printer,"Barcode Printer",Stock,34J224001134,Zebra,ZT-510,193000,2024-06-05,"Robust International Limited",SDL2403,,MIS,LWR,SDL,SDL,,,,,,,,,,,0,,,,,,"By trq"
BD-04340,0,1359,,Printer,"Barcode Printer",Stock,34J224001134,Zebra,ZT-510,193000,2024-06-05,"Robust International Limited",SDL2403,,MIS,LWR,SDL,SDL,,,,,,,,,,,0,,,,,,"By trq"
BD-04340,0,1359,,Printer,"Barcode Printer",Stock,34J224001133,Zebra,ZT-510,193000,2024-06-05,"Robust International Limited",SDL2403,,MIS,LWR,SDL,SDL,,,,,,,,,,,0,,,,,,"By trq"
BD-04340,0,1359,,Printer,"Barcode Printer",Stock,34J224001133,Zebra,ZT-510,193000,2024-06-05,"Robust International Limited",SDL2403,,MIS,LWR,SDL,SDL,,,,,,,,,,,0,,,,,,"By trq"
BD-04340,0,1359,,Printer,"Barcode Printer",Stock,34J224001133,Zebra,ZT-510,193000,2024-06-05,"Robust International Limited",SDL2403,,MIS,LWR,SDL,SDL,,,,,,,,,,,0,,,,,,"By trq"
BD-04340,0,1359,,Printer,"Barcode Printer",Stock,34J224001133,Zebra,ZT-510,193000,2024-06-05,"Robust International Limited",SDL2403,,MIS,LWR,SDL,SDL,,,,,,,,,,,0,,,,,,"By trq"
BD-04340,0,1359,,Printer,"Barcode Printer",Stock,34J223100761,Zebra,ZT-510,193000,2024-06-05,"Robust International Limited",SDL2403,,MIS,LWR,SDL,SDL,,,,,,,,,,,0,,,,,,"By trq"
BD-04340,0,1359,,Printer,"Barcode Printer",Stock,34J223100761,Zebra,ZT-510,193000,2024-06-05,"Robust International Limited",SDL2403,,MIS,LWR,SDL,SDL,,,,,,,,,,,0,,,,,,"By trq"
BD-04340,0,1359,,Printer,"Barcode Printer",Stock,34J223100761,Zebra,ZT-510,193000,2024-06-05,"Robust International Limited",SDL2403,,MIS,LWR,SDL,SDL,,,,,,,,,,,0,,,,,,"By trq"
BD-04340,0,1359,,Printer,"Barcode Printer",Stock,34J223100761,Zebra,ZT-510,193000,2024-06-05,"Robust International Limited",SDL2403,,MIS,LWR,SDL,SDL,,,,,,,,,,,0,,,,,,"By trq"
BD-04340,0,1359,,Printer,"Barcode Printer",Stock,34J233900815,Zebra,ZT-510,193000,2024-06-05,"Robust International Limited",SDL2403,,MIS,LWR,SDL,SDL,,,,,,,,,,,0,,,,,,"By trq"
BD-04340,0,1359,,Printer,"Barcode Printer",Stock,34J233900815,Zebra,ZT-510,193000,2024-06-05,"Robust International Limited",SDL2403,,MIS,LWR,SDL,SDL,,,,,,,,,,,0,,,,,,"By trq"
BD-04340,0,1359,,Printer,"Barcode Printer",Stock,34J233900815,Zebra,ZT-510,193000,2024-06-05,"Robust International Limited",SDL2403,,MIS,LWR,SDL,SDL,,,,,,,,,,,0,,,,,,"By trq"
BD-04340,0,1359,,Printer,"Barcode Printer",Stock,34J233900815,Zebra,ZT-510,193000,2024-06-05,"Robust International Limited",SDL2403,,MIS,LWR,SDL,SDL,,,,,,,,,,,0,,,,,,"By trq"
BD-04344,0,1359,,Printer,"Barcode Printer",Stock,34J224001133,Zebra,ZT-510,193000,2024-06-05,"Robust International Limited",SDL2403,,MIS,LWR,SDL,SDL,,,,,,,,,,,0,,,,,,
BD-04345,0,1359,,Printer,"Barcode Printer",Stock,34J223100761,Zebra,ZT-510,193000,2024-06-05,"Robust International Limited",SDL2403,,MIS,LWR,SDL,SDL,,,,,,,,,,,0,,,,,,
BD-04346,0,INV-GBPGL-2025-003159,,"Computer Accessories",Headset,Assigned,437330H120A1249,Rapoo,H120,1390,2025-07-10,"Global Brands Pvt Ltd.",SIL0000465,Lakshan.Bellana,Operation,LWR,SDL,SDL,lbellana,,,,,,,,,,0,,,,,,
BD-04347,0,0,,Display,Monitor,Assigned,207NTCZ02923,LG,22MP400,12735,2025-08-20,"Global Brands Pvt Ltd.",SDL2000563,"Bellana, Lakshan",Operattions,LWR,SIL,SDL,lbellana,,,,,,,,,,0,,,,,,
BD-04348,0,1,"Security Appliance",Network,Firewall,Assigned,"PN: 600-35010",CISCO,MX84-HW,1,2023-01-01,"From UK IT",1,,MIS,LWR,SDL,SDL,,,,,,,,,,,0,,,,,,"MSIP-REM-TNY
MX84-HW"
BD-04349,0,0,,Audio,Speaker,Assigned,00402869578,Jabra,PHS002W,16170,2025-08-24,"One Stop Service & Solution",SDL2000590,"Mohammad Shahinuzzaman",Production,LWR,SDL,SDL,mshahinuzzaman,,,,,,,,,,0,,,,,,
BD-04350,0,INV-OSTHO-2025-002062,UPS,Scanner,Scanner,Stock,XC25021715,EPSON,"V39 II",9609,2025-08-20,"One Stop Service & Solution",SDL2000590,,Lab,LWR,SDL,SDL,,,,,,,,,,,0,,,,,,"by TRQ"
BD-04351,0,INV-GBPGL-2025-004036,,"Computer Accessories",Headset,Stock,437330H120A1236,Rapoo,H120,1386,2025-08-23,"Global Brands Pvt Ltd.",SIL0000461,,MIS,LWR,SIL,SDL,,,,,,,,,,,0,,,,,,"by TRQ"
BD-04352,0,INV-GBPGL-2025-004036,,"Computer Accessories",Headset,Stock,519330H120A0595,Rapoo,H120,1386,2025-08-23,"Global Brands Pvt Ltd.",SIL0000461,,MIS,LWR,SIL,SDL,,,,,,,,,,,0,,,,,,"by TRQ"
BD-04352,0,INV-GBPGL-2025-004036,,"Computer Accessories",Headset,Stock,519330H120A0595,Rapoo,H120,1386,2025-08-23,"Global Brands Pvt Ltd.",SIL0000461,,MIS,LWR,SIL,SDL,,,,,,,,,,,0,,,,,,"by TRQ"
BD-04353,0,INV-GBPGL-2025-004036,,"Computer Accessories",Headset,Stock,519330H120A0597,Rapoo,H120,1386,2025-08-23,"Global Brands Pvt Ltd.",SIL0000461,"Nasir Hossain",MIS,LWR,SIL,SDL,nashossain,,,,,,,,,,0,,,,,,"by TRQ"
BD-04354,0,INV-GBPGL-2025-004045,,"Computer Accessories",Headset,Assigned,437330H120A1243,Rapoo,H120,1386,2025-08-23,"Global Brands Pvt Ltd.",SIL0000469,Acktura.Jaman,"Industrial Engineering",LWR,SIL,SDL,ajaman,,,,,,,,,,0,,,,,,"by TRQ"
BD-04355,0,INV-GBPGL-2025-004045,,"Computer Accessories",Headset,Assigned,519330H120A0547,Rapoo,H120,1386,2025-08-23,"Global Brands Pvt Ltd.",SIL0000469,"Sumit Dewan",Sample,LWR,SIL,SDL,sdewan,,,,,,,,,,0,,,,,,"by TRQ"
BD-04356,0,INV-GBPGL-2025-004045,,"Computer Accessories",Headset,Stock,437330H120A1247,Rapoo,H120,1386,2025-08-23,"Global Brands Pvt Ltd.",SIL0000469,"Shamim Almamun",MIS,LWR,SIL,SDL,salmamun,,,,,,,,,,0,,,,,,"by TRQ"
BD-04357,0,INV-GBPGL-2025-004045,,"Computer Accessories",Headset,Assigned,437330H120A1258,Rapoo,H120,1386,2025-08-23,"Global Brands Pvt Ltd.",SIL0000469,Nazrul.Islam6,Sample,LWR,SIL,SDL,nazruiislam,,,,,,,,,,0,,,,,,"by TRQ"
BD-04358,0,INV-GBPGL-2025-004045,,"Computer Accessories",Headset,Assigned,437330H120A1241,Rapoo,H120,1386,2025-08-23,"Global Brands Pvt Ltd.",SIL0000469,"Kamal Hossen",Sample,LWR,SIL,SDL,khossen,,,,,,,,,,0,,,,,,"by TRQ"
BD-04359,0,INV-GBPGL-2025-004045,,"Computer Accessories",Headset,Assigned,437330H120A1239,Rapoo,H120,1386,2025-08-23,"Global Brands Pvt Ltd.",SIL0000469,"Ahmed, Tanin",Fabric,LWR,SIL,SDL,tanahmed,,,,,,,,,,0,,,,,,"by TRQ"
BD-04361,0,INV-GBPGL-2025-004145,,Display,Monitor,Assigned,302NTYT7N994,LG,"LG 22MK430H",12735,2025-08-26,"Global Brands Pvt Ltd.",SDL2000478,"Alam Hossain",Prodcution,LWR,SDL,SDL,alhossain,,,,,,,,,,0,,,,,,
BD-04362,0,INV-GBPGL-2025-004145,,Display,Monitor,Assigned,302NTMX7N907,LG,"LG 22MK430H",12735,2025-08-26,"Global Brands Pvt Ltd.",SDL2000580,"Rokib Hossan","Industrial Engineering",SWR,SDL,SDL,rhossan,,,,,,,,,,0,,,,,,"Assigned on 21092025"
BD-04363,0,INV-OSTHO-2025-002077,,UPS,UPS,Assigned,250521040666,"POWER GUARD",ECO-1825,2310,2025-08-21,"One Stop Service & Solution",SDL28000020,"Female Locker Area 4",MIS,LWR,SDL,SDL,Device-89,,,,,,,,,,0,,,,,,"by trq"
BD-04363,0,INV-OSTHO-2025-002077,,UPS,UPS,Assigned,250521040666,"POWER GUARD",ECO-1825,2310,2025-08-21,"One Stop Service & Solution",SDL28000020,"Female Locker Area 4",MIS,LWR,SDL,SDL,Device-89,,,,,,,,,,0,,,,,,"by trq"
BD-04364,0,INV-OSTHO-2025-002077,,UPS,UPS,Stock,250521041679,"POWER GUARD",ECO-1825,2310,2025-08-21,"One Stop Service & Solution",SDL28000020,,MIS,LWR,SDL,SDL,,,,,,,,,,,0,,,,,,"by trq"
BD-04365,0,INV-OSTHO-2025-002077,,UPS,UPS,Stock,250521041672,"POWER GUARD",ECO-1825,2310,2025-08-21,"One Stop Service & Solution",SDL28000020,,MIS,LWR,SDL,SDL,,,,,,,,,,,0,,,,,,"by trq"
BD-04366,0,INV-OSTHO-2025-002078,,UPS,UPS,Stock,250521041676,"POWER GUARD",ECO-1825,2310,2025-08-21,"One Stop Service & Solution",SIL0000467,,MIS,LWR,SDL,SDL,,,,,,,,,,,0,,,,,,"by trq"
BD-04367,0,INV-OSTHO-2025-002077,,UPS,UPS,Stock,250521041677,"POWER GUARD",ECO-1825,2310,2025-08-21,"One Stop Service & Solution",SDL28000020,,MIS,LWR,SDL,SDL,,,,,,,,,,,0,,,,,,"by trq"
BD-04368,0,INV-OSTHO-2025-002077,,UPS,UPS,Stock,250521041671,"POWER GUARD",ECO-1825,2310,2025-08-21,"One Stop Service & Solution",SDL28000020,,MIS,LWR,SDL,SDL,,,,,,,,,,,0,,,,,,"by trq"
BD-04369,0,INV-OSTHO-2025-002076,,UPS,UPS,Stock,250521041675,"POWER GUARD",ECO-1825,2310,2025-08-21,"One Stop Service & Solution",SIL0000470,,MIS,LWR,SIL,SDL,,,,,,,,,,,0,,,,,,
BD-04370,0,INV-OSTHO-2025-002076,,UPS,UPS,Stock,250521041670,"POWER GUARD",ECO-1825,2310,2025-08-21,"One Stop Service & Solution",SIL0000470,,MIS,LWR,SIL,SDL,,,,,,,,,,,0,,,,,,"BY TRQ"
BD-04371,0,INV-OSTHO-2025-002076,,UPS,UPS,Stock,250521041669,"POWER GUARD",ECO-1825,2310,2025-08-21,"One Stop Service & Solution",SIL0000470,,MIS,LWR,SIL,SDL,,,,,,,,,,,0,,,,,,"BY TRQ"
BD-04372,0,INV-OSTHO-2025-002078,,UPS,,Assigned,250521041666,"POWER GUARD",ECO-1825,2310,2025-08-21,"One Stop Service & Solution",SIL0000467,"Female Locker Area 7",MIS,LWR,SIL,SDL,Device-86,,,,,,,,,,0,,,,,,"BY TRQ"
BD-04373,0,INV-OSTHO-2025-002078,,UPS,,Stock,250521041674,"POWER GUARD",ECO-1825,2310,2025-08-21,"One Stop Service & Solution",SIL0000467,,MIS,LWR,SIL,SDL,,,,,,,,,,,0,,,,,,"BY TRQ"
BD-04374,0,INV-OSTHO-2025-002078,,UPS,,Stock,250521041680,"POWER GUARD",ECO-1825,2310,2025-08-21,"One Stop Service & Solution",SIL0000467,,MIS,LWR,SIL,SDL,,,,,,,,,,,0,,,,,,"BY TRQ"
BD-04376,0,INV-OSTHO-2025-002195,,UPS,UPS,Assigned,250521040661,"Power Guard",ECO-1825,2310,2025-08-29,"One Stop Service & Solution",SIL0000476,"Finishing Area ",MIS,LWR,SIL,SDL,,,,,,,,,,,0,,,,,,
BD-04377,0,INV-OSTHO-2025-002195,,UPS,UPS,Assigned,250521040663,"Power Guard",ECO-1825,2310,2025-08-29,"One Stop Service & Solution",SIL0000476,"SIL PA System",MIS,LWR,SIL,SDL,"PA system",,,,,,,,,,0,,,,,,
BD-04378,0,INV-OSTHO-2025-002195,,UPS,UPS,Assigned,250521040664,"Power Guard",ECO-1825,2310,2025-08-29,"One Stop Service & Solution",SIL0000476,"Female Locker Area 5",MIS,LWR,SIL,SDL,Device-87,,,,,,,,,,0,,,,,,
BD-04379,0,INV-OSTHO-2025-002195,,UPS,UPS,Stock,250521040665,"Power Guard",ECO-1825,2310,2025-08-29,"One Stop Service & Solution",SIL0000476,,MIS,LWR,SIL,SDL,,,,,,,,,,,0,,,,,,
BD-04380,0,INV-OSTHO-2025-002195,,UPS,UPS,Assigned,250521040666,"Power Guard",ECO-1825,2310,2025-08-29,"One Stop Service & Solution",SIL0000476,"Female Locker Area 8",MIS,LWR,SIL,SDL,Device-60,,,,,,,,,,0,,,,,,
BD-04381,0,INV-OSTHO-2025-002076,,UPS,UPS,Assigned,240803080305,"Power Guard",ECO-1825,2310,2025-08-29,"One Stop Service & Solution",SIL0000470,"SIL Sample Area",MIS,LWR,SIL,SDL,Device-90,,,,,,,,,,0,,,,,,
BD-04382,0,0,,UPS,UPS,Assigned,202503210268,NPS,1200VA,7810,2025-09-11,"Numeric Technology",SIL00000478,"Rony Mia","Industrial Engineering",LWR,SIL,SDL,rmia,,,,,,,,,,0,,,,,,
BD-04382,0,0,,UPS,UPS,Assigned,202503210268,NPS,1200VA,7810,2025-09-11,"Numeric Technology",SIL00000478,,MIS,LWR,SIL,SDL,,,,,,,,,,,0,,,,,,
BD-04382,0,0,,UPS,UPS,Stock,20250621A12M0035,NPS,1200VA,7810,2025-09-11,"Numeric Technology",SIL00000478,"Rony Mia","Industrial Engineering",LWR,SIL,SDL,rmia,,,,,,,,,,0,,,,,,
BD-04382,0,0,,UPS,UPS,Stock,20250621A12M0035,NPS,1200VA,7810,2025-09-11,"Numeric Technology",SIL00000478,,MIS,LWR,SIL,SDL,,,,,,,,,,,0,,,,,,
BD-04383,0,0,,UPS,UPS,Assigned,20250621A12M0035,NPS,1200VA,7810,2025-09-11,"Numeric Technology",SIL00000478,"SIL Server Room",MIS,LWR,SIL,SDL,"SIL Server Room ",,,,,,,,,,0,,,,,,
BD-04384,0,0,,UPS,UPS,Stock,20250621A12M0033,NPS,1200VA,7810,2025-09-11,"Numeric Technology",SIL00000478,"Saiful Islam3","Industrial Engineering",LWR,SIL,SDL,saifislam,,,,,,,,,,0,,,,,,
BD-04385,0,0,,UPS,UPS,Service,20250621A12M0010,NPS,1200VA,7810,2025-09-11,"Numeric Technology",SIL00000478,"Saiful Islam3","Industrial Engineering",LWR,SIL,SDL,"Saiful Islam3",,,,,,,,,,0,,,,,,"Already Send to NPSNow in DBO"
BD-04387,0,ASTINV2025000668,SDLL415,Computer,Laptop,Assigned,5CG45035FM,HP,"240 G10",82575,2025-04-20,"ASES Tech",SDL2000563,"TCQC Fahim",Quality,LWR,SDL,SDL,tcqcfahim,,"HP 240 G10",I5-1335U,,512,,16384,"Bluetooth, WiFi",,82575,"WIN 11 Pro",2025-08-18,,"WIN 10 PRO",,
BD-04387,0,ASTINV2025000668,SDLL415,Computer,Laptop,Assigned,5CG45035FM,HP,"240 G10",82575,2025-04-20,"ASES Tech",SDL2000563,"TCQC Fahim",Quality,LWR,SDL,SDL,tcqcfahim,B39QXAT,"HP 240 G10",I5-1335U,,512,,16384,"Bluetooth, WiFi",,82575,"WIN 11 Pro",2025-08-18,,"WIN 10 PRO",,
BD-04387,0,ASTINV2025000668,SDLL415,Computer,Laptop,Assigned,5CG45035FM,HP,"240 G10",82575,2025-04-20,"Eastern IT",SDL2000563,"TCQC Fahim",Quality,LWR,SDL,SDL,tcqcfahim,,"HP 240 G10",I5-1335U,,512,,16384,"Bluetooth, WiFi",,82575,"WIN 11 Pro",2025-08-18,,"WIN 10 PRO",,
BD-04387,0,ASTINV2025000668,SDLL415,Computer,Laptop,Assigned,5CG45035FM,HP,"240 G10",82575,2025-04-20,"Eastern IT",SDL2000563,"TCQC Fahim",Quality,LWR,SDL,SDL,tcqcfahim,B39QXAT,"HP 240 G10",I5-1335U,,512,,16384,"Bluetooth, WiFi",,82575,"WIN 11 Pro",2025-08-18,,"WIN 10 PRO",,
BD-04389,0,1,,"Computer Accessories",Headset,Assigned,1,Rappo,H120,1,2025-11-11,"One Stop Service & Solution",1,,"Accounts & Finance",LWR,SIL,SDL,,,,,,,,,,,0,,,,,,
BD-04390,0,INV-GBPGL-2025-004514,,"Computer Accessories",Headset,Assigned,517330H120A0816,Rapoo,H120,1386,2925-09-16,"Global Brands Pvt Ltd.",SIL0000477,"Muhtasim Taha","Building Mainentance",LWR,SIL,SDL,mtaha,,,,,,,,,,0,,,,,,
BD-04391,0,INV-GBPGL-2025-004514,,"Computer Accessories",Headset,Assigned,517330H120A0546,Rapoo,H120,1386,2925-09-16,"Global Brands Pvt Ltd.",SIL0000477,"Golam Mostafa",Design,LWR,SIL,SDL,gmostofa,,,,,,,,,,0,,,,,,
BD-04392,0,INV-GBPGL-2025-004514,,"Computer Accessories",Headset,Assigned,517330H120A0822,Rapoo,H120,1386,2925-09-16,"Global Brands Pvt Ltd.",SIL0000477,"Monsur Alam",Store,LWR,SIL,SDL,moalam,,,,,,,,,,0,,,,,,
BD-04393,0,INV-GBPGL-2025-004514,,"Computer Accessories",Headset,Stock,517330H120A0781,Rapoo,H120,1386,2925-09-16,"Global Brands Pvt Ltd.",SIL0000477,,MIS,LWR,SIL,SDL,,,,,,,,,,,0,,,,,,
BD-04394,0,INV-GBPGL-2025-004514,,"Computer Accessories",Headset,Stock,517330H120A0831,Rapoo,H120,1386,2925-09-16,"Global Brands Pvt Ltd.",SIL0000477,,MIS,LWR,SIL,SDL,,,,,,,,,,,0,,,,,,
BD-04395,0,INV-GBPGL-2025-004515,,"Computer Accessories",Headset,Assigned,517330H120A0834,Rapoo,H120,1386,2925-09-16,"Global Brands Pvt Ltd.",SIL0000486,"Khan, Daulatuzzaman",PCC,LWR,SDL,SDL,dkhan,,,,,,,,,,0,,,,,,
BD-04396,0,INV-GBPGL-2025-004515,,"Computer Accessories",Headset,Assigned,517330H120A0815,Rapoo,H120,1386,2925-09-16,"Global Brands Pvt Ltd.",SIL0000486,Mahabub.Hossain,Sample,LWR,SIL,SDL,mahhossain,,,,,,,,,,0,,,,,,
BD-04397,0,INV-GBPGL-2025-004515,,"Computer Accessories",,Assigned,517330H120A0840,Rapoo,H120,1386,2925-09-16,"Global Brands Pvt Ltd.",SIL0000486,"Ziaur Rahaman","Marketing & Merchandising",LWR,DBO,"Dhaka Buying Office",Zrahaman,,,,,,,,,,0,,,,,,
BD-04398,0,INV-GBPGL-2025-004515,,"Computer Accessories",,Assigned,517330H120A0830,Rapoo,H120,1386,2925-09-16,"Global Brands Pvt Ltd.",SIL0000486,Zahangir.Alam,Sample,LWR,SIL,SDL,zahalam,,,,,,,,,,0,,,,,,
BD-04399,0,INV-GBPGL-2025-004515,,"Computer Accessories",,Stock,517330H120A0835,Rapoo,H120,1386,2925-09-16,"Global Brands Pvt Ltd.",SIL0000486,,MIS,LWR,SIL,SDL,,,,,,,,,,,0,,,,,,
BD-04400,0,INV-GBPGL-2025-004515,,"Computer Accessories",,Stock,517330H120A0837,Rapoo,H120,1386,2925-09-16,"Global Brands Pvt Ltd.",SIL0000486,,MIS,LWR,SIL,SDL,,,,,,,,,,,0,,,,,,"Shahin Sikder  2192025"
BD-04401,0,INV-GBPGL-2025-004515,,"Computer Accessories",,Assigned,517330H120A0545,Rapoo,H120,1386,2925-09-16,"Global Brands Pvt Ltd.",SIL0000486,"Obaidur Rahman","Marketing & Merchandising",LWR,SIL,SDL,orahman,,,,,,,,,,0,,,,,,
BD-04402,0,INV-GBPGL-2025-004515,,"Computer Accessories",,Assigned,517330H120A0829,Rapoo,H120,1386,2925-09-16,"Global Brands Pvt Ltd.",SIL0000486,"Abu Naiem",Commercial,LWR,SIL,SDL,anaiem,,,,,,,,,,0,,,,,,
BD-04403,0,INV-GBPGL-2025-004515,,"Computer Accessories",,Stock,517330H120A0826,Rapoo,H120,1386,2925-09-16,"Global Brands Pvt Ltd.",SIL0000486,,MIS,LWR,SIL,SDL,,,,,,,,,,,0,,,,,,
BD-04404,0,INV-GBPGL-2025-004515,,"Computer Accessories",,Stock,517330H120A0825,Rapoo,H120,1386,2925-09-16,"Global Brands Pvt Ltd.",SIL0000486,,MIS,LWR,SIL,SDL,,,,,,,,,,,0,,,,,,"mehadi hasan3 sdld531 2192025"
BD-04405,0,INV-GBPGL-2025-004515,,"Computer Accessories",,Assigned,517330H120A0833,Rapoo,H120,1386,2925-09-16,"Global Brands Pvt Ltd.",SIL0000486,"Aolad Khan",Commercial,LWR,SIL,SDL,aokhan,,,,,,,,,,0,,,,,,
BD-04406,0,INV-GBPGL-2025-004515,,"Computer Accessories",,Assigned,517330H120A0823,Rapoo,H120,1386,2925-09-16,"Global Brands Pvt Ltd.",SIL0000486,"Tanjila Akter","Finance & Acounts",LWR,SIL,SDL,taakter,,,,,,,,,,0,,,,,,
BD-04406,0,INV-GBPGL-2025-004515,,"Computer Accessories",,Assigned,517330H120A0823,Rapoo,H120,1386,2925-09-16,"Global Brands Pvt Ltd.",SIL0000486,"Tanjila Akter","Finance & Acounts",LWR,SIL,SDL,taakter,,,,,,,,,,0,,,,,,
BD-04407,0,INV-GBPGL-2025-002415,,Display,Monitor,Stock,302NTAB7P248,LG,LG22MP400-B,10890,2025-05-21,"Global Brands Pvt Ltd.",DBO5000198,,MIS,LWR,SDL,SDL,,,,,,,,,,,0,,,,,,
BD-04408,0,1,,"Computer Accessories",Headset,Assigned,517330H120A0839,Rappo,H120,1380,2025-09-22,"One Stop Service & Solution",1," Hossain, Shakhawat",PCC,LWR,SDL,SDL,shakhossain,,,,,,,,,,0,,,,,,
BD-04410,0,INV-GBPGL-2025-004036,,Display,Monitor,Stock,302NTVS7N967,LG,22MK430H,13860,2025-08-23,"Global Brands Pvt Ltd.",SIL0000461,,MIS,LWR,SIL,SDL,,,,,,,,,,,0,,,,,,
BD-04411,0,INV-GBPGL-2025-004036,,Display,Monitor,Stock,302NTYT7P186,LG,22MK430H,13860,2025-08-23,"Global Brands Pvt Ltd.",SIL0000461,,MIS,LWR,SIL,SDL,,,,,,,,,,,0,,,,,,
BD-04412,0,1,,"Computer Accessories",Headset,Assigned,517330H120A0809,Rapoo,H120,1386,2025-10-07,"Global Brands Pvt Ltd.",1,"Ariful Islam2",Quality,LWR,DBO,DBO,arislam,,,,,,,,,,0,,,,,,"Replaced/Warranty claimed Products "
BD-04413,0,1,,"Computer Accessories",Headset,Stock,517330H120A0818,Rapoo,H120,1386,2025-10-07,"Global Brands Pvt Ltd.",1,,MIS,LWR,DBO,DBO,,,,,,,,,,,0,,,,,,"Replaced/Warranty claimed Products "
BD-04413,0,1,,"Computer Accessories",Headset,Stock,517330H120A0818,Rapoo,H120,1386,2025-10-07,"Global Brands Pvt Ltd.",1,,MIS,LWR,DBO,DBO,,,,,,,,,,,0,,,,,,"Replaced/Warranty claimed Products "
BD-04413,0,1,,"Computer Accessories",Headset,Stock,517330H120A0818,Rapoo,H120,1386,2025-10-07,"Global Brands Pvt Ltd.",1,,MIS,LWR,DBO,DBO,,,,,,,,,,,0,,,,,,"Replaced/Warranty claimed Products "
BD-04413,0,1,,"Computer Accessories",Headset,Stock,517330H120A0818,Rapoo,H120,1386,2025-10-07,"Global Brands Pvt Ltd.",1,,MIS,LWR,DBO,DBO,,,,,,,,,,,0,,,,,,"Replaced/Warranty claimed Products "
BD-04414,0,1,,Display,Monitor,Assigned,302NTYT7P210,LG,22MK430H,13860,2025-10-13,"Global Brands Pvt Ltd.",1,"Ashraful Alom","Human Resource",LWR,SDL,SDL,aalom,,,,,,,,,,0,,,,,,
BD-04416,0,1,,Display,Monitor,Assigned,CNK4321MLR,HP,"V22v G5",1,2025-10-18,"One Stop Service & Solution",1,"Sujan Chandra",Cutting,LWR,SDL,SDL,schandra,,,,,,,,,,0,,,,,,"need to update info, bill is on ridoan vai table"
BD-04417,0,1,,UPS,UPS,Assigned,20250621a12m0035,NPS,UPS-1200VA,01,1111-01-01,"Numeric Technology",1,"Brotisundar Sarker","Marketing & Merchandising",LWR,SIL,SDL,bsarker,,,,,,,,,,0,,,,,,
BD-04418,0,1,,Display,Monitor,Assigned,302NTRL7N966,LG,22MK430H,12735,2025-10-25,"Global Brands Pvt Ltd.",1,"Ayesha Nowrin","Human Resource",LWR,SDL,SDL,anowrin,,,,,,,,,,0,,,,,,
BD-04419,0,1,,Computer,Laptop,Stock,5CD2138NXH,HP,"HP PROBOOK 440 G8",1,2025-10-28,"From UK IT","From uk",,MIS,LWR,SIL,SDL,,,,,,,,,,,0,,,,,,
BD-04420,0,1,,Display,Monitor,Assigned,cnk43024lf,HP,"v22v g5",1,2025-11-02,"Smart Technology",1,"mahbul hassan","Industrial Engineering",LWR,SIL,SDL,mahassan,,,,,,,,,,0,,,,,,
BD-04421,0,INV-OSTHO-2025-003331,SDLL423,Computer,Laptop,Assigned,5CG525250Q,HP,"240 G10",80300,2025-11-10,"One Stop Service & Solution",DBO5000214,"Masum Anwar",Planning,LWR,SDL,"Shanta Denim Limited",manwar,"B39T0TA #BH5","HP 8BA7","Intel (R) Core i5-1334U",4.6,512,0,16000,"WiFi 6",,80300,"Windows 11 Pro",2025-11-27,,"Windows 11 Pro",FW7KJ-NPJK4-RDQ7X-4GKRG-TJF9C,
BD-04422,0,INV-OSTHO-2025-003331,DBOL234,Computer,Laptop,Assigned,5CG52608TR,HP,"240 G10",80300,2025-11-10,"One Stop Service & Solution",DBO5000214,"Shovon Mazid",Quality,LWR,DBO,"CastleCrafts Limited",smazid,"B39T0TA #BH5","HP  8BA7","Intel (R) Core i5-1334U",4.6,512,,16000,"WiFi  6 Only",,80300,"Windows 11 Pro",2025-11-13,,"Windows 11 Pro",BNMH2-DY49B-WBK39-TBBFG-H8RC2,
BD-04423,0,INV-OSTHO-2025-003322,DBOL235,Computer,Laptop,Assigned," 5CG51325KF",HP,"240 G10",80300,2025-11-10,"One Stop Service & Solution",SDL2000631,"Tariqul Islam2",Compliance,LWR,DBO,"Dhaka Buying Office",tariislam,"B39T0TA #BH5","HP  8BA7","Intel (R) Core i5-1334U",4.6,512,,16000,"WiFi  6 Only",,80300,"Windows 11 Pro",2025-11-13,,"Windows 11 Pro",HNRVF-M42HH-PRMR7-6RP8W-BWRC2,
BD-04424,0,INV-OSTHO-2025-003322,SDLL424,Computer,Laptop,Assigned," 5CG5242FBX",HP,"240 G10",80300,2025-11-10,"One Stop Service & Solution",SDL2000631,"Mohammad Piyer Mollah",MIS,LWR,SIL,SDL,pmollah,"B39T0TA #BH5","HP B4JY1AV","Intel (R) Core i5 1334 U",4.6,512,,16000,"WiFi ",,80300,"Windows 11 Pro",2025-11-13,,"Windows 11 Pro",4B6BP-C898F-22TVQ-DXK97-R9CKC,HNRVFM42HHPRMR76RP8WBWRC2
BD-04425,0,INV-GBPGL-2025-005515,,Display,Monitor,Assigned,209NTPC8V528,LG,22MK430H,13860,2025-11-13,"Global Brands Pvt Ltd.",SDL2000638,"Musfik Ahmed",Merchandising,LWR,DBO,DBO,mahmed,,,,,,,,,,0,,,,,,
BD-04426,0,INV-OSTHO-2025-003322,SDLL433,Computer,Laptop,Assigned,5CG52525GS,HP,"240 G10",80300,2025-11-14,"One Stop Service & Solution",SDL2000631,"Shakil Ahmed2",Compliance,LWR,SIL,SDL,shaahmed,"B39T0TA #BH5","HP  8BA7","Intel (R) Core i5-1334U",4.6,512,,16384,"WiFi  6 Only",,80300,"Windows 11 Pro",2025-11-25,,"Windows 11 Pro",NHTRC-YFQ6W-BXKBJ-K6B63-GF4C2,
BD-04427,0,INV-OSTHO-2025-003322,SDLL425,Computer,Laptop,Assigned,5CG5252573,HP,"240 G10",80300,2025-11-14,"One Stop Service & Solution",SDL2000631,"Saifuddin Khaled",Maintenance,LWR,SIL,SDL,skhaled,"B39T0TA #BH5","HP  8BA7","Intel (R) Core i5-1334U",4.6,512,,16384,"WiFi  6 Only",,80300,"Windows 11 Pro",2025-11-14,,"Windows 11 Pro",T9PDT-TGNHT-4TYMF-HQMVY-43KTP,
BD-04428,0,INV-OSTHO-2025-003322,SDLL435,Computer,Laptop,Assigned,5CG525252X,HP,"240 G10",80300,2025-11-14,"One Stop Service & Solution",SDL2000631,"Abu Sayid",Operation,LWR,SDL,SDL,asayid,"B39T0TA #BH5","HP  8BA7","Intel (R) Core i5-1334U",4.6,512,,16384,"WiFi  6 Only",,80300,"Windows 11 Pro",2025-11-29,,"Windows 11 Pro",8JNMQ-VCP2W-DDGP7-46YP2,
BD-04429,0,INV-OSTHO-2025-003322,SDLL429,Computer,Laptop,Assigned,5CG5252531,HP,"240 G10",80300,2025-11-14,"One Stop Service & Solution",SDL2000631,Rahana.Sultana,"Human Resource",LWR,SIL,SDL,rsultana,"B39T0TA #BH5","HP  8BA7","Intel (R) Core i5-1334U",4.6,512,,16384,"WiFi  6 Only",,80300,"Windows 11 Pro",2025-11-19,,"Windows 11 Pro",NTRFG-R4GYM-J3WKH-RF3JC-XTPKC,
BD-04429,0,INV-OSTHO-2025-003322,SDLL429,Computer,Laptop,Assigned,5CG5252531,HP,"240 G10",80300,2025-11-14,"One Stop Service & Solution",SDL2000631,Rahana.Sultana,"Human Resource",LWR,SIL,SDL,rsultana,"B39T0TA #BH5","HP  8BA7","Intel (R) Core i5-1334U",4.6,512,,16384,"WiFi  6 Only",,80300,"Windows 11 Pro",2025-11-19,,"Windows 11 Pro",NTRFG-R4GYM-J3WKH-RF3JC-XTPKC,
BD-04430,0,INV-OSTHO-2025-003322,SDLL438,Computer,Laptop,Assigned,5CG5252571,HP,"240 G10",80300,2025-11-14,"One Stop Service & Solution",SDL2000631,"Sarfaraj Hossain",PCC,LWR,SDL,SDL,sarhossain,"B39T0TA #BH5","HP  8BA7","Intel (R) Core i5-1334U",4.6,512,,16384,"WiFi  6 Only",,80300,"Windows 11 Pro",2025-11-27,,"Windows 11 Pro",FNPRF-WTYXC-J2TYD-YVK82-CKCKC,
BD-04431,0,INV-OSTHO-2025-003322,SDLL432,Computer,Laptop,Assigned,5CG52525GL,HP,"240 G10",80300,2025-11-14,"One Stop Service & Solution",SDL2000631,"Islam, Jahidul ",Finance,LWR,SDL,SDL,jislam,"B39T0TA #BH5","HP  8BA7","Intel (R) Core i5-1334U",4.6,512,,16384,"WiFi  6 Only",,80300,"Windows 11",2025-11-23,,"Windows 11",WPMHD-RNHF2-J7XMB-CH22G-6F4C2,
BD-04432,0,INV-OSTHO-2025-003322,SDLL426,Computer,Laptop,Assigned,5CG525258N,HP,"240 G10",80300,2025-11-14,"One Stop Service & Solution",SDL2000631,"Naznin Akhi","Industrial Engineering",LWR,SDL,SDL,nakhi,"B39T0TA #BH5","HP  8BA7","Intel (R) Core i5-1334U",4.6,512,,16384,"WiFi  6 Only",,80300,"Windows 11 Pro",2025-11-14,,"Windows 11 Pro",XN4TC-BK6QQ-4R8X3-CQYXV-2R4C2,
BD-04433,0,INV-OSTHO-2025-003322,SDLL441,Computer,Laptop,Assigned,5CG51325P8,HP,"240 G10",80300,2025-11-14,"One Stop Service & Solution",SDL2000631,"Monirul Islam",Cutting,LWR,SDL,SDL,moislam,"B39T0TA #BH5","HP  8BA7","Intel (R) Core i5-1334U",4.6,512,,16384,"WiFi  6 Only",,80300,"Windows 11 Pro",2025-11-29,,"Windows 11 Pro",C6RF3-GBNPD-Y6PRF-4PTWY-BBH22,
BD-04434,0,INV-OSTHO-2025-003322,SDLL431,Computer,Laptop,Assigned,5CG5252576,HP,"240 G10",80300,2025-11-14,"One Stop Service & Solution",SDL2000631,"Alpona Afroz",Compliance,LWR,SDL,SDL,aafrroz,"B39T0TA #BH5","HP  8BA7","Intel (R) Core i5-1334U",4.6,512,,16384,"WiFi  6 Only",,80300,"Windows 11 Pro",2025-11-20,,"Windows 11 Pro",2XCT2-GRN33-C2RR4-4J68Q-WQKTP,
BD-04435,0,INV-OSTHO-2025-003322,SDLL427,Computer,Laptop,Assigned,5CG525259L,HP,"240 G10",80300,2025-11-14,"One Stop Service & Solution",SDL2000631,"Ashraful Karim",Operation,LWR,SIL,SDL,askarim,"B39T0TA #BH5","HP  8BA7","Intel (R) Core i5-1334U",4.6,512,,16384,"WiFi  6 Only",,80300,"Windows 11 Pro",2025-11-15,,"Windows 11 Pro",KHWRD-MXNV7-WKDV7-HYMKV-2R4C2,
BD-04436,0,INV-OSTHO-2025-003322,SDLL440,Computer,Laptop,Assigned,5CG5252593,HP,"240 G10",80300,2025-11-14,"One Stop Service & Solution",SDL2000631,"Amran Hossain",Merchandising,LWR,SIL,"Shanta Denim Limited",amhossain,"B39T0TA #BH5","HP  8BA7","Intel (R) Core i5-1334U",4.6,512,,16384,"WiFi  6 Only",,80300,"Windows 11 Pro",2025-11-27,,"Windows 11 Pro",XPQWN-PF9TV-BPKMK-YBDJF-7H66P,"New bag assigned"
BD-04437,0,INV-OSTHO-2025-003322,SDLL434,Computer,Laptop,Assigned,5CG525250X,HP,"240 G10",80300,2025-11-14,"One Stop Service & Solution",SDL2000631,"Rokonuzzaman Biswas",Commercial,LWR,SIL,SDL,robiswas,"B39T0TA #BH5","HP  8BA7","Intel (R) Core i5-1334U",4.6,512,,16384,"WiFi  6 Only",,80300,"Windows 11 Pro",2025-11-25,,"Windows 11 Pro",TDN9J-YTF8W-DH7RJ-7PBR8-BWRC2,
BD-04437,0,INV-OSTHO-2025-003322,SDLL434,Computer,Laptop,Assigned,5CG525250X,HP,"240 G10",80300,2025-11-14,"One Stop Service & Solution",SDL2000631,"Rokonuzzaman Biswas",Commercial,LWR,SIL,SDL,robiswas,"B39T0TA #BH5","HP  8BA7","Intel (R) Core i5-1334U",4.6,512,,16384,"WiFi  6 Only",,80300,"Windows 11 Pro",2025-11-25,,"Windows 11 Pro",TDN9J-YTF8W-DH7RJ-7PBR8-BWRC2,
BD-04438,0,INV-OSTHO-2025-003322,SDLL436,Computer,Laptop,Assigned,5CG51325RR,HP,"240 G10",80300,2025-11-14,"One Stop Service & Solution",SDL2000631,"Islam5, Saiful",Operation,LWR,SDL,SDL,saifulislam,"B39T0TA #BH5","HP  8BA7","Intel (R) Core i5-1334U",4.6,512,,16384,"WiFi  6 Only",,80300,"Windows 11 Pro",2025-11-25,,"Windows 11 Pro",M4F4T-NX3GK-PQ8R6-V8R4J-HMH22,
BD-04439,0,INV-OSTHO-2025-003322,SDLL430,Computer,Laptop,Assigned,5CG5242WQ0,HP,"240 G10",80300,2025-11-14,"One Stop Service & Solution",SDL2000631,"Rabiul Alam",Sample,LWR,SWL,SDL,ralam,"B39T0TA #BH5","HP  8BA7","Intel (R) Core i5-1334U",4.6,512,,16384,"WiFi  6 Only",,80300,"Windows 11 Pro",2025-11-19,,"Windows 11 Pro",9V3NX-TYCQK-MVGFJ-WJBP6-PDKTP,
BD-04440,0,INV-OSTHO-2025-003322,SDLL437,Computer,Laptop,Assigned,5CG525257D,HP,"240 G10",80300,2025-11-14,"One Stop Service & Solution",SDL2000631,"Shakhawat Hossain",PCC,LWR,SDL,SDL,shakhossain,"B39T0TA #BH5","HP  8BA7","Intel (R) Core i5-1334U",4.6,512,,16384,"WiFi  6 Only",,80300,"Windows 11",2025-11-26,,"Windows 11",YNKGG-JJPXC-9BJG4-GTX74-K4R9C,
BD-04441,0,INV-OSTHO-2025-003322,SDLL428,Computer,Laptop,Assigned,5CG525253D,HP,"240 G10",80300,2025-11-14,"One Stop Service & Solution",SDL2000631,Amitabh.Roy,"Marketing & Merchandising",LWR,SIL,SDL,aroy,"B39T0TA #BH5","HP  8BA7","Intel (R) Core i5-1334U",4.6,512,,16384,"WiFi  6 Only",,80300,"Windows 11 Pro",,,"Windows 11 Pro",WMF8J-26NR8-9GGT2-826JY-TXXTP,
BD-04442,0,INV-OSTHO-2025-003322,SDLL439,Computer,Laptop,Assigned,5CG525257T,HP,"240 G10",80300,2025-11-14,"One Stop Service & Solution",SDL2000631,"Nafis Tomal","Finance & Acounts",LWR,SDL,SDL,ntomal,"B39T0TA #BH5","HP  8BA7","Intel (R) Core i5-1334U",4.6,512,,16384,"WiFi  6 Only",,80300,"Windows 11 Pro",2025-11-29,,"Windows 11 Pro",R9NTV-XTPWH-P7BCF-Y3KV4-9W3GP,
BD-04442,0,INV-OSTHO-2025-003322,SDLL439,Computer,Laptop,Assigned,5CG525257T,HP,"240 G10",80300,2025-11-14,"One Stop Service & Solution",SDL2000631,"Nafis Tomal","Finance & Acounts",LWR,SDL,SDL,ntomal,"B39T0TA #BH5","HP  8BA7","Intel (R) Core i5-1334U",4.6,512,,16384,"WiFi  6 Only",,80300,"Windows 11 Pro",2025-11-29,,"Windows 11 Pro",R9NTV-XTPWH-P7BCF-Y3KV4-9W3GP,
BD-04443,0,INV-OSTHO-2025-003331,DBOL237,Computer,Laptop,Assigned,5CG526094F,HP,"240 G10",80300,2025-11-14,"One Stop Service & Solution",DBO5000214,"Saiful Islam 4",Quality,LWR,DBO,"CastleCrafts Limited",saifuislam,"B39T0TA #BH5","HP  8BA7","Intel (R) Core i5-1334U",4.6,512,,16384,"WiFi  6 Only",,80300,"Windows 11 Pro",2025-11-15,,"Windows 11 Pro",NQ8QB-CH9K7-CGP7K-JQRXD-BG9TP,
BD-04444,0,INV-OSTHO-2025-003331,DBOL236,Computer,Laptop,Assigned,5CG5242FD0,HP,"240 G10",80300,2025-11-14,"One Stop Service & Solution",DBO5000214,"Monirul islam2",Quality,MWR,DBO,"CastleCrafts Limited",moniislam,"B39T0TA #BH5","HP  8BA7","Intel (R) Core i5-1334U",4.6,512,,16384,"WiFi  6 Only",,80300,"Windows 11 Pro",2025-11-14,,"Windows 11 Pro",CGKHW-NGX86-6GV39-XGGC2-RVV22,
BD-04445,0,INV-OSTHO-2025-003331,DBOL244,Computer,Laptop,Assigned,5CG52525FS,HP,"240 G10",80300,2025-11-14,"One Stop Service & Solution",DBO5000214,"Alamin Khan","Quality Assurance",LWR,DBO,"Dhaka Buying Office",alkhan,"B39T0TA #BH5","HP  8BA7","Intel (R) Core i5-1334U",4.6,512,,16384,"WiFi  6 Only",,80300,"Windows 11",2025-11-22,,"Windows 11","CRXN7 VM6P6 Q9RGB MJDMD XHJXC",
BD-04446,0,INV-OSTHO-2025-003331,DBOL246,Computer,Laptop,Assigned,5CG52609C4,HP,"240 G10",80300,2025-11-14,"One Stop Service & Solution",DBO5000214,"Mehedi Hasan3","Accounts & Finance",LWR,HO,"Dhaka Buying Office",mehehasan,"B39T0TA #BH5","HP  8BA7","Intel (R) Core i5-1334U",4.6,512,,16384,"WiFi  6 Only",,80300,"Windows 11 Pro",2025-11-27,,"Windows 11 Pro",28C99-J2NXQ-KWTMW-4WW8D-QRR9C,
BD-04447,0,INV-OSTHO-2025-003331,DBOL238,Computer,Laptop,Assigned,5CG5242FCL,HP,"240 G10",80300,2025-11-14,"One Stop Service & Solution",DBO5000214,"Tariqul Islam",Compliance,LWR,SDL,SDL,tarislam,"B39T0TA #BH5","HP  8BA7","Intel (R) Core i5-1334U",4.6,512,,16384,"WiFi  6 Only",,80300,"Windows 11 Pro",2025-11-15,,"Windows 11 Pro",26XR2-KWNP6-4KQ7X-T2RX6-QYH22,
BD-04448,0,INV-OSTHO-2025-003331,DBOL241,Computer,Laptop,Assigned,5CG525258J,HP,"240 G10",80300,2025-11-14,"One Stop Service & Solution",DBO5000214,"Monjurul Islam","Accounts & Finance",LWR,HO,"Dhaka Buying Office",monislam,"B39T0TA #BH5","HP  8BA7","Intel (R) Core i5-1334U",4.6,512,,16384,"WiFi  6 Only",,80300,"Windows 11 Pro",2025-11-19,,"Windows 11 Pro",4N7K4-P3QVJ-94JVQ-9X4WM-R6YP2,
BD-04449,0,INV-OSTHO-2025-003331,DBOL242,Computer,Laptop,Assigned,5CG525257V,HP,"240 G10",80300,2025-11-14,"One Stop Service & Solution",DBO5000214,"Mozibur Rahman",Commercial,LWR,HO,"CastleCrafts Limited",mozrahman,"B39T0TA #BH5","HP  8BA7","Intel (R) Core i5-1334U",4.6,512,,16384,"WiFi  6 Only",,80300,"Windows 11 Pro",2025-11-27,,"Windows 11 Pro",DPN68-46KGV-WQKB6-Q688Y-39MP2,
BD-04450,0,INV-OSTHO-2025-003331,DBOL239,Computer,Laptop,Assigned,5CG5252599,HP,"240 G10",80300,2025-11-14,"One Stop Service & Solution",DBO5000214,"Subrata Mojumder",Technical,LWR,DBO,"Dhaka Buying Office",smojumder,"B39T0TA #BH5","HP  8BA7","Intel (R) Core i5-1334U",4.6,512,,16384,"WiFi  6 Only",,80300,"Windows 11 Pro",2025-11-16,,"Windows 11 Pro",FWGPN-Y2T32-THJR6-93TYM-QJ3GP,
BD-04451,0,INV-OSTHO-2025-003331,DBOL243,Computer,Laptop,Assigned,5CG5242F8J,HP,"240 G10",80300,2025-11-14,"One Stop Service & Solution",DBO5000214,"Nazmus Mahi","Accounts & Finance",LWR,HO,"Dhaka Buying Office",nmahi,"B39T0TA #BH5","HP  8BA7","Intel (R) Core i5-1334U",4.6,512,,16384,"WiFi  6 Only",,80300,"Windows 11 Pro",2025-11-19,,"Windows 11 Pro",WNDYK-T9QJK-DMVH2-FKKVY-KD722,
BD-04452,0,INV-OSTHO-2025-003331,DBOL245,Computer,Laptop,Assigned,5CG526094L,HP,"240 G10",80300,2025-11-14,"One Stop Service & Solution",DBO5000214,"Sayem, Salauddin",Procurement,LWR,HO,"Dhaka Buying Office",SSAYEM,"B39T0TA #BH5","HP  8BA7","Intel (R) Core i5-1334U",4.6,512,,16384,"WiFi  6 Only",,80300,"Windows 11 Pro",2025-11-27,,"Windows 11 Pro",WPMHD-RNHF2-17XM8-CH22G-6F4C2,"BAG 497 23112025"
BD-04453,0,INV-OSTHO-2025-003331,DBOL240,Computer,Laptop,Assigned,5CG525257F,HP,"240 G10",80300,2025-11-14,"One Stop Service & Solution",DBO5000214,"Faruk Hossain2","Quality Assurance",LWR,DBO,"Dhaka Buying Office",farhossain,"B39T0TA #BH5","HP  8BA7","Intel (R) Core i5-1334U",4.6,512,,16384,"WiFi  6 Only",,80300,"Windows 11 Pro",2025-11-19,,"Windows 11 Pro",DN7T2-Y77TF-RJG6F-TXXXT-4M49C,
BD-04457,0,1,,"Computer Accessories",Headset,Assigned,517330H120A1859,Rapoo,H120,1386,2025-11-15,"Global Brands Pvt Ltd.",1,"Shahin Akter","Human Resource",LWR,SDL,SDL,sakter,,,,,,,,,,0,,,,,,
BD-04458,0,1,,"Computer Accessories",Headset,Assigned,517330H120A1852,Rapoo,H120,1386,2025-11-15,"Global Brands Pvt Ltd.",1,"Md. Rakibul Islam","Human Resource",LWR,SDL,SDL,rakislam,,,,,,,,,,0,,,,,,
BD-04458,0,1,,"Computer Accessories",Headset,Assigned,517330H120A1852,Rapoo,H120,1386,2025-11-15,"Global Brands Pvt Ltd.",1,"Md. Rakibul Islam","Human Resource",LWR,SDL,SDL,rakislam,,,,,,,,,,0,,,,,,
BD-04458,0,1,,"Computer Accessories",Headset,Assigned,517330H120A1852,Rapoo,H120,1386,2025-11-15,"Global Brands Pvt Ltd.",1,"Md. Rakibul Islam","Human Resource",LWR,SDL,SDL,rakislam,,,,,,,,,,0,,,,,,
BD-04458,0,1,,"Computer Accessories",Headset,Assigned,517330H120A1852,Rapoo,H120,1386,2025-11-15,"Global Brands Pvt Ltd.",1,"Md. Rakibul Islam","Human Resource",LWR,SDL,SDL,rakislam,,,,,,,,,,0,,,,,,
BD-04460,0,1,,Display,Monitor,Assigned,302NTJJ7P228,LG,22MK430H-B,13860,2025-11-10,"Global Brands Pvt Ltd.",1,Ripon.Chakraborty,"Industrial Engineering",LWR,SDL,SDL,rchakraborty,,,,,,,,,,0,,,,,,
BD-04461,0,1,,Display,Monitor,Assigned,302NTDV7P122,LG,22MK430H-B,13860,2025-11-10,"Global Brands Pvt Ltd.",1,Asadul.Haque,Quality,LWR,SDL,SDL,ashaque,,,,,,,,,,0,,,,,,
BD-04462,0,0,,"Computer Accessories",Mouse,Assigned,517330H120A1850,RAPOO,H120,1386,2025-11-19,"Global Brands Pvt Ltd.",1,"Temp. assign to Imasha","Building Mainentance",LWR,SDL,SDL,"Temp. assign to Imasha",,,,,,,,,,0,,,,,,
BD-04463,0,1,,Display,Monitor,Assigned,302NTDV7P242,LG,22MK430H-B,13860,2025-11-16,"Global Brands Pvt Ltd.",1,"Ria Chowdhury","Human Resource",LWR,SDL,SDL,rchowdhury,,,,,,,,,,0,,,,,,
BD-04464,0,INV-OSTHO-2025-003510,SDLL445,Computer,Laptop,Assigned,5CG510170P,HP,"240 G10",80300,2025-11-29,"One Stop Service & Solution",SIL0000495,"Md Yeasin",Fabric,LWR,SIL,SDL,ymd,"B39T0TA #BH5","HP B4JY1AV","Intel (R) Core i5-1334U",4.6,512,,16384,"WiFi  6 Only",,80300,"Windows 11 Pro",2025-11-30,,"Windows 11 Pro",V4RBN-6D8KC-MBXV4-GR6WB-CWF9C,
BD-04465,0,INV-OSTHO-2025-003510,SDLL448,Computer,Laptop,Assigned,5CG5242F9R,HP,"240 G10",80300,2025-11-29,"One Stop Service & Solution",SIL0000495,"Fahad Hossain",Finance,LWR,SIL,SDL,fahossain,"B39T0TA #BH5","HP B4JY1AV","Intel (R) Core i5-1334U",4.6,512,,16384,"WiFi  6 Only",,80300,"Windows 11 Pro",2025-12-01,,"Windows 11 Pro",NBTPY-KXMCF-JC7BH-TM8DX-RM49C,
BD-04466,0,INV-OSTHO-2025-003510,SDLL443,Computer,Laptop,Assigned,5CG5252590,HP,"240 G10",80300,2025-11-29,"One Stop Service & Solution",SIL0000495,"Nishantha  Perera",Compliance,LWR,SDL,SDL,niperera,"B39T0TA #BH5","HP B4JY1AV","Intel (R) Core i5-1334U",4.6,512,,16384,"WiFi  6 Only",,80300,"Windows 11 Pro",2025-11-29,,"Windows 11 Pro",,
BD-04467,0,INV-OSTHO-2025-003510,SDLL448,Computer,Laptop,Assigned,5CG5242FBY,HP,"240 G10",80300,2025-11-29,"One Stop Service & Solution",SIL0000495,"Temp. assign to Tarik",MIS,LWR,SIL,SDL,,"B39T0TA #BH5","HP B4JY1AV","Intel (R) Core i5-1334U",4.6,512,,16384,"WiFi  6 Only",,80300,"Windows 11 Pro",2025-12-01,,"Windows 11 Pro",HKBRN-HMDVC-PGHVP-9MDP9-FRG6P,
BD-04468,0,INV-OSTHO-2025-003510,SDLL446,Computer,Laptop,Assigned,5CG510175X,HP,"240 G10",80300,2025-11-29,"One Stop Service & Solution",SIL0000495,"Md Fariduzzaman","Marketing & Merchandising",LWR,SIL,SDL,mfariduzzaman,"B39T0TA #BH5","HP B4JY1AV","Intel (R) Core i5-1334U",4.6,512,,16384,"WiFi  6 Only",,80300,"Windows 11 Pro",2025-11-30,,"Windows 11 Pro",N3YR2-4HBW4-M4XPM-J6PJD-QRR9C,
BD-04469,0,INV-OSTHO-2025-003510,SDLL446,Computer,Laptop,Assigned,5CG51016RF,HP,"240 G10",80300,2025-11-29,"One Stop Service & Solution",SIL0000495,"Ibrahim Mohammad","Marketing & Merchandising",LWR,SIL,SDL,imohammad,"B39T0TA #BH5","HP B4JY1AV","Intel (R) Core i5-1334U",4.6,512,,16384,"WiFi  6 Only",,80300,"Windows 11 Pro",2025-11-30,,"Windows 11 Pro",4CMH6-WNQPQ-YG8FG-RXFKX-KQBP2,
BD-04470,0,INV-OSTHO-2025-003510,SDLL444A,Computer,Laptop,Assigned,5CG510175M,HP,"240 G10",80300,2025-11-29,"One Stop Service & Solution",SIL0000495,"Sabya Sachi Ray","Industrial Engineering",LWR,SIL,SDL,sray,"B39T0TA #BH5","HP B4JY1AV","Intel (R) Core i5-1334U",4.6,512,,16384,"WiFi  6 Only",,80300,"Windows 11 Pro",2025-12-01,,"Windows 11 Pro",F7R3H-NWDJ8-HP7F4-8YY96-9KKTP,
BD-04471,0,INV-OSTHO-2025-003510,SDLL442,Computer,Laptop,Assigned,5CG5260917,HP,"240 G10",80300,2025-11-29,"One Stop Service & Solution",SIL0000495,"Dinesh Ekanayaka",Quality,LWR,SIL,SDL,dekanayaka,"B39T0TA #BH5","HP B4JY1AV","Intel (R) Core i5-1334U",4.6,512,,16384,"WiFi  6 Only",,80300,"Windows 11 Pro",2025-11-29,,"Windows 11 Pro",VM44J-HN9D9-FJKTC-72Y88-WB49C,
BD-04472,0,INV-OSTHO-2025-003510,DBOL247,Computer,Laptop,Assigned,5CG510174Q,HP,"240 G10",80300,2025-11-29,"One Stop Service & Solution",SIL0000495,"Rabin Ahamed","Marketing & Merchandising",LWR,DBO,"Dhaka Buying Office",rahamed,"B39T0TA #BH5","HP B4JY1AV","Intel (R) Core i5-1334U",4.6,512,,16384,"WiFi  6 Only",,80300,"Windows 11 Pro",,,"Windows 11 Pro",MYG9N-8QY74-JY233-Q7RP6-3V66P,
BD-04473,0,1,,Display,Monitor,Assigned,302NTRL7P110,LG,22MK430H-B,13860,2025-11-18,"Global Brands Pvt Ltd.",1,"Khadiza Khatun","Human Resource",LWR,SDL,SDL,kkhatun,,,,,,,,,,0,,,,,,
BD-04474,0,1,,Display,,Assigned,302NTRL7P110,LG,22MK430H-B,13860,2025-11-18,"Global Brands Pvt Ltd.",1,"Khadiza Khatun","Human Resource",LWR,SDL,SDL,kkhatun,,,,,,,,,,0,,,,,,
BD-04474,0,1,,Display,,Assigned,302NTRL7P110,LG,22MK430H-B,13860,2025-11-18,"Global Brands Pvt Ltd.",1,"Khadiza Khatun","Human Resource",LWR,SDL,SDL,kkhatun,,,,,,,,,,0,,,,,,
BD-04474,0,1,,Display,,Assigned,302NTRL7P110,LG,22MK430H-B,13860,2025-11-18,"Global Brands Pvt Ltd.",1,"Khadiza Khatun","Human Resource",LWR,SDL,SDL,kkhatun,,,,,,,,,,0,,,,,,
BD-04474,0,1,,Display,,Assigned,302NTRL7P110,LG,22MK430H-B,13860,2025-11-18,"Global Brands Pvt Ltd.",1,"Khadiza Khatun","Human Resource",LWR,SDL,SDL,kkhatun,,,,,,,,,,0,,,,,,
BD-04476,0,INV-OSTHO-2025-003692,SDLL453,Computer,Laptop,Assigned,5CG5333TNL,HP,14-EP0202NIA,80300,2025-12-05,"One Stop Service & Solution",SIL0000495,Nazrul.Islam6,Sample,LWR,SIL,SDL,nazruiislam,,14-EP0202NIA,"Intel (R) Core i5-1334U",4.6,512,,16384,"WiFi  6 Only",,80300,"Win 11 Pro",2025-12-09,,"Win 11 Pro",N2F3H-XHFC9-FQC7X-994MD-3PFC2,
BD-04477,0,INV-OSTHO-2025-003692,SDLL455,Computer,Laptop,Assigned,5CG5333CXC,HP,14-EP0202NIA,80300,2025-12-05,"One Stop Service & Solution",SIL0000495,"Rakib Uddin",Prodcution,LWR,SDL,SDL,rauddin,,14-EP0202NIA,"Intel (R) Core i5-1334U",4.6,512,,16384,WiFi,,80300,"Win 11 Pro",2025-12-10,,"Win 11 Pro",X3GQV-NRKWG-KMWDG-Q93M7-6XXTP,
BD-04478,0,INV-OSTHO-2025-003692,DBOL253,Computer,Laptop,Stock,5CG5333CV7,HP,14-EP0202NIA,80300,2025-12-05,"One Stop Service & Solution",SIL0000495,"Mia, Lovlu",Technical,LWR,SDL,SDL,lomia,,14-EP0202NIA,"Intel (R) Core i5-1334U",4.6,512,,16384,"WiFi  6 Only",,80300,"Win 11 Pro",,,"Win 11 Pro",RWGRN3QBC7482VDCX237FJRC2,
BD-04479,0,INV-OSTHO-2025-003692,DBOL251,Computer,Laptop,Assigned,5CG5333CVW,HP,14-EP0202NIA,80300,2025-12-05,"One Stop Service & Solution",SIL0000495,Mahibul.Haque,Technical,LWR,DBO,"Dhaka Buying Office",mhaque,,14-EP0202NIA,"Intel (R) Core i5-1334U",4.6,512,,16384,"WiFi  6 Only",,80300,"Win 11 Pro",2025-12-09,,"Win 11 Pro",VCJCG-NPP6F-F78WC-CWX4X-CDKTP,
BD-04480,0,INV-OSTHO-2025-003692,SDLL457,Computer,Laptop,Assigned,5CG5333DBM,HP,14-EP0202NIA,80300,2025-12-05,"One Stop Service & Solution",SIL0000495,"Nazmus Sakib","Industrial Engineering",LWR,SDL,SDL,nasakib,,14-EP0202NIA,"Intel (R) Core i5-1334U",4.6,512,,16384,"WiFi  6 Only",,80300,"Win 11 Pro",2025-12-10,,"Win 11 Pro",2NJ6W-M34MK-VKMWV-VHJ8T-GMT6P,
BD-04481,0,INV-OSTHO-2025-003692,DBOL252,Computer,Laptop,Assigned,5CG5333CY3,HP,14-EP0202NIA,80300,2025-12-05,"One Stop Service & Solution",SIL0000495,"Haider Ali",Procurement,LWR,DBO,"Dhaka Buying Office",hali,,14-EP0202NIA,"Intel (R) Core i5-1334U",4.6,512,,16384,"WiFi  6 Only",,80300,"Win 11 Pro",2025-12-09,,"Win 11 Pro",JWFNH-BR6BM-G8XCB-KCQ93-9766P,
BD-04482,0,INV-OSTHO-2025-003692,DBOL250,Computer,Laptop,Assigned,5CG5333SML,HP,14-EP0202NIA,80300,2025-12-05,"One Stop Service & Solution",SIL0000495,"Ziaur Rahman","Marketing & Merchandising",LWR,DBO,"Dhaka Buying Office",zrahman,,14-EP0202NIA,"Intel (R) Core i5-1334U",4.6,512,,16384,"WiFi  6 Only",,80300,"Win 11 Pro",2025-12-09,,"Win 11 Pro",N283Q-YM7R9-6YRRR-R3V92-YKMP2,
BD-04483,0,INV-OSTHO-2025-003692,SDLL454,Computer,Laptop,Assigned,5CG5333CX3,HP,14-EP0202NIA,80300,2025-12-05,"One Stop Service & Solution",SIL0000495,"Nure Alam",Costing,LWR,HO,"Dhaka Buying Office",nalam,,14-EP0202NIA,"Intel (R) Core i5-1334U",4.6,512,,16384,"WiFi  6 Only",,80300,"Win 11 Pro",2025-12-09,,"Win 11 Pro",JWFNH-BR6BM-G8XCB-KCQ93-9766P,
BD-04484,0,INV-OSTHO-2025-003692,DBOL256,Computer,Laptop,Assigned,5CG5333CY8,HP,14-EP0202NIA,80300,2025-12-05,"One Stop Service & Solution",SIL0000495,"Michael Walmsley",Quality,LWR,SDL,SDL,mwalmsley,,14-EP0202NIA,"Intel (R) Core i5-1334U",4.6,512,,16384,"WiFi  6 Only",,80300,"Win 11 Pro",2025-12-13,,"Win 11 Pro",BWM8P-79N9P-R2CG3-6WKMH-4C2KC,
BD-04485,0,INV-OSTHO-2025-003692,SDLL451,Computer,Laptop,Assigned,5CG533D7H,HP,14-EP0202NIA,80300,2025-12-05,"One Stop Service & Solution",SIL0000495,"Chamal Sembupperuma",Costing,LWR,SIL,SDL,csembupperuma,,14-EP0202NIA,"Intel (R) Core i5-1335U",4.6,512,,16384,"WiFi  6 Only",,80300,"Win 11 Pro",2025-12-09,,"Win 11 Pro",KN9DC-982CG-TR6TQ-DRJBG-MKMP2,
BD-04486,0,1,,"Computer Accessories",Headset,Assigned,517330H120A1853,RAPOO,H120,1386,2025-12-14,"Global Brands Pvt Ltd.",1,Rokon.Uddullah,"Marketing & Merchandising",LWR,DBO,DBO,ruddullah,,,,,,,,,,0,,,,,,
BD-04487,0,1,,"Computer Accessories",Headset,Assigned,517330H120A1851,RAPOO,H120,1386,2025-12-23,"Global Brands Pvt Ltd.",1,Michael.Walmsley,Quality,LWR,DBO,DBO,mwalmsley,,,,,,,,,,0,,,,,,
BD-04487,0,1,,"Computer Accessories",Headset,Assigned,517330H120A1851,RAPOO,H120,1386,2025-12-23,"Global Brands Pvt Ltd.",1,Michael.Walmsley,Quality,LWR,DBO,DBO,mwalmsley,,,,,,,,,,0,,,,,,
BD-04487,0,1,,"Computer Accessories",Headset,Assigned,517330H120A1851,RAPOO,H120,1386,2025-12-23,"Global Brands Pvt Ltd.",1,Michael.Walmsley,Quality,LWR,DBO,DBO,mwalmsley,,,,,,,,,,0,,,,,,
BD-04487,0,1,,"Computer Accessories",Headset,Assigned,517330H120A1851,RAPOO,H120,1386,2025-12-23,"Global Brands Pvt Ltd.",1,Michael.Walmsley,Quality,LWR,DBO,DBO,mwalmsley,,,,,,,,,,0,,,,,,
BD-04489,0,1,,Display,Monitor,Stock,209ntcz8w267,LG,22mk340h,1,2025-01-01,"One Stop Service & Solution",1,,MIS,LWR,SDL,SDL,,,,,,,,,,,0,,,,,,"Need to update info"
BD-04490,0,1,,Camera,Camera,Assigned,0452510001100,SJCAM,ZV200,17600,2025-12-24,"One Stop Service & Solution",SDL2000674,"Anwar Hossain","Qaulity Assurance",LWR,SDL,SDL,anhossain,,,,,,,,,,0,,,,,,
BD-04491,0,17212163,,UPS,UPS,Assigned,E2507020202,NPS,1200VA,7100,2025-12-18,"Numeric Technology",SDL28000048,"Monsur Alam",Store,LWR,SDL,SDL,moalam,,,,,,,,,,0,,,,,,
BD-04492,0,ASTINV2025001843,,Computer,Desktop,Assigned,4ce509ch9j,HP,"HP 290 G9 Pro",78469,2025-07-27,"ASES Tech",SDL28000017,"Hossain, Rahad",Sample,LWR,SIL,SDL,rahhossain,,HP240G10,I5-1335U,,512,,16384,,,0,,2025-01-01,,,,
BD-04493,0,ASTINV2025001843,,Computer,Desktop,Assigned,4CE509CHJD,HP,"HP 290 G9 Pro",78469,2025-07-27,"ASES Tech",SDL28000017,"Hossain, Rahad",Sample,LWR,SIL,SDL,rahhossain,,HP240G10,I5-1335U,,512,,16384,,,0,,2025-01-03,,,,
BD-04494,0,EITORD2025001640,,Computer,Laptop,Stock,5CG5350S4C,HP,14-EP0202NIA,75800,2025-12-24,"Eastern IT",SDL2000661,,MIS,LWR,SIL,SDL,,C7VM0EA#BH5,14-EP0202NIA,"Intel (R) Core i5-1334U",4.6,512,,16384,"WiFi  6 Only",,75800,"Windows 11 Pro",,,,"Windows 11 Pro",
BD-04495,0,EITORD2025001640,,Computer,Laptop,Stock,5CG5350S4Z,HP,14-EP0202NIA,75800,2025-12-24,"Eastern IT",SDL2000661,,MIS,LWR,SIL,SDL,,C7VM0EA#BH5,14-EP0202NIA,"Intel (R) Core i5-1334U",4.6,512,,16384,"WiFi  6 Only",,75800,"Windows 11 Pro",,,,"Windows 11 Pro",
BD-04496,0,EITORD2025001640,,Computer,Laptop,Stock,5CG5350RZ8,HP,14-EP0202NIA,75800,2025-12-24,"Eastern IT",SDL2000661,,MIS,LWR,SIL,SDL,,C7VM0EA#BH5,14-EP0202NIA,"Intel (R) Core i5-1334U",4.6,512,,16384,"WiFi  6 Only",,75800,"Windows 11 Pro",,,,"Windows 11 Pro",
BD-04497,0,EITORD2025001640,,Computer,Laptop,Stock,5CG5350RZG,HP,14-EP0202NIA,75800,2025-12-24,"Eastern IT",SDL2000661,,MIS,LWR,SIL,SDL,,C7VM0EA#BH5,14-EP0202NIA,"Intel (R) Core i5-1334U",4.6,512,,16384,"WiFi  6 Only",,75800,"Windows 11 Pro",,,,"Windows 11 Pro",
BD-04497,0,EITORD2025001640,,Computer,Laptop,Stock,5CG5350RZG,HP,14-EP0202NIA,75800,2025-12-24,"Eastern IT",SDL2000661,,MIS,LWR,SIL,SDL,,C7VM0EA#BH5,14-EP0202NIA,"Intel (R) Core i5-1334U",4.6,512,,16384,"WiFi  6 Only",,75800,"Windows 11 Pro",,,,"Windows 11 Pro",
BD-04497,0,EITORD2025001640,,Computer,Laptop,Stock,5CG5350RZG,HP,14-EP0202NIA,75800,2025-12-24,"Eastern IT",SDL2000661,,MIS,LWR,SIL,SDL,,C7VM0EA#BH5,14-EP0202NIA,"Intel (R) Core i5-1334U",4.6,512,,16384,"WiFi  6 Only",,75800,"Windows 11 Pro",,,,"Windows 11 Pro",
BD-04497,0,EITORD2025001640,,Computer,Laptop,Stock,5CG5350RZG,HP,14-EP0202NIA,75800,2025-12-24,"Eastern IT",SDL2000661,,MIS,LWR,SIL,SDL,,C7VM0EA#BH5,14-EP0202NIA,"Intel (R) Core i5-1334U",4.6,512,,16384,"WiFi  6 Only",,75800,"Windows 11 Pro",,,,"Windows 11 Pro",
BD-04498,0,EITORD2025001640,,Computer,Laptop,Stock,5CG5350RNS,HP,14-EP0202NIA,75800,2025-12-24,"Eastern IT",SDL2000661,,MIS,LWR,SIL,SDL,,C7VM0EA#BH5,14-EP0202NIA,"Intel (R) Core i5-1334U",4.6,512,,16384,"WiFi  6 Only",,75800,"Windows 11 Pro",,,,"Windows 11 Pro",
BD-04499,0,EITORD2025001640,,Computer,Laptop,Stock,5CG5350RP2,HP,14-EP0202NIA,75800,2025-12-24,"Eastern IT",SDL2000661,,MIS,LWR,SIL,SDL,,C7VM0EA#BH5,14-EP0202NIA,"Intel (R) Core i5-1334U",4.6,512,,16384,"WiFi  6 Only",,75800,"Windows 11 Pro",,,,"Windows 11 Pro",
BD-04500,0,EITORD2025001640,,Computer,Laptop,Stock,5CG5350RQD,HP,14-EP0202NIA,75800,2025-12-24,"Eastern IT",SDL2000661,,MIS,LWR,SIL,SDL,,C7VM0EA#BH5,14-EP0202NIA,"Intel (R) Core i5-1334U",4.6,512,,16384,"WiFi  6 Only",,75800,"Windows 11 Pro",,,,"Windows 11 Pro",
BD-04501,0,EITORD2025001640,,Computer,Laptop,Stock,5CG5350RQX,HP,14-EP0202NIA,75800,2025-12-24,"Eastern IT",SDL2000661,,MIS,LWR,SIL,SDL,,C7VM0EA#BH5,14-EP0202NIA,"Intel (R) Core i5-1334U",4.6,512,,16384,"WiFi  6 Only",,75800,"Windows 11 Pro",,,,"Windows 11 Pro",
BD-04502,0,EITORD2025001640,,Computer,Laptop,Stock,5CG5350RW2,HP,14-EP0202NIA,75800,2025-12-24,"Eastern IT",SDL2000661,,MIS,LWR,SIL,SDL,,C7VM0EA#BH5,14-EP0202NIA,"Intel (R) Core i5-1334U",4.6,512,,16384,"WiFi  6 Only",,75800,"Windows 11 Pro",,,,"Windows 11 Pro",
BD-04503,0,EITORD2025001640,,Computer,Laptop,Stock,5CG5350RXG,HP,14-EP0202NIA,75800,2025-12-24,"Eastern IT",SDL2000661,,MIS,LWR,SIL,SDL,,C7VM0EA#BH5,14-EP0202NIA,"Intel (R) Core i5-1334U",4.6,512,,16384,"WiFi  6 Only",,75800,"Windows 11 Pro",,,,"Windows 11 Pro",
BD-04504,0,EITORD2025001640,,Computer,Laptop,Stock,5CG5350RZ5,HP,14-EP0202NIA,75800,2025-12-24,"Eastern IT",SDL2000661,,MIS,LWR,SIL,SDL,,C7VM0EA#BH5,14-EP0202NIA,"Intel (R) Core i5-1334U",4.6,512,,16384,"WiFi  6 Only",,75800,"Windows 11 Pro",,,,"Windows 11 Pro",
BD-04505,0,EITORD2025001640,,Computer,Laptop,Stock,5CG5350RZQ,HP,14-EP0202NIA,75800,2025-12-24,"Eastern IT",SDL2000661,,MIS,LWR,SIL,SDL,,C7VM0EA#BH5,14-EP0202NIA,"Intel (R) Core i5-1334U",4.6,512,,16384,"WiFi  6 Only",,75800,"Windows 11 Pro",,,,"Windows 11 Pro",
BD-04506,0,EITORD2025001640,,Computer,Laptop,Stock,5CG5350RZS,HP,14-EP0202NIA,75800,2025-12-24,"Eastern IT",SDL2000661,,MIS,LWR,SIL,SDL,,C7VM0EA#BH5,14-EP0202NIA,"Intel (R) Core i5-1334U",4.6,512,,16384,"WiFi  6 Only",,75800,"Windows 11 Pro",,,,"Windows 11 Pro",
BD-04507,0,EITORD2025001640,,Computer,Laptop,Stock,5CG5350RZV,HP,14-EP0202NIA,75800,2025-12-24,"Eastern IT",SDL2000661,,MIS,LWR,SIL,SDL,,C7VM0EA#BH5,14-EP0202NIA,"Intel (R) Core i5-1334U",4.6,512,,16384,"WiFi  6 Only",,75800,"Windows 11 Pro",,,,"Windows 11 Pro",
BD-04508,0,EITORD2025001640,,Computer,Laptop,Stock,5CG5350S0K,HP,14-EP0202NIA,75800,2025-12-24,"Eastern IT",SDL2000661,,MIS,LWR,SIL,SDL,,C7VM0EA#BH5,14-EP0202NIA,"Intel (R) Core i5-1334U",4.6,512,,16384,"WiFi  6 Only",,75800,"Windows 11 Pro",,,,"Windows 11 Pro",
BD-04509,0,EITORD2025001640,,Computer,Laptop,Stock,5CG5350S18,HP,14-EP0202NIA,75800,2025-12-24,"Eastern IT",SDL2000661,,MIS,LWR,SIL,SDL,,C7VM0EA#BH5,14-EP0202NIA,"Intel (R) Core i5-1334U",4.6,512,,16384,"WiFi  6 Only",,75800,"Windows 11 Pro",,,,"Windows 11 Pro",
BD-04509,0,EITORD2025001640,,Computer,Laptop,Stock,5CG5350S18,HP,14-EP0202NIA,75800,2025-12-24,"Eastern IT",SDL2000661,,MIS,LWR,SIL,SDL,,C7VM0EA#BH5,14-EP0202NIA,"Intel (R) Core i5-1334U",4.6,512,,16384,"WiFi  6 Only",,75800,"Windows 11 Pro",,,,"Windows 11 Pro",
BD-04509,0,EITORD2025001640,,Computer,Laptop,Stock,5CG5350S18,HP,14-EP0202NIA,75800,2025-12-24,"Eastern IT",SDL2000661,,MIS,LWR,SIL,SDL,,C7VM0EA#BH5,14-EP0202NIA,"Intel (R) Core i5-1334U",4.6,512,,16384,"WiFi  6 Only",,75800,"Windows 11 Pro",,,,"Windows 11 Pro",
BD-04509,0,EITORD2025001640,,Computer,Laptop,Stock,5CG5350S18,HP,14-EP0202NIA,75800,2025-12-24,"Eastern IT",SDL2000661,,MIS,LWR,SIL,SDL,,C7VM0EA#BH5,14-EP0202NIA,"Intel (R) Core i5-1334U",4.6,512,,16384,"WiFi  6 Only",,75800,"Windows 11 Pro",,,,"Windows 11 Pro",
BD-04510,0,EITORD2025001640,,Computer,Laptop,Stock,5CG5350S1H,HP,14-EP0202NIA,75800,2025-12-24,"Eastern IT",SDL2000661,,MIS,LWR,SIL,SDL,,C7VM0EA#BH5,14-EP0202NIA,"Intel (R) Core i5-1334U",4.6,512,,16384,"WiFi  6 Only",,75800,"Windows 11 Pro",,,,"Windows 11 Pro",
BD-04511,0,EITORD2025001640,,Computer,Laptop,Stock,5CG5350S1Q,HP,14-EP0202NIA,75800,2025-12-24,"Eastern IT",SDL2000661,,MIS,LWR,SIL,SDL,,C7VM0EA#BH5,14-EP0202NIA,"Intel (R) Core i5-1334U",4.6,512,,16384,"WiFi  6 Only",,75800,"Windows 11 Pro",,,,"Windows 11 Pro",
BD-04512,0,EITORD2025001640,,Computer,Laptop,Stock,5CG5350S28,HP,14-EP0202NIA,75800,2025-12-24,"Eastern IT",SDL2000661,,MIS,LWR,SIL,SDL,,C7VM0EA#BH5,14-EP0202NIA,"Intel (R) Core i5-1334U",4.6,512,,16384,"WiFi  6 Only",,75800,"Windows 11 Pro",,,,"Windows 11 Pro",
BD-04513,0,EITORD2025001640,,Computer,Laptop,Stock,5CG5350S3F,HP,14-EP0202NIA,75800,2025-12-24,"Eastern IT",SDL2000661,,MIS,LWR,SIL,SDL,,C7VM0EA#BH5,14-EP0202NIA,"Intel (R) Core i5-1334U",4.6,512,,16384,"WiFi  6 Only",,75800,"Windows 11 Pro",,,,"Windows 11 Pro",
BD-04514,0,EITORD2025001640,,Computer,Laptop,Stock,5CG5350RL9,HP,14-EP0202NIA,75800,2025-12-24,"Eastern IT",SDL2000661,,MIS,LWR,SIL,SDL,,C7VM0EA#BH5,14-EP0202NIA,"Intel (R) Core i5-1334U",4.6,512,,16384,"WiFi  6 Only",,75800,"Windows 11 Pro",,,,"Windows 11 Pro",
BD-04515,0,EITORD2025001640,,Computer,Laptop,Stock,5CG5350RRB,HP,14-EP0202NIA,75800,2025-12-24,"Eastern IT",SDL2000661,,MIS,LWR,SIL,SDL,,C7VM0EA#BH5,14-EP0202NIA,"Intel (R) Core i5-1334U",4.6,512,,16384,"WiFi  6 Only",,75800,"Windows 11 Pro",,,,"Windows 11 Pro",
BD-04516,0,EITORD2025001640,,Computer,Laptop,Stock,5CG5350RV4,HP,14-EP0202NIA,75800,2025-12-24,"Eastern IT",SDL2000661,,MIS,LWR,SIL,SDL,,C7VM0EA#BH5,14-EP0202NIA,"Intel (R) Core i5-1334U",4.6,512,,16384,"WiFi  6 Only",,75800,"Windows 11 Pro",,,,"Windows 11 Pro",
BD-04517,0,EITORD2025001640,,Computer,Laptop,Stock,5CG5350RVZ,HP,14-EP0202NIA,75800,2025-12-24,"Eastern IT",SDL2000661,,MIS,LWR,SIL,SDL,,C7VM0EA#BH5,14-EP0202NIA,"Intel (R) Core i5-1334U",4.6,512,,16384,"WiFi  6 Only",,75800,"Windows 11 Pro",,,,"Windows 11 Pro",
BD-04518,0,EITORD2025001640,,Computer,Laptop,Stock,5CG5350RXF,HP,14-EP0202NIA,75800,2025-12-24,"Eastern IT",SDL2000661,,MIS,LWR,SIL,SDL,,C7VM0EA#BH5,14-EP0202NIA,"Intel (R) Core i5-1334U",4.6,512,,16384,"WiFi  6 Only",,75800,"Windows 11 Pro",,,,"Windows 11 Pro",
BD-04519,0,EITORD2025001640,,Computer,Laptop,Stock,5CG5350RZW,HP,14-EP0202NIA,75800,2025-12-24,"Eastern IT",SDL2000661,,MIS,LWR,SIL,SDL,,C7VM0EA#BH5,14-EP0202NIA,"Intel (R) Core i5-1334U",4.6,512,,16384,"WiFi  6 Only",,75800,"Windows 11 Pro",,,,"Windows 11 Pro",
BD-04520,0,EITORD2025001640,,Computer,Laptop,Stock,5CG5350S01,HP,14-EP0202NIA,75800,2025-12-24,"Eastern IT",SDL2000661,,MIS,LWR,SIL,SDL,,C7VM0EA#BH5,14-EP0202NIA,"Intel (R) Core i5-1334U",4.6,512,,16384,"WiFi  6 Only",,75800,"Windows 11 Pro",,,,"Windows 11 Pro",
BD-04521,0,EITORD2025001640,,Computer,Laptop,Stock,5CG5350S0M,HP,14-EP0202NIA,75800,2025-12-24,"Eastern IT",SDL2000661,,MIS,LWR,SIL,SDL,,C7VM0EA#BH5,14-EP0202NIA,"Intel (R) Core i5-1334U",4.6,512,,16384,"WiFi  6 Only",,75800,"Windows 11 Pro",,,,"Windows 11 Pro",
BD-04522,0,EITORD2025001640,,Computer,Laptop,Stock,5CG5350S1Z,HP,14-EP0202NIA,75800,2025-12-24,"Eastern IT",SDL2000661,,MIS,LWR,SIL,SDL,,C7VM0EA#BH5,14-EP0202NIA,"Intel (R) Core i5-1334U",4.6,512,,16384,"WiFi  6 Only",,75800,"Windows 11 Pro",,,,"Windows 11 Pro",
BD-04523,0,EITORD2025001640,,Computer,Laptop,Stock,5CG5350S2H,HP,14-EP0202NIA,75800,2025-12-24,"Eastern IT",SDL2000661,,MIS,LWR,SIL,SDL,,C7VM0EA#BH5,14-EP0202NIA,"Intel (R) Core i5-1334U",4.6,512,,16384,"WiFi  6 Only",,75800,"Windows 11 Pro",,,,"Windows 11 Pro",
BD-04524,0,EITORD2025001640,,Computer,Laptop,Stock,5CG5350S37,HP,14-EP0202NIA,75800,2025-12-24,"Eastern IT",SDL2000661,,MIS,LWR,SIL,SDL,,C7VM0EA#BH5,14-EP0202NIA,"Intel (R) Core i5-1334U",4.6,512,,16384,"WiFi  6 Only",,75800,"Windows 11 Pro",,,,"Windows 11 Pro",
BD-04525,0,EITORD2025001640,,Computer,Laptop,Stock,5CG5350S3B,HP,14-EP0202NIA,75800,2025-12-24,"Eastern IT",SDL2000661,,MIS,LWR,SIL,SDL,,C7VM0EA#BH5,14-EP0202NIA,"Intel (R) Core i5-1334U",4.6,512,,16384,"WiFi  6 Only",,75800,"Windows 11 Pro",,,,"Windows 11 Pro",
BD-04526,0,EITORD2025001640,,Computer,Laptop,Stock,5CG5350S3M,HP,14-EP0202NIA,75800,2025-12-24,"Eastern IT",SDL2000661,,MIS,LWR,SIL,SDL,,C7VM0EA#BH5,14-EP0202NIA,"Intel (R) Core i5-1334U",4.6,512,,16384,"WiFi  6 Only",,75800,"Windows 11 Pro",,,,"Windows 11 Pro",
BD-04527,0,EITORD2025001641,,Computer,Laptop,Stock,5CG5350RQL,HP,14-EP0202NIA,75800,2025-12-24,"Eastern IT",DBO5000221,,MIS,LWR,SIL,SDL,,C7VM0EA#BH5,14-EP0202NIA,"Intel (R) Core i5-1334U",4.6,512,,16384,"WiFi  6 Only",,75800,"Windows 11 Pro",,,,"Windows 11 Pro",
BD-04527,0,EITORD2025001641,,Computer,Laptop,Stock,5CG5350RQL,HP,14-EP0202NIA,75800,2025-12-24,"Eastern IT",DBO5000221,,MIS,LWR,SIL,SDL,,C7VM0EA#BH5,14-EP0202NIA,"Intel (R) Core i5-1334U",4.6,512,,16384,"WiFi  6 Only",,75800,"Windows 11 Pro",,,,"Windows 11 Pro",
BD-04528,0,EITORD2025001641,,Computer,Laptop,Stock,5CG5350RZF,HP,14-EP0202NIA,75800,2025-12-24,"Eastern IT",DBO5000221,,MIS,LWR,SIL,SDL,,C7VM0EA#BH5,14-EP0202NIA,"Intel (R) Core i5-1334U",4.6,512,,16384,"WiFi  6 Only",,75800,"Windows 11 Pro",,,,"Windows 11 Pro",
BD-04528,0,EITORD2025001641,,Computer,Laptop,Stock,5CG5350RZF,HP,14-EP0202NIA,75800,2025-12-24,"Eastern IT",DBO5000221,,MIS,LWR,SIL,SDL,,C7VM0EA#BH5,14-EP0202NIA,"Intel (R) Core i5-1334U",4.6,512,,16384,"WiFi  6 Only",,75800,"Windows 11 Pro",,,,"Windows 11 Pro",
BD-04529,0,EITORD2025001641,,Computer,Laptop,Stock,5CG5350S11,HP,14-EP0202NIA,75800,2025-12-24,"Eastern IT",DBO5000221,,MIS,LWR,SIL,SDL,,C7VM0EA#BH5,14-EP0202NIA,"Intel (R) Core i5-1334U",4.6,512,,16384,"WiFi  6 Only",,75800,"Windows 11 Pro",,,,"Windows 11 Pro",
BD-04530,0,EITORD2025001641,,Computer,Laptop,Stock,5CG5350S1S,HP,14-EP0202NIA,75800,2025-12-24,"Eastern IT",DBO5000221,,MIS,LWR,SIL,SDL,,C7VM0EA#BH5,14-EP0202NIA,"Intel (R) Core i5-1334U",4.6,512,,16384,"WiFi  6 Only",,75800,"Windows 11 Pro",,,,"Windows 11 Pro",
BD-04531,0,EITORD2025001641,,Computer,Laptop,Stock,5CG5350S27,HP,14-EP0202NIA,75800,2025-12-24,"Eastern IT",DBO5000221,,MIS,LWR,SIL,SDL,,C7VM0EA#BH5,14-EP0202NIA,"Intel (R) Core i5-1334U",4.6,512,,16384,"WiFi  6 Only",,75800,"Windows 11 Pro",,,,"Windows 11 Pro",
BD-04532,0,EITORD2025001641,,Computer,Laptop,Stock,5CG5350S2D,HP,14-EP0202NIA,75800,2025-12-24,"Eastern IT",DBO5000221,,MIS,LWR,SIL,SDL,,C7VM0EA#BH5,14-EP0202NIA,"Intel (R) Core i5-1334U",4.6,512,,16384,"WiFi  6 Only",,75800,"Windows 11 Pro",,,,"Windows 11 Pro",
BD-04533,0,EITORD2025001641,,Computer,Laptop,Stock,5CG5350S2M,HP,14-EP0202NIA,75800,2025-12-24,"Eastern IT",DBO5000221,,MIS,LWR,SIL,SDL,,C7VM0EA#BH5,14-EP0202NIA,"Intel (R) Core i5-1334U",4.6,512,,16384,"WiFi  6 Only",,75800,"Windows 11 Pro",,,,"Windows 11 Pro",
BD-04534,0,EITORD2025001641,,Computer,Laptop,Stock,5CG5350S46,HP,14-EP0202NIA,75800,2025-12-24,"Eastern IT",DBO5000221,,MIS,LWR,SIL,SDL,,C7VM0EA#BH5,14-EP0202NIA,"Intel (R) Core i5-1334U",4.6,512,,16384,"WiFi  6 Only",,75800,"Windows 11 Pro",,,,"Windows 11 Pro",
BD-04535,0,EITORD2025001641,,Computer,Laptop,Stock,5CG5350RL5,HP,14-EP0202NIA,75800,2025-12-24,"Eastern IT",DBO5000221,,MIS,LWR,SIL,SDL,,C7VM0EA#BH5,14-EP0202NIA,"Intel (R) Core i5-1334U",4.6,512,,16384,"WiFi  6 Only",,75800,"Windows 11 Pro",,,,"Windows 11 Pro",
BD-04536,0,EITORD2025001641,,Computer,Laptop,Stock,5CG5350RMC,HP,14-EP0202NIA,75800,2025-12-24,"Eastern IT",DBO5000221,,MIS,LWR,SIL,SDL,,C7VM0EA#BH5,14-EP0202NIA,"Intel (R) Core i5-1334U",4.6,512,,16384,"WiFi  6 Only",,75800,"Windows 11 Pro",,,,"Windows 11 Pro",
BD-04537,0,EITORD2025001641,,Computer,Laptop,Stock,5CG5350RMG,HP,14-EP0202NIA,75800,2025-12-24,"Eastern IT",DBO5000221,,MIS,LWR,SIL,SDL,,C7VM0EA#BH5,14-EP0202NIA,"Intel (R) Core i5-1334U",4.6,512,,16384,"WiFi  6 Only",,75800,"Windows 11 Pro",,,,"Windows 11 Pro",
BD-04538,0,EITORD2025001642,,Computer,Laptop,Stock,5CG5350RL1,HP,14-EP0202NIA,75800,2025-12-24,"Eastern IT",DBO5000224,,MIS,LWR,SIL,SDL,,C7VM0EA#BH5,14-EP0202NIA,"Intel (R) Core i5-1334U",4.6,512,,16384,"WiFi  6 Only",,75800,"Windows 11 Pro",,,,"Windows 11 Pro",
BD-04539,0,EITORD2025001640,,Computer,Laptop,Stock,5CD5269K0Q,HP,"Probook 440 G10",110000,2025-12-24,"Eastern IT",SDL2000661,,MIS,LWR,SIL,SDL,,,"Probook 440 G10","Intel (R) Core i7-1335U",5.0,512,,32768,"WiFi & LAN",,110000,"Windows 11 Pro",,,"Windows 11 Pro",8DFFT-N34CQ-HJM82-67CT3-49CKG,
BD-04544,0,EITORD2025001644,,Computer,Desktop,Stock,4CE520C52P,HP,"Pro Tower 290 G9",101200,2025-12-24,"Eastern IT",SDL2000660,,MIS,LWR,SDL,SDL,,B70TJAT#BH5,"Pro Tower 290 G9","IntelÂ® Coreâ„¢ i7-12700",4.90,512,,8196,"LAN & Wi-Fi",,8196,"WIN 11 Pro",2026-01-04,,"WIN 11 Pro",,
BD-04545,0,EITORD2025001644,,Computer,Desktop,Stock,4CE520C52T,HP,"Pro Tower 290 G9",101200,2025-12-24,"Eastern IT",SDL2000660,,MIS,LWR,SDL,SDL,,B70TJAT#BH5,"Pro Tower 290 G9","IntelÂ® Coreâ„¢ i7-12700",4.90,512,,8196,"LAN & Wi-Fi",,8196,"WIN 11 Pro",2026-01-04,,"WIN 11 Pro",,
BD-04546,0,EITORD2025001644,SDLD646,Computer,Desktop,Stock,4CE520C4V1,HP,"Pro Tower 290 G9",101200,2025-12-24,"Eastern IT",SDL2000660,,MIS,LWR,SDL,SDL,,B70TJAT#BH5,"Pro Tower 290 G9","IntelÂ® Coreâ„¢ i7-12700",4.90,512,,8196,"LAN & Wi-Fi",,8196,"WIN 11 Pro",2026-01-08,,"WIN 11 Pro",NXWVW-X7H6G-F6XW9-MP7WC-TMT6T,
BD-04547,0,EITORD2025001644,,Computer,Desktop,Stock,4CE520C5DQ,HP,"Pro Tower 290 G9",101200,2025-12-24,"Eastern IT",SDL2000660,,MIS,LWR,SDL,SDL,,B70TJAT#BH5,"Pro Tower 290 G9","IntelÂ® Coreâ„¢ i7-12700",4.90,512,,8196,"LAN & Wi-Fi",,8196,"WIN 11 Pro",2026-01-04,,"WIN 11 Pro",,
BD-04548,0,EITORD2025001644,SDLD648,Computer,Desktop,Stock,4CE520C5DF,HP,"Pro Tower 290 G9",101200,2025-12-24,"Eastern IT",SDL2000660,,MIS,LWR,SDL,SDL,,B70TJAT#BH5,"Pro Tower 290 G9","IntelÂ® Coreâ„¢ i7-12700",4.90,512,,8196,"LAN & Wi-Fi",,8196,"WIN 11 Pro",2026-01-04,,"WIN 11 Pro",K48B6VJNW3-CCTRG-324R8-F3KTT,
BD-04549,0,EITORD2025001644,,Computer,Desktop,Stock,4CE520C51R,HP,"Pro Tower 290 G9",101200,2025-12-24,"Eastern IT",SDL2000660,,MIS,LWR,SDL,SDL,,B70TJAT#BH5,"Pro Tower 290 G9","IntelÂ® Coreâ„¢ i7-12700",4.90,512,,8196,"LAN & Wi-Fi",,8196,"WIN 11 Pro",2026-01-04,,"WIN 11 Pro",,
BD-04550,0,EITORD2025001644,,Computer,Desktop,Stock,4CE520C532,HP,"Pro Tower 290 G9",101200,2025-12-24,"Eastern IT",SDL2000660,,MIS,LWR,SDL,SDL,,B70TJAT#BH5,"Pro Tower 290 G9","IntelÂ® Coreâ„¢ i7-12700",4.90,512,,8196,"LAN & Wi-Fi",,8196,"WIN 11 Pro",2026-01-04,,"WIN 11 Pro",,
BD-04551,0,EITORD2025001644,,Computer,Desktop,Stock,4CE520C5BB,HP,"Pro Tower 290 G9",101200,2025-12-24,"Eastern IT",SDL2000660,,MIS,LWR,SDL,SDL,,B70TJAT#BH5,"Pro Tower 290 G9","IntelÂ® Coreâ„¢ i7-12700",4.90,512,,8196,"LAN & Wi-Fi",,8196,"WIN 11 Pro",2026-01-04,,"WIN 11 Pro",,
BD-04552,0,EITORD2025001644,,Computer,Desktop,Stock,4CE520C5GV,HP,"Pro Tower 290 G9",101200,2025-12-24,"Eastern IT",SDL2000660,,MIS,LWR,SDL,SDL,,B70TJAT#BH5,"Pro Tower 290 G9","IntelÂ® Coreâ„¢ i7-12700",4.90,512,,8196,"LAN & Wi-Fi",,8196,"WIN 11 Pro",2026-01-04,,"WIN 11 Pro",,
BD-04553,0,EITORD2025001644,,Computer,Desktop,Stock,4CE520C52V,HP,"Pro Tower 290 G9",101200,2025-12-24,"Eastern IT",SDL2000660,,MIS,LWR,SDL,SDL,,B70TJAT#BH5,"Pro Tower 290 G9","IntelÂ® Coreâ„¢ i7-12700",4.90,512,,8196,"LAN & Wi-Fi",,8196,"WIN 11 Pro",2026-01-04,,"WIN 11 Pro",,
BD-04554,0,EITORD2025001644,,Computer,Desktop,Stock,4CE520C5HT,HP,"Pro Tower 290 G9",101200,2025-12-24,"Eastern IT",SDL2000660,,MIS,LWR,SDL,SDL,,B70TJAT#BH5,"Pro Tower 290 G9","IntelÂ® Coreâ„¢ i7-12700",4.90,512,,8196,"LAN & Wi-Fi",,8196,"WIN 11 Pro",2026-01-04,,"WIN 11 Pro",,
BD-04555,0,EITORD2025001644,,Computer,Desktop,Stock,4CE520C5GF,HP,"Pro Tower 290 G9",101200,2025-12-24,"Eastern IT",SDL2000660,,MIS,LWR,SDL,SDL,,B70TJAT#BH5,"Pro Tower 290 G9","IntelÂ® Coreâ„¢ i7-12700",4.90,512,,8196,"LAN & Wi-Fi",,8196,"WIN 11 Pro",2026-01-04,,"WIN 11 Pro",,
BD-04556,0,EITORD2025001644,,Computer,Desktop,Stock,4CE520C5PX,HP,"Pro Tower 290 G9",101200,2025-12-24,"Eastern IT",SDL2000660,,MIS,LWR,SDL,SDL,,B70TJAT#BH5,"Pro Tower 290 G9","IntelÂ® Coreâ„¢ i7-12700",4.90,512,,8196,"LAN & Wi-Fi",,8196,"WIN 11 Pro",2026-01-04,,"WIN 11 Pro",,
BD-04556,0,EITORD2025001644,,Computer,Desktop,Stock,4CE520C5PX,HP,"Pro Tower 290 G9",101200,2025-12-24,"Eastern IT",SDL2000660,,MIS,LWR,SDL,SDL,,B70TJAT#BH5,"Pro Tower 290 G9","IntelÂ® Coreâ„¢ i7-12700",4.90,512,,8196,"LAN & Wi-Fi",,8196,"WIN 11 Pro",2026-01-04,,"WIN 11 Pro",,
BD-04556,0,EITORD2025001644,,Computer,Desktop,Stock,4CE520C5F9,HP,"Pro Tower 290 G9",101200,2025-12-24,"Eastern IT",SDL2000660,,MIS,LWR,SDL,SDL,,B70TJAT#BH5,"Pro Tower 290 G9","IntelÂ® Coreâ„¢ i7-12700",4.90,512,,8196,"LAN & Wi-Fi",,8196,"WIN 11 Pro",2026-01-04,,"WIN 11 Pro",,
BD-04556,0,EITORD2025001644,,Computer,Desktop,Stock,4CE520C5F9,HP,"Pro Tower 290 G9",101200,2025-12-24,"Eastern IT",SDL2000660,,MIS,LWR,SDL,SDL,,B70TJAT#BH5,"Pro Tower 290 G9","IntelÂ® Coreâ„¢ i7-12700",4.90,512,,8196,"LAN & Wi-Fi",,8196,"WIN 11 Pro",2026-01-04,,"WIN 11 Pro",,
BD-04557,0,EITORD2025001644,,Computer,Desktop,Stock,4CE520C5F9,HP,"Pro Tower 290 G9",101200,2025-12-24,"Eastern IT",SDL2000660,,MIS,LWR,SDL,SDL,,B70TJAT#BH5,"Pro Tower 290 G9","IntelÂ® Coreâ„¢ i7-12700",4.90,512,,8196,"LAN & Wi-Fi",,8196,"WIN 11 Pro",2026-01-04,,"WIN 11 Pro",,
BD-04558,0,EITORD2025001644,,Computer,Desktop,Stock,4CE520C5DY,HP,"Pro Tower 290 G9",101200,2025-12-24,"Eastern IT",SDL2000660,,MIS,LWR,SDL,SDL,,B70TJAT#BH5,"Pro Tower 290 G9","IntelÂ® Coreâ„¢ i7-12700",4.90,512,,8196,"LAN & Wi-Fi",,8196,"WIN 11 Pro",2026-01-04,,"WIN 11 Pro",,
BD-04559,0,EITORD2025001644,,Computer,Desktop,Stock,4CE520C5G5,HP,"Pro Tower 290 G9",101200,2025-12-24,"Eastern IT",SDL2000660,,MIS,LWR,SDL,SDL,,B70TJAT#BH5,"Pro Tower 290 G9","IntelÂ® Coreâ„¢ i7-12700",4.90,512,,8196,"LAN & Wi-Fi",,8196,"WIN 11 Pro",2026-01-04,,"WIN 11 Pro",,
BD-04560,0,EITORD2025001644,,Computer,Desktop,Stock,4CE520C5GQ,HP,"Pro Tower 290 G9",101200,2025-12-24,"Eastern IT",SDL2000660,,MIS,LWR,SDL,SDL,,B70TJAT#BH5,"Pro Tower 290 G9","IntelÂ® Coreâ„¢ i7-12700",4.90,512,,8196,"LAN & Wi-Fi",,8196,"WIN 11 Pro",2026-01-04,,"WIN 11 Pro",,
BD-04561,0,EITORD2025001644,,Computer,Desktop,Stock,4CE520C5HB,HP,"Pro Tower 290 G9",101200,2025-12-24,"Eastern IT",SDL2000660,,MIS,LWR,SDL,SDL,,B70TJAT#BH5,"Pro Tower 290 G9","IntelÂ® Coreâ„¢ i7-12700",4.90,512,,8196,"LAN & Wi-Fi",,8196,"WIN 11 Pro",2026-01-04,,"WIN 11 Pro",,
BD-04562,0,EITORD2025001644,,Computer,Desktop,Stock,4CE520C5M7,HP,"Pro Tower 290 G9",101200,2025-12-24,"Eastern IT",SDL2000660,,MIS,LWR,SDL,SDL,,B70TJAT#BH5,"Pro Tower 290 G9","IntelÂ® Coreâ„¢ i7-12700",4.90,512,,8196,"LAN & Wi-Fi",,8196,"WIN 11 Pro",2026-01-04,,"WIN 11 Pro",,
BD-04563,0,EITORD2025001644,,Computer,Desktop,Stock,4CE520C5V9,HP,"Pro Tower 290 G9",101200,2025-12-24,"Eastern IT",SDL2000660,,MIS,LWR,SDL,SDL,,B70TJAT#BH5,"Pro Tower 290 G9","IntelÂ® Coreâ„¢ i7-12700",4.90,512,,8196,"LAN & Wi-Fi",,8196,"WIN 11 Pro",2026-01-04,,"WIN 11 Pro",,
BD-04564,0,EITORD2025001644,,Computer,Desktop,Stock,4CE520C60N,HP,"Pro Tower 290 G9",101200,2025-12-24,"Eastern IT",SDL2000660,,MIS,LWR,SDL,SDL,,B70TJAT#BH5,"Pro Tower 290 G9","IntelÂ® Coreâ„¢ i7-12700",4.90,512,,8196,"LAN & Wi-Fi",,8196,"WIN 11 Pro",2026-01-04,,"WIN 11 Pro",,
BD-04565,0,EITORD2025001644,,Computer,Desktop,Stock,4CE520C61Y,HP,"Pro Tower 290 G9",101200,2025-12-24,"Eastern IT",SDL2000660,,MIS,LWR,SDL,SDL,,B70TJAT#BH5,"Pro Tower 290 G9","IntelÂ® Coreâ„¢ i7-12700",4.90,512,,8196,"LAN & Wi-Fi",,8196,"WIN 11 Pro",2026-01-04,,"WIN 11 Pro",,
BD-04566,0,EITORD2025001644,,Computer,Desktop,Stock,4CE520C63Q,HP,"Pro Tower 290 G9",101200,2025-12-24,"Eastern IT",SDL2000660,,MIS,LWR,SDL,SDL,,B70TJAT#BH5,"Pro Tower 290 G9","IntelÂ® Coreâ„¢ i7-12700",4.90,512,,8196,"LAN & Wi-Fi",,8196,"WIN 11 Pro",2026-01-04,,"WIN 11 Pro",,
BD-04567,0,EITORD2025001644,,Computer,Desktop,Stock,4CE520C4S7,HP,"Pro Tower 290 G9",101200,2025-12-24,"Eastern IT",SDL2000660,,MIS,LWR,SDL,SDL,,B70TJAT#BH5,"Pro Tower 290 G9","IntelÂ® Coreâ„¢ i7-12700",4.90,512,,8196,"LAN & Wi-Fi",,8196,"WIN 11 Pro",2026-01-04,,"WIN 11 Pro",,
BD-04568,0,EITORD2025001644,SDLD653,Computer,Desktop,Stock,4CE520C4SR,HP,"Pro Tower 290 G9",101200,2025-12-24,"Eastern IT",SDL2000660,,MIS,LWR,SDL,SDL,,B70TJAT#BH5,"Pro Tower 290 G9","IntelÂ® Coreâ„¢ i7-12700",4.90,512,,8196,"LAN & Wi-Fi",,8196,"WIN 11 Pro",2026-01-08,,"WIN 11 Pro",NM7MK-QW2CV-D84YB-762XD-PYT6T,
BD-04568,0,EITORD2025001644,SDLD653,Computer,Desktop,Stock,4CE520C4SR,HP,"Pro Tower 290 G9",101200,2025-12-24,"Eastern IT",SDL2000660,,MIS,LWR,SDL,SDL,,B70TJAT#BH5,"Pro Tower 290 G9","IntelÂ® Coreâ„¢ i7-12700",4.90,512,,8196,"LAN & Wi-Fi",,8196,"WIN 11 Pro",2026-01-08,,"WIN 11 Pro",NM7MK-QW2CV-D84YB-762XD-PYT6T,
BD-04569,0,EITORD2025001644,SDLD649,Computer,Desktop,Stock,4CE520C502,HP,"Pro Tower 290 G9",101200,2025-12-24,"Eastern IT",SDL2000660,,MIS,LWR,SDL,SDL,,B70TJAT#BH5,"Pro Tower 290 G9","IntelÂ® Coreâ„¢ i7-12700",4.90,512,,8196,"LAN & Wi-Fi",,8196,"WIN 11 Pro",2026-01-04,,"WIN 11 Pro",NGBM8-3VMMW-GWV3Q-72JWQ-C3726,
BD-04570,0,EITORD2025001644,,Computer,Desktop,Stock,4CE520C5FZ,HP,"Pro Tower 290 G9",101200,2025-12-24,"Eastern IT",SDL2000660,,MIS,LWR,SDL,SDL,,B70TJAT#BH5,"Pro Tower 290 G9","IntelÂ® Coreâ„¢ i7-12700",4.90,512,,8196,"LAN & Wi-Fi",,8196,"WIN 11 Pro",2026-01-04,,"WIN 11 Pro",,
BD-04571,0,EITORD2025001644,SDLD647,Computer,Desktop,Stock,4CE520C5S3,HP,"Pro Tower 290 G9",101200,2025-12-24,"Eastern IT",SDL2000660,,MIS,LWR,SDL,SDL,,B70TJAT#BH5,"Pro Tower 290 G9","IntelÂ® Coreâ„¢ i7-12700",4.90,512,,8196,"LAN & Wi-Fi",,8196,"WIN 11 Pro",2026-01-04,,"WIN 11 Pro",NTJGQ-4HTGM-V6FP7-RTH63-Y4G6T,
BD-04572,0,EITORD2025001644,,Computer,Desktop,Stock,4CE520C5GP,HP,"Pro Tower 290 G9",101200,2025-12-24,"Eastern IT",SDL2000660,,MIS,LWR,SDL,SDL,,B70TJAT#BH5,"Pro Tower 290 G9","IntelÂ® Coreâ„¢ i7-12700",4.90,512,,8196,"LAN & Wi-Fi",,8196,"WIN 11 Pro",2026-01-04,,"WIN 11 Pro",,
BD-04573,0,EITORD2025001644,,Computer,Desktop,Stock,4CE520C5VG,HP,"Pro Tower 290 G9",101200,2025-12-24,"Eastern IT",SDL2000660,,MIS,LWR,SDL,SDL,,B70TJAT#BH5,"Pro Tower 290 G9","IntelÂ® Coreâ„¢ i7-12700",4.90,512,,8196,"LAN & Wi-Fi",,8196,"WIN 11 Pro",2026-01-04,,"WIN 11 Pro",,
BD-04576,0,EITORD2025001644,,Computer,Desktop,Stock,4CE535BQTH,HP,"Pro Tower 290 G9",64737,2025-12-24,"Eastern IT",SDL2000660,,MIS,LWR,SDL,SDL,,CA0S3ES#A2N,"HP Pro Tower 290 G9","Intel (R) Core i5-12400",4.6,512,,8192,"WiFi & LAN",,64737,"Windows 11 Pro",2026-01-04,,"Windows 11 Pro",,
BD-04577,0,EITORD2025001644,,Computer,Desktop,Stock,4CE535BQTP,HP,"Pro Tower 290 G9",64737,2025-12-24,"Eastern IT",SDL2000660,,MIS,LWR,SDL,SDL,,CA0S3ES#A2N,"HP Pro Tower 290 G9","Intel (R) Core i5-12400",4.6,512,,8192,"WiFi & LAN",,64737,"Windows 11 Pro",2026-01-04,,"Windows 11 Pro",,
BD-04578,0,EITORD2025001644,,Computer,Desktop,Stock,4CE535BQTY,HP,"Pro Tower 290 G9",64737,2025-12-24,"Eastern IT",SDL2000660,,MIS,LWR,SDL,SDL,,CA0S3ES#A2N,"HP Pro Tower 290 G9","Intel (R) Core i5-12400",4.6,512,,8192,"WiFi & LAN",,64737,"Windows 11 Pro",2026-01-04,,"Windows 11 Pro",,
BD-04579,0,EITORD2025001644,,Computer,Desktop,Stock,4CE535BQVQ,HP,"Pro Tower 290 G9",64737,2025-12-24,"Eastern IT",SDL2000660,,MIS,LWR,SDL,SDL,,CA0S3ES#A2N,"HP Pro Tower 290 G9","Intel (R) Core i5-12400",4.6,512,,8192,"WiFi & LAN",,64737,"Windows 11 Pro",2026-01-04,,"Windows 11 Pro",,
BD-04580,0,EITORD2025001644,,Computer,Desktop,Stock,4CE535BQW5,HP,"Pro Tower 290 G9",64737,2025-12-24,"Eastern IT",SDL2000660,,MIS,LWR,SDL,SDL,,CA0S3ES#A2N,"HP Pro Tower 290 G9","Intel (R) Core i5-12400",4.6,512,,8192,"WiFi & LAN",,64737,"Windows 11 Pro",2026-01-04,,"Windows 11 Pro",,
BD-04581,0,EITORD2025001644,,Computer,Desktop,Stock,4CE537D9BD,HP,"Pro Tower 290 G9",64737,2025-12-24,"Eastern IT",SDL2000660,,MIS,LWR,SDL,SDL,,CA0S3ES#A2N,"HP Pro Tower 290 G9","Intel (R) Core i5-12400",4.6,512,,8192,"WiFi & LAN",,64737,"Windows 11 Pro",2026-01-04,,"Windows 11 Pro",,
BD-04582,0,EITORD2025001644,,Computer,Desktop,Stock,4CE537D9CC,HP,"Pro Tower 290 G9",64737,2025-12-24,"Eastern IT",SDL2000660,,MIS,LWR,SDL,SDL,,CA0S3ES#A2N,"HP Pro Tower 290 G9","Intel (R) Core i5-12400",4.6,512,,8192,"WiFi & LAN",,64737,"Windows 11 Pro",2026-01-04,,"Windows 11 Pro",,
BD-04583,0,EITORD2025001644,,Computer,Desktop,Stock,4CE537D9DT,HP,"Pro Tower 290 G9",64737,2025-12-24,"Eastern IT",SDL2000660,,MIS,LWR,SDL,SDL,,CA0S3ES#A2N,"HP Pro Tower 290 G9","Intel (R) Core i5-12400",4.6,512,,8192,"WiFi & LAN",,64737,"Windows 11 Pro",2026-01-04,,"Windows 11 Pro",,
BD-04584,0,EITORD2025001644,,Computer,Desktop,Stock,4CE537D9FG,HP,"Pro Tower 290 G9",64737,2025-12-24,"Eastern IT",SDL2000660,,MIS,LWR,SDL,SDL,,CA0S3ES#A2N,"HP Pro Tower 290 G9","Intel (R) Core i5-12400",4.6,512,,8192,"WiFi & LAN",,64737,"Windows 11 Pro",2026-01-04,,"Windows 11 Pro",,
BD-04585,0,EITORD2025001644,,Computer,Desktop,Stock,4CE537D9G8,HP,"Pro Tower 290 G9",64737,2025-12-24,"Eastern IT",SDL2000660,,MIS,LWR,SDL,SDL,,CA0S3ES#A2N,"HP Pro Tower 290 G9","Intel (R) Core i5-12400",4.6,512,,8192,"WiFi & LAN",,64737,"Windows 11 Pro",2026-01-04,,"Windows 11 Pro",,
BD-04586,0,EITORD2025001644,,Computer,Desktop,Stock,4CE537D9GQ,HP,"Pro Tower 290 G9",64737,2025-12-24,"Eastern IT",SDL2000660,,MIS,LWR,SDL,SDL,,CA0S3ES#A2N,"HP Pro Tower 290 G9","Intel (R) Core i5-12400",4.6,512,,8192,"WiFi & LAN",,64737,"Windows 11 Pro",2026-01-04,,"Windows 11 Pro",,
BD-04587,0,EITORD2025001644,,Computer,Desktop,Stock,4CE537D9JD,HP,"Pro Tower 290 G9",64737,2025-12-24,"Eastern IT",SDL2000660,,MIS,LWR,SDL,SDL,,CA0S3ES#A2N,"HP Pro Tower 290 G9","Intel (R) Core i5-12400",4.6,512,,8192,"WiFi & LAN",,64737,"Windows 11 Pro",2026-01-04,,"Windows 11 Pro",,
BD-04588,0,EITORD2025001644,,Computer,Desktop,Stock,4CE537D9K8,HP,"Pro Tower 290 G9",64737,2025-12-24,"Eastern IT",SDL2000660,,MIS,LWR,SDL,SDL,,CA0S3ES#A2N,"HP Pro Tower 290 G9","Intel (R) Core i5-12400",4.6,512,,8192,"WiFi & LAN",,64737,"Windows 11 Pro",2026-01-04,,"Windows 11 Pro",,
BD-04589,0,EITORD2025001644,,Computer,Desktop,Stock,4CE537D9MV,HP,"Pro Tower 290 G9",64737,2025-12-24,"Eastern IT",SDL2000660,,MIS,LWR,SDL,SDL,,CA0S3ES#A2N,"HP Pro Tower 290 G9","Intel (R) Core i5-12400",4.6,512,,8192,"WiFi & LAN",,64737,"Windows 11 Pro",2026-01-04,,"Windows 11 Pro",,
BD-04590,0,EITORD2025001644,,Computer,Desktop,Stock,4CE537D9NF,HP,"Pro Tower 290 G9",64737,2025-12-24,"Eastern IT",SDL2000660,,MIS,LWR,SDL,SDL,,CA0S3ES#A2N,"HP Pro Tower 290 G9","Intel (R) Core i5-12400",4.6,512,,8192,"WiFi & LAN",,64737,"Windows 11 Pro",2026-01-04,,"Windows 11 Pro",,
BD-04591,0,EITORD2025001644,,Computer,Desktop,Stock,4CE535BQZT,HP,"Pro Tower 290 G9",64737,2025-12-24,"Eastern IT",SDL2000660,,MIS,LWR,SDL,SDL,,CA0S3ES#A2N,"HP Pro Tower 290 G9","Intel (R) Core i5-12400",4.6,512,,8192,"WiFi & LAN",,64737,"Windows 11 Pro",2026-01-04,,"Windows 11 Pro",,
BD-04592,0,EITORD2025001644,,Computer,Desktop,Stock,4CE534B9CB,HP,"Pro Tower 290 G9",64737,2025-12-24,"Eastern IT",SDL2000660,,MIS,LWR,SDL,SDL,,CA0S3ES#A2N,"HP Pro Tower 290 G9","Intel (R) Core i5-12400",4.6,512,,8192,"WiFi & LAN",,64737,"Windows 11 Pro",2026-01-04,,"Windows 11 Pro",,
BD-04593,0,EITORD2025001644,,Computer,Desktop,Stock,4CE534BK4W,HP,"Pro Tower 290 G9",64737,2025-12-24,"Eastern IT",SDL2000660,,MIS,LWR,SDL,SDL,,CA0S3ES#A2N,"HP Pro Tower 290 G9","Intel (R) Core i5-12400",4.6,512,,8192,"WiFi & LAN",,64737,"Windows 11 Pro",2026-01-04,,"Windows 11 Pro",,
BD-04594,0,EITORD2025001644,,Computer,Desktop,Stock,4CE534BK5K,HP,"Pro Tower 290 G9",64737,2025-12-24,"Eastern IT",SDL2000660,,MIS,LWR,SDL,SDL,,CA0S3ES#A2N,"HP Pro Tower 290 G9","Intel (R) Core i5-12400",4.6,512,,8192,"WiFi & LAN",,64737,"Windows 11 Pro",2026-01-04,,"Windows 11 Pro",,
BD-04595,0,EITORD2025001644,,Computer,Desktop,Stock,4CE534BK31,HP,"Pro Tower 290 G9",64737,2025-12-24,"Eastern IT",SDL2000660,,MIS,LWR,SDL,SDL,,CA0S3ES#A2N,"HP Pro Tower 290 G9","Intel (R) Core i5-12400",4.6,512,,8192,"WiFi & LAN",,64737,"Windows 11 Pro",2026-01-04,,"Windows 11 Pro",,
BD-04596,0,EITORD2025001644,,Computer,Desktop,Stock,4CE534BK4C,HP,"Pro Tower 290 G9",64737,2025-12-24,"Eastern IT",SDL2000660,,MIS,LWR,SDL,SDL,,CA0S3ES#A2N,"HP Pro Tower 290 G9","Intel (R) Core i5-12400",4.6,512,,8192,"WiFi & LAN",,64737,"Windows 11 Pro",2026-01-04,,"Windows 11 Pro",,
BD-04597,0,EITORD2025001644,,Computer,Desktop,Stock,4CE534BK3C,HP,"Pro Tower 290 G9",64737,2025-12-24,"Eastern IT",SDL2000660,,MIS,LWR,SDL,SDL,,CA0S3ES#A2N,"HP Pro Tower 290 G9","Intel (R) Core i5-12400",4.6,512,,8192,"WiFi & LAN",,64737,"Windows 11 Pro",2026-01-04,,"Windows 11 Pro",,
BD-04598,0,EITORD2025001644,,Computer,Desktop,Stock,4CE449CRXY,HP,"Pro Tower 290 G9",64737,2025-12-24,"Eastern IT",SDL2000660,,MIS,LWR,SDL,SDL,,CA0S3ES#A2N,"HP Pro Tower 290 G9","Intel (R) Core i5-12400",4.6,512,,8192,"WiFi & LAN",,64737,"Windows 11 Pro",2026-01-04,,"Windows 11 Pro",,
BD-04599,0,EITORD2025001644,,Computer,Desktop,Stock,4CE510D763,HP,"Pro Tower 290 G9",64737,2025-12-24,"Eastern IT",SDL2000660,,MIS,LWR,SDL,SDL,,CA0S3ES#A2N,"HP Pro Tower 290 G9","Intel (R) Core i5-12400",4.6,512,,8192,"WiFi & LAN",,64737,"Windows 11 Pro",2026-01-04,,"Windows 11 Pro",,
BD-04600,0,EITORD2025001644,,Computer,Desktop,Stock,4CE537D994,HP,"Pro Tower 290 G9",64737,2025-12-24,"Eastern IT",SDL2000660,,MIS,LWR,SDL,SDL,,CA0S3ES#A2N,"HP Pro Tower 290 G9","Intel (R) Core i5-12400",4.6,512,,8192,"WiFi & LAN",,64737,"Windows 11 Pro",2026-01-04,,"Windows 11 Pro",,
BD-04601,0,EITORD2025001644,,Computer,Desktop,Stock,4CE537D96R,HP,"Pro Tower 290 G9",64737,2025-12-24,"Eastern IT",SDL2000660,,MIS,LWR,SDL,SDL,,CA0S3ES#A2N,"HP Pro Tower 290 G9","Intel (R) Core i5-12400",4.6,512,,8192,"WiFi & LAN",,64737,"Windows 11 Pro",2026-01-04,,"Windows 11 Pro",,
BD-04602,0,EITORD2025001644,,Computer,Desktop,Stock,4CE537D97J,HP,"Pro Tower 290 G9",64737,2025-12-24,"Eastern IT",SDL2000660,,MIS,LWR,SDL,SDL,,CA0S3ES#A2N,"HP Pro Tower 290 G9","Intel (R) Core i5-12400",4.6,512,,8192,"WiFi & LAN",,64737,"Windows 11 Pro",2026-01-04,,"Windows 11 Pro",,
BD-04603,0,EITORD2025001644,,Computer,Desktop,Stock,4CE537D97T,HP,"Pro Tower 290 G9",64737,2025-12-24,"Eastern IT",SDL2000660,,MIS,LWR,SDL,SDL,,CA0S3ES#A2N,"HP Pro Tower 290 G9","Intel (R) Core i5-12400",4.6,512,,8192,"WiFi & LAN",,64737,"Windows 11 Pro",2026-01-04,,"Windows 11 Pro",,
BD-04604,0,EITORD2025001644,,Computer,Desktop,Stock,4CE537D96Q,HP,"Pro Tower 290 G9",64737,2025-12-24,"Eastern IT",SDL2000660,,MIS,LWR,SDL,SDL,,CA0S3ES#A2N,"HP Pro Tower 290 G9","Intel (R) Core i5-12400",4.6,512,,8192,"WiFi & LAN",,64737,"Windows 11 Pro",2026-01-04,,"Windows 11 Pro",,
BD-04605,0,EITORD2025001644,,Computer,Desktop,Stock,4CE537D984,HP,"Pro Tower 290 G9",64737,2025-12-24,"Eastern IT",SDL2000660,,MIS,LWR,SDL,SDL,,CA0S3ES#A2N,"HP Pro Tower 290 G9","Intel (R) Core i5-12400",4.6,512,,8192,"WiFi & LAN",,64737,"Windows 11 Pro",2026-01-04,,"Windows 11 Pro",,
BD-04606,0,EITORD2025001644,,Computer,Desktop,Stock,4CE535BQVY,HP,"Pro Tower 290 G9",64737,2025-12-24,"Eastern IT",SDL2000660,,MIS,LWR,SDL,SDL,,CA0S3ES#A2N,"HP Pro Tower 290 G9","Intel (R) Core i5-12400",4.6,512,,8192,"WiFi & LAN",,64737,"Windows 11 Pro",2026-01-04,,"Windows 11 Pro",,
BD-04607,0,EITORD2025001644,,Computer,Desktop,Stock,4CE537D97R,HP,"Pro Tower 290 G9",64737,2025-12-24,"Eastern IT",SDL2000660,,MIS,LWR,SDL,SDL,,CA0S3ES#A2N,"HP Pro Tower 290 G9","Intel (R) Core i5-12400",4.6,512,,8192,"WiFi & LAN",,64737,"Windows 11 Pro",2026-01-04,,"Windows 11 Pro",,
BD-04608,0,EITORD2025001644,,Computer,Desktop,Stock,4CE537D97P,HP,"Pro Tower 290 G9",64737,2025-12-24,"Eastern IT",SDL2000660,,MIS,LWR,SDL,SDL,,CA0S3ES#A2N,"HP Pro Tower 290 G9","Intel (R) Core i5-12400",4.6,512,,8192,"WiFi & LAN",,64737,"Windows 11 Pro",2026-01-04,,"Windows 11 Pro",,
BD-04609,0,EITORD2025001644,,Computer,Desktop,Stock,4CE537D982,HP,"Pro Tower 290 G9",64737,2025-12-24,"Eastern IT",SDL2000660,,MIS,LWR,SDL,SDL,,CA0S3ES#A2N,"HP Pro Tower 290 G9","Intel (R) Core i5-12400",4.6,512,,8192,"WiFi & LAN",,64737,"Windows 11 Pro",2026-01-04,,"Windows 11 Pro",,
BD-04610,0,EITORD2025001644,,Computer,Desktop,Stock,4CE537D9MY,HP,"Pro Tower 290 G9",64737,2025-12-24,"Eastern IT",SDL2000660,,MIS,LWR,SDL,SDL,,CA0S3ES#A2N,"HP Pro Tower 290 G9","Intel (R) Core i5-12400",4.6,512,,8192,"WiFi & LAN",,64737,"Windows 11 Pro",2026-01-04,,"Windows 11 Pro",,
BD-04611,0,EITORD2025001644,,Computer,Desktop,Stock,4CE537D962,HP,"Pro Tower 290 G9",64737,2025-12-24,"Eastern IT",SDL2000660,,MIS,LWR,SDL,SDL,,CA0S3ES#A2N,"HP Pro Tower 290 G9","Intel (R) Core i5-12400",4.6,512,,8192,"WiFi & LAN",,64737,"Windows 11 Pro",2026-01-04,,"Windows 11 Pro",,
BD-04612,0,EITORD2025001644,,Computer,Desktop,Stock,4CE537D9M1,HP,"Pro Tower 290 G9",64737,2025-12-24,"Eastern IT",SDL2000660,,MIS,LWR,SDL,SDL,,CA0S3ES#A2N,"HP Pro Tower 290 G9","Intel (R) Core i5-12400",4.6,512,,8192,"WiFi & LAN",,64737,"Windows 11 Pro",2026-01-04,,"Windows 11 Pro",,
BD-04613,0,EITORD2025001644,,Computer,Desktop,Stock,4CE535BQTG,HP,"Pro Tower 290 G9",64737,2025-12-24,"Eastern IT",SDL2000660,,MIS,LWR,SDL,SDL,,CA0S3ES#A2N,"HP Pro Tower 290 G9","Intel (R) Core i5-12400",4.6,512,,8192,"WiFi & LAN",,64737,"Windows 11 Pro",2026-01-04,,"Windows 11 Pro",,
BD-04614,0,EITORD2025001644,,Computer,Desktop,Stock,4CE535BQW7,HP,"Pro Tower 290 G9",64737,2025-12-24,"Eastern IT",SDL2000660,,MIS,LWR,SDL,SDL,,CA0S3ES#A2N,"HP Pro Tower 290 G9","Intel (R) Core i5-12400",4.6,512,,8192,"WiFi & LAN",,64737,"Windows 11 Pro",2026-01-04,,"Windows 11 Pro",,
BD-04615,0,EITORD2025001644,,Computer,Desktop,Stock,4CE537D95Y,HP,"Pro Tower 290 G9",64737,2025-12-24,"Eastern IT",SDL2000660,,MIS,LWR,SDL,SDL,,CA0S3ES#A2N,"HP Pro Tower 290 G9","Intel (R) Core i5-12400",4.6,512,,8192,"WiFi & LAN",,64737,"Windows 11 Pro",2026-01-04,,"Windows 11 Pro",,
BD-04616,0,EITORD2025001644,,Computer,Desktop,Stock,4CE535BQX7,HP,"Pro Tower 290 G9",64737,2025-12-24,"Eastern IT",SDL2000660,,MIS,LWR,SDL,SDL,,CA0S3ES#A2N,"HP Pro Tower 290 G9","Intel (R) Core i5-12400",4.6,512,,8192,"WiFi & LAN",,64737,"Windows 11 Pro",2026-01-04,,"Windows 11 Pro",,
BD-04617,0,EITORD2025001644,,Computer,Desktop,Stock,4CE535BQWW,HP,"Pro Tower 290 G9",64737,2025-12-24,"Eastern IT",SDL2000660,,MIS,LWR,SDL,SDL,,CA0S3ES#A2N,"HP Pro Tower 290 G9","Intel (R) Core i5-12400",4.6,512,,8192,"WiFi & LAN",,64737,"Windows 11 Pro",2026-01-04,,"Windows 11 Pro",,
BD-04618,0,EITORD2025001644,,Computer,Desktop,Stock,4CE537D978,HP,"Pro Tower 290 G9",64737,2025-12-24,"Eastern IT",SDL2000660,,MIS,LWR,SDL,SDL,,CA0S3ES#A2N,"HP Pro Tower 290 G9","Intel (R) Core i5-12400",4.6,512,,8192,"WiFi & LAN",,64737,"Windows 11 Pro",2026-01-04,,"Windows 11 Pro",,
BD-04619,0,EITORD2025001644,,Computer,Desktop,Stock,4CE537D9QG,HP,"Pro Tower 290 G9",64737,2025-12-24,"Eastern IT",SDL2000660,,MIS,LWR,SDL,SDL,,CA0S3ES#A2N,"HP Pro Tower 290 G9","Intel (R) Core i5-12400",4.6,512,,8192,"WiFi & LAN",,64737,"Windows 11 Pro",2026-01-04,,"Windows 11 Pro",,
BD-04620,0,EITORD2025001644,,Computer,Desktop,Stock,4CE537D9MT,HP,"Pro Tower 290 G9",64737,2025-12-24,"Eastern IT",SDL2000660,,MIS,LWR,SDL,SDL,,CA0S3ES#A2N,"HP Pro Tower 290 G9","Intel (R) Core i5-12400",4.6,512,,8192,"WiFi & LAN",,64737,"Windows 11 Pro",2026-01-04,,"Windows 11 Pro",,
BD-04621,0,EITORD2025001644,,Computer,Desktop,Stock,4CE537D986,HP,"Pro Tower 290 G9",64737,2025-12-24,"Eastern IT",SDL2000660,,MIS,LWR,SDL,SDL,,CA0S3ES#A2N,"HP Pro Tower 290 G9","Intel (R) Core i5-12400",4.6,512,,8192,"WiFi & LAN",,64737,"Windows 11 Pro",2026-01-04,,"Windows 11 Pro",,
BD-04622,0,EITORD2025001644,,Computer,Desktop,Stock,4CE537D9FX,HP,"Pro Tower 290 G9",64737,2025-12-24,"Eastern IT",SDL2000660,,MIS,LWR,SDL,SDL,,CA0S3ES#A2N,"HP Pro Tower 290 G9","Intel (R) Core i5-12400",4.6,512,,8192,"WiFi & LAN",,64737,"Windows 11 Pro",2026-01-04,,"Windows 11 Pro",,
BD-04623,0,EITORD2025001644,,Computer,Desktop,Stock,4CE535BQY9,HP,"Pro Tower 290 G9",64737,2025-12-24,"Eastern IT",SDL2000660,,MIS,LWR,SDL,SDL,,CA0S3ES#A2N,"HP Pro Tower 290 G9","Intel (R) Core i5-12400",4.6,512,,8192,"WiFi & LAN",,64737,"Windows 11 Pro",2026-01-04,,"Windows 11 Pro",,
BD-04624,0,EITORD2025001644,,Computer,Desktop,Stock,4CE537D9K1,HP,"Pro Tower 290 G9",64737,2025-12-24,"Eastern IT",SDL2000660,,MIS,LWR,SDL,SDL,,CA0S3ES#A2N,"HP Pro Tower 290 G9","Intel (R) Core i5-12400",4.6,512,,8192,"WiFi & LAN",,64737,"Windows 11 Pro",2026-01-04,,"Windows 11 Pro",,
BD-04625,0,EITORD2025001644,,Computer,Desktop,Stock,4CE537D9JN,HP,"Pro Tower 290 G9",64737,2025-12-24,"Eastern IT",SDL2000660,,MIS,LWR,SDL,SDL,,CA0S3ES#A2N,"HP Pro Tower 290 G9","Intel (R) Core i5-12400",4.6,512,,8192,"WiFi & LAN",,64737,"Windows 11 Pro",2026-01-04,,"Windows 11 Pro",,
BD-04626,0,EITORD2025001644,,Computer,Desktop,Stock,4CE537D9CT,HP,"Pro Tower 290 G9",64737,2025-12-24,"Eastern IT",SDL2000660,,MIS,LWR,SDL,SDL,,CA0S3ES#A2N,"HP Pro Tower 290 G9","Intel (R) Core i5-12400",4.6,512,,8192,"WiFi & LAN",,64737,"Windows 11 Pro",2026-01-04,,"Windows 11 Pro",,
BD-04627,0,EITORD2025001644,,Computer,Desktop,Stock,4CE537D9D2,HP,"Pro Tower 290 G9",64737,2025-12-24,"Eastern IT",SDL2000660,,MIS,LWR,SDL,SDL,,CA0S3ES#A2N,"HP Pro Tower 290 G9","Intel (R) Core i5-12400",4.6,512,,8192,"WiFi & LAN",,64737,"Windows 11 Pro",2026-01-04,,"Windows 11 Pro",,
BD-04628,0,EITORD2025001644,,Computer,Desktop,Stock,4CE535BQVW,HP,"Pro Tower 290 G9",64737,2025-12-24,"Eastern IT",SDL2000660,,MIS,LWR,SDL,SDL,,CA0S3ES#A2N,"HP Pro Tower 290 G9","Intel (R) Core i5-12400",4.6,512,,8192,"WiFi & LAN",,64737,"Windows 11 Pro",2026-01-04,,"Windows 11 Pro",,
BD-04629,0,EITORD2025001644,,Computer,Desktop,Stock,4CE537D9CY,HP,"Pro Tower 290 G9",64737,2025-12-24,"Eastern IT",SDL2000660,,MIS,LWR,SDL,SDL,,CA0S3ES#A2N,"HP Pro Tower 290 G9","Intel (R) Core i5-12400",4.6,512,,8192,"WiFi & LAN",,64737,"Windows 11 Pro",2026-01-04,,"Windows 11 Pro",,
BD-04630,0,EITORD2025001644,,Computer,Desktop,Stock,4CE537D9FP,HP,"Pro Tower 290 G9",64737,2025-12-24,"Eastern IT",SDL2000660,,MIS,LWR,SDL,SDL,,CA0S3ES#A2N,"HP Pro Tower 290 G9","Intel (R) Core i5-12400",4.6,512,,8192,"WiFi & LAN",,64737,"Windows 11 Pro",2026-01-04,,"Windows 11 Pro",,
BD-04631,0,EITORD2025001644,,Computer,Desktop,Stock,4CE537D96W,HP,"Pro Tower 290 G9",64737,2025-12-24,"Eastern IT",SDL2000660,,MIS,LWR,SDL,SDL,,CA0S3ES#A2N,"HP Pro Tower 290 G9","Intel (R) Core i5-12400",4.6,512,,8192,"WiFi & LAN",,64737,"Windows 11 Pro",2026-01-04,,"Windows 11 Pro",,
BD-04632,0,EITORD2025001644,,Computer,Desktop,Stock,4CE537D9JM,HP,"Pro Tower 290 G9",64737,2025-12-24,"Eastern IT",SDL2000660,,MIS,LWR,SDL,SDL,,CA0S3ES#A2N,"HP Pro Tower 290 G9","Intel (R) Core i5-12400",4.6,512,,8192,"WiFi & LAN",,64737,"Windows 11 Pro",2026-01-04,,"Windows 11 Pro",,
BD-04633,0,EITORD2025001644,,Computer,Desktop,Stock,4CE537D9FW,HP,"Pro Tower 290 G9",64737,2025-12-24,"Eastern IT",SDL2000660,,MIS,LWR,SDL,SDL,,CA0S3ES#A2N,"HP Pro Tower 290 G9","Intel (R) Core i5-12400",4.6,512,,8192,"WiFi & LAN",,64737,"Windows 11 Pro",2026-01-04,,"Windows 11 Pro",,
BD-04634,0,EITORD2025001644,,Computer,Desktop,Stock,4CE537D9F1,HP,"Pro Tower 290 G9",64737,2025-12-24,"Eastern IT",SDL2000660,,MIS,LWR,SDL,SDL,,CA0S3ES#A2N,"HP Pro Tower 290 G9","Intel (R) Core i5-12400",4.6,512,,8192,"WiFi & LAN",,64737,"Windows 11 Pro",2026-01-04,,"Windows 11 Pro",,
BD-04635,0,EITORD2025001644,,Computer,Desktop,Stock,4CE537D9G3,HP,"Pro Tower 290 G9",64737,2025-12-24,"Eastern IT",SDL2000660,,MIS,LWR,SDL,SDL,,CA0S3ES#A2N,"HP Pro Tower 290 G9","Intel (R) Core i5-12400",4.6,512,,8192,"WiFi & LAN",,64737,"Windows 11 Pro",2026-01-04,,"Windows 11 Pro",,
BD-04636,0,EITORD2025001644,,Computer,Desktop,Stock,4CE537D990,HP,"Pro Tower 290 G9",64737,2025-12-24,"Eastern IT",SDL2000660,,MIS,LWR,SDL,SDL,,CA0S3ES#A2N,"HP Pro Tower 290 G9","Intel (R) Core i5-12400",4.6,512,,8192,"WiFi & LAN",,64737,"Windows 11 Pro",2026-01-04,,"Windows 11 Pro",,
BD-04637,0,EITORD2025001644,,Computer,Desktop,Stock,4CE537D9G5,HP,"Pro Tower 290 G9",64737,2025-12-24,"Eastern IT",SDL2000660,,MIS,LWR,SDL,SDL,,CA0S3ES#A2N,"HP Pro Tower 290 G9","Intel (R) Core i5-12400",4.6,512,,8192,"WiFi & LAN",,64737,"Windows 11 Pro",2026-01-04,,"Windows 11 Pro",,
BD-04638,0,EITORD2025001644,,Computer,Desktop,Stock,4CE537D9QJ,HP,"Pro Tower 290 G9",64737,2025-12-24,"Eastern IT",SDL2000660,,MIS,LWR,SDL,SDL,,CA0S3ES#A2N,"HP Pro Tower 290 G9","Intel (R) Core i5-12400",4.6,512,,8192,"WiFi & LAN",,64737,"Windows 11 Pro",2026-01-04,,"Windows 11 Pro",,
BD-04639,0,EITORD2025001644,,Computer,Desktop,Stock,4CE537D98G,HP,"Pro Tower 290 G9",64737,2025-12-24,"Eastern IT",SDL2000660,,MIS,LWR,SDL,SDL,,CA0S3ES#A2N,"HP Pro Tower 290 G9","Intel (R) Core i5-12400",4.6,512,,8192,"WiFi & LAN",,64737,"Windows 11 Pro",2026-01-04,,"Windows 11 Pro",,
BD-04640,0,EITORD2025001644,,Computer,Desktop,Stock,4CE537D99Y,HP,"Pro Tower 290 G9",64737,2025-12-24,"Eastern IT",SDL2000660,,MIS,LWR,SDL,SDL,,CA0S3ES#A2N,"HP Pro Tower 290 G9","Intel (R) Core i5-12400",4.6,512,,8192,"WiFi & LAN",,64737,"Windows 11 Pro",2026-01-04,,"Windows 11 Pro",,
BD-04641,0,EITORD2025001644,,Computer,Desktop,Stock,4CE537D99T,HP,"Pro Tower 290 G9",64737,2025-12-24,"Eastern IT",SDL2000660,,MIS,LWR,SDL,SDL,,CA0S3ES#A2N,"HP Pro Tower 290 G9","Intel (R) Core i5-12400",4.6,512,,8192,"WiFi & LAN",,64737,"Windows 11 Pro",2026-01-04,,"Windows 11 Pro",,
BD-04642,0,EITORD2025001644,,Computer,Desktop,Stock,4CE537D9FZ,HP,"Pro Tower 290 G9",64737,2025-12-24,"Eastern IT",SDL2000660,,MIS,LWR,SDL,SDL,,CA0S3ES#A2N,"HP Pro Tower 290 G9","Intel (R) Core i5-12400",4.6,512,,8192,"WiFi & LAN",,64737,"Windows 11 Pro",2026-01-04,,"Windows 11 Pro",,
BD-04643,0,EITORD2025001644,,Computer,Desktop,Stock,4CE537D96C,HP,"Pro Tower 290 G9",64737,2025-12-24,"Eastern IT",SDL2000660,,MIS,LWR,SDL,SDL,,CA0S3ES#A2N,"HP Pro Tower 290 G9","Intel (R) Core i5-12400",4.6,512,,8192,"WiFi & LAN",,64737,"Windows 11 Pro",2026-01-04,,"Windows 11 Pro",,
BD-04644,0,EITORD2025001644,,Computer,Desktop,Stock,4CE537D9P1,HP,"Pro Tower 290 G9",64737,2025-12-24,"Eastern IT",SDL2000660,,MIS,LWR,SDL,SDL,,CA0S3ES#A2N,"HP Pro Tower 290 G9","Intel (R) Core i5-12400",4.6,512,,8192,"WiFi & LAN",,64737,"Windows 11 Pro",2026-01-04,,"Windows 11 Pro",,
BD-04645,0,EITORD2025001644,,Computer,Desktop,Stock,4CE537D97B,HP,"Pro Tower 290 G9",64737,2025-12-24,"Eastern IT",SDL2000660,,MIS,LWR,SDL,SDL,,CA0S3ES#A2N,"HP Pro Tower 290 G9","Intel (R) Core i5-12400",4.6,512,,8192,"WiFi & LAN",,64737,"Windows 11 Pro",2026-01-04,,"Windows 11 Pro",,
BD-04646,0,EITORD2025001644,,Computer,Desktop,Stock,4CE537D9PN,HP,"Pro Tower 290 G9",64737,2025-12-24,"Eastern IT",SDL2000660,,MIS,LWR,SDL,SDL,,CA0S3ES#A2N,"HP Pro Tower 290 G9","Intel (R) Core i5-12400",4.6,512,,8192,"WiFi & LAN",,64737,"Windows 11 Pro",2026-01-04,,"Windows 11 Pro",,
BD-04647,0,EITORD2025001644,,Computer,Desktop,Stock,4CE537D9HB,HP,"Pro Tower 290 G9",64737,2025-12-24,"Eastern IT",SDL2000660,,MIS,LWR,SDL,SDL,,CA0S3ES#A2N,"HP Pro Tower 290 G9","Intel (R) Core i5-12400",4.6,512,,8192,"WiFi & LAN",,64737,"Windows 11 Pro",2026-01-04,,"Windows 11 Pro",,
BD-04648,0,EITORD2025001644,,Computer,Desktop,Stock,4CE537D9MD,HP,"Pro Tower 290 G9",64737,2025-12-24,"Eastern IT",SDL2000660,,MIS,LWR,SDL,SDL,,CA0S3ES#A2N,"HP Pro Tower 290 G9","Intel (R) Core i5-12400",4.6,512,,8192,"WiFi & LAN",,64737,"Windows 11 Pro",2026-01-04,,"Windows 11 Pro",,
BD-04649,0,EITORD2025001644,,Computer,Desktop,Stock,4CE537D97Y,HP,"Pro Tower 290 G9",64737,2025-12-24,"Eastern IT",SDL2000660,,MIS,LWR,SDL,SDL,,CA0S3ES#A2N,"HP Pro Tower 290 G9","Intel (R) Core i5-12400",4.6,512,,8192,"WiFi & LAN",,64737,"Windows 11 Pro",2026-01-04,,"Windows 11 Pro",,
BD-04650,0,EITORD2025001644,,Computer,Desktop,Stock,4CE537D97D,HP,"Pro Tower 290 G9",64737,2025-12-24,"Eastern IT",SDL2000660,,MIS,LWR,SDL,SDL,,CA0S3ES#A2N,"HP Pro Tower 290 G9","Intel (R) Core i5-12400",4.6,512,,8192,"WiFi & LAN",,64737,"Windows 11 Pro",2026-01-04,,"Windows 11 Pro",,
BD-04651,0,EITORD2025001644,,Computer,Desktop,Stock,4CE537D9JP,HP,"Pro Tower 290 G9",64737,2025-12-24,"Eastern IT",SDL2000660,,MIS,LWR,SDL,SDL,,CA0S3ES#A2N,"HP Pro Tower 290 G9","Intel (R) Core i5-12400",4.6,512,,8192,"WiFi & LAN",,64737,"Windows 11 Pro",2026-01-04,,"Windows 11 Pro",,
BD-04652,0,EITORD2025001644,,Computer,Desktop,Stock,44CE537D9KH,HP,"Pro Tower 290 G9",64737,2025-12-24,"Eastern IT",SDL2000660,,MIS,LWR,SDL,SDL,,CA0S3ES#A2N,"HP Pro Tower 290 G9","Intel (R) Core i5-12400",4.6,512,,8192,"WiFi & LAN",,64737,"Windows 11 Pro",2026-01-04,,"Windows 11 Pro",,
BD-04653,0,EITORD2025001644,,Computer,Desktop,Stock,4CE537D9DX,HP,"Pro Tower 290 G9",64737,2025-12-24,"Eastern IT",SDL2000660,,MIS,LWR,SDL,SDL,,CA0S3ES#A2N,"HP Pro Tower 290 G9","Intel (R) Core i5-12400",4.6,512,,8192,"WiFi & LAN",,64737,"Windows 11 Pro",2026-01-04,,"Windows 11 Pro",,
BD-04654,0,EITORD2025001644,,Computer,Desktop,Stock,4CE537D9QK,HP,"Pro Tower 290 G9",64737,2025-12-24,"Eastern IT",SDL2000660,,MIS,LWR,SDL,SDL,,CA0S3ES#A2N,"HP Pro Tower 290 G9","Intel (R) Core i5-12400",4.6,512,,8192,"WiFi & LAN",,64737,"Windows 11 Pro",2026-01-04,,"Windows 11 Pro",,
BD-04655,0,EITORD2025001644,,Computer,Desktop,Stock,4CE537D9QH,HP,"Pro Tower 290 G9",64737,2025-12-24,"Eastern IT",SDL2000660,,MIS,LWR,SDL,SDL,,CA0S3ES#A2N,"HP Pro Tower 290 G9","Intel (R) Core i5-12400",4.6,512,,8192,"WiFi & LAN",,64737,"Windows 11 Pro",2026-01-04,,"Windows 11 Pro",,
BD-04656,0,EITORD2025001644,,Computer,Desktop,Stock,4CE537D9N5,HP,"Pro Tower 290 G9",64737,2025-12-24,"Eastern IT",SDL2000660,,MIS,LWR,SDL,SDL,,CA0S3ES#A2N,"HP Pro Tower 290 G9","Intel (R) Core i5-12400",4.6,512,,8192,"WiFi & LAN",,64737,"Windows 11 Pro",2026-01-04,,"Windows 11 Pro",,
BD-04657,0,EITORD2025001644,,Computer,Desktop,Stock,4CE537D9KJ,HP,"Pro Tower 290 G9",64737,2025-12-24,"Eastern IT",SDL2000660,,MIS,LWR,SDL,SDL,,CA0S3ES#A2N,"HP Pro Tower 290 G9","Intel (R) Core i5-12400",4.6,512,,8192,"WiFi & LAN",,64737,"Windows 11 Pro",2026-01-04,,"Windows 11 Pro",,
BD-04658,0,EITORD2025001644,,Computer,Desktop,Stock,4CE535BQW2,HP,"Pro Tower 290 G9",64737,2025-12-24,"Eastern IT",SDL2000660,,MIS,LWR,SDL,SDL,,CA0S3ES#A2N,"HP Pro Tower 290 G9","Intel (R) Core i5-12400",4.6,512,,8192,"WiFi & LAN",,64737,"Windows 11 Pro",2026-01-04,,"Windows 11 Pro",,
BD-04659,0,EITORD2025001644,,Computer,Desktop,Stock,4CE534BK5C,HP,"Pro Tower 290 G9",64737,2025-12-24,"Eastern IT",SDL2000660,,MIS,LWR,SDL,SDL,,CA0S3ES#A2N,"HP Pro Tower 290 G9","Intel (R) Core i5-12400",4.6,512,,8192,"WiFi & LAN",,64737,"Windows 11 Pro",2026-01-04,,"Windows 11 Pro",,
BD-04660,0,EITORD2025001644,,Computer,Desktop,Stock,4CE534B9CR,HP,"Pro Tower 290 G9",64737,2025-12-24,"Eastern IT",SDL2000660,,MIS,LWR,SDL,SDL,,CA0S3ES#A2N,"HP Pro Tower 290 G9","Intel (R) Core i5-12400",4.6,512,,8192,"WiFi & LAN",,64737,"Windows 11 Pro",2026-01-04,,"Windows 11 Pro",,
BD-04661,0,EITORD2025001644,,Computer,Desktop,Stock,4CE537D970,HP,"Pro Tower 290 G9",64737,2025-12-24,"Eastern IT",SDL2000660,,MIS,LWR,SDL,SDL,,CA0S3ES#A2N,"HP Pro Tower 290 G9","Intel (R) Core i5-12400",4.6,512,,8192,"WiFi & LAN",,64737,"Windows 11 Pro",2026-01-04,,"Windows 11 Pro",,
BD-04662,0,EITORD2025001644,,Computer,Desktop,Stock,4CE537D9DH,HP,"Pro Tower 290 G9",64737,2025-12-24,"Eastern IT",SDL2000660,,MIS,LWR,SDL,SDL,,CA0S3ES#A2N,"HP Pro Tower 290 G9","Intel (R) Core i5-12400",4.6,512,,8192,"WiFi & LAN",,64737,"Windows 11 Pro",2026-01-04,,"Windows 11 Pro",,
BD-04663,0,EITORD2025001644,,Computer,Desktop,Stock,4CE537D973,HP,"Pro Tower 290 G9",64737,2025-12-24,"Eastern IT",SDL2000660,,MIS,LWR,SDL,SDL,,CA0S3ES#A2N,"HP Pro Tower 290 G9","Intel (R) Core i5-12400",4.6,512,,8192,"WiFi & LAN",,64737,"Windows 11 Pro",2026-01-04,,"Windows 11 Pro",,
BD-04664,0,EITORD2025001644,,Computer,Desktop,Stock,4CE537D9CR,HP,"Pro Tower 290 G9",64737,2025-12-24,"Eastern IT",SDL2000660,,MIS,LWR,SDL,SDL,,CA0S3ES#A2N,"HP Pro Tower 290 G9","Intel (R) Core i5-12400",4.6,512,,8192,"WiFi & LAN",,64737,"Windows 11 Pro",2026-01-04,,"Windows 11 Pro",,
BD-04665,0,EITORD2025001644,,Computer,Desktop,Stock,4CE537D9K3,HP,"Pro Tower 290 G9",64737,2025-12-24,"Eastern IT",SDL2000660,,MIS,LWR,SDL,SDL,,CA0S3ES#A2N,"HP Pro Tower 290 G9","Intel (R) Core i5-12400",4.6,512,,8192,"WiFi & LAN",,64737,"Windows 11 Pro",2026-01-04,,"Windows 11 Pro",,
BD-04666,0,EITORD2025001644,,Computer,Desktop,Stock,4CE537D9KB,HP,"Pro Tower 290 G9",64737,2025-12-24,"Eastern IT",SDL2000660,,MIS,LWR,SDL,SDL,,CA0S3ES#A2N,"HP Pro Tower 290 G9","Intel (R) Core i5-12400",4.6,512,,8192,"WiFi & LAN",,64737,"Windows 11 Pro",2026-01-04,,"Windows 11 Pro",,
BD-04667,0,EITORD2025001644,,Computer,Desktop,Stock,4CE537D9M4,HP,"Pro Tower 290 G9",64737,2025-12-24,"Eastern IT",SDL2000660,,MIS,LWR,SDL,SDL,,CA0S3ES#A2N,"HP Pro Tower 290 G9","Intel (R) Core i5-12400",4.6,512,,8192,"WiFi & LAN",,64737,"Windows 11 Pro",2026-01-04,,"Windows 11 Pro",,
BD-04668,0,EITORD2025001644,,Computer,Desktop,Stock,4CE537D9MR,HP,"Pro Tower 290 G9",64737,2025-12-24,"Eastern IT",SDL2000660,,MIS,LWR,SDL,SDL,,CA0S3ES#A2N,"HP Pro Tower 290 G9","Intel (R) Core i5-12400",4.6,512,,8192,"WiFi & LAN",,64737,"Windows 11 Pro",2026-01-04,,"Windows 11 Pro",,
BD-04669,0,EITORD2025001644,,Computer,Desktop,Stock,4CE537D9NM,HP,"Pro Tower 290 G9",64737,2025-12-24,"Eastern IT",SDL2000660,,MIS,LWR,SDL,SDL,,CA0S3ES#A2N,"HP Pro Tower 290 G9","Intel (R) Core i5-12400",4.6,512,,8192,"WiFi & LAN",,64737,"Windows 11 Pro",2026-01-04,,"Windows 11 Pro",,
BD-04670,0,EITORD2025001644,,Computer,Desktop,Stock,4CE537D9NW,HP,"Pro Tower 290 G9",64737,2025-12-24,"Eastern IT",SDL2000660,,MIS,LWR,SDL,SDL,,CA0S3ES#A2N,"HP Pro Tower 290 G9","Intel (R) Core i5-12400",4.6,512,,8192,"WiFi & LAN",,64737,"Windows 11 Pro",2026-01-04,,"Windows 11 Pro",,
BD-04671,0,EITORD2025001644,,Computer,Desktop,Stock,4CE537D9Q0,HP,"Pro Tower 290 G9",64737,2025-12-24,"Eastern IT",SDL2000660,,MIS,LWR,SDL,SDL,,CA0S3ES#A2N,"HP Pro Tower 290 G9","Intel (R) Core i5-12400",4.6,512,,8192,"WiFi & LAN",,64737,"Windows 11 Pro",2026-01-04,,"Windows 11 Pro",,
BD-04672,0,EITORD2025001644,,Computer,Desktop,Stock,4CE537D9KQ,HP,"Pro Tower 290 G9",64737,2025-12-24,"Eastern IT",SDL2000660,,MIS,LWR,SDL,SDL,,CA0S3ES#A2N,"HP Pro Tower 290 G9","Intel (R) Core i5-12400",4.6,512,,8192,"WiFi & LAN",,64737,"Windows 11 Pro",2026-01-04,,"Windows 11 Pro",,
BD-04673,0,EITORD2025001644,,Computer,Desktop,Stock,4CE537D9FS,HP,"Pro Tower 290 G9",64737,2025-12-24,"Eastern IT",SDL2000660,,MIS,LWR,SDL,SDL,,CA0S3ES#A2N,"HP Pro Tower 290 G9","Intel (R) Core i5-12400",4.6,512,,8192,"WiFi & LAN",,64737,"Windows 11 Pro",2026-01-04,,"Windows 11 Pro",,
BD-04674,0,EITORD2025001644,,Computer,Desktop,Stock,4CE533CF0F,HP,"Pro Tower 290 G9",64737,2025-12-24,"Eastern IT",SDL2000660,,MIS,LWR,SDL,SDL,,CA0S3ES#A2N,"HP Pro Tower 290 G9","Intel (R) Core i5-12400",4.6,512,,8192,"WiFi & LAN",,64737,"Windows 11 Pro",2026-01-04,,"Windows 11 Pro",,
BD-04675,0,EITORD2025001644,,Computer,Desktop,Stock,4CE533CF61,HP,"Pro Tower 290 G9",64737,2025-12-24,"Eastern IT",SDL2000660,,MIS,LWR,SDL,SDL,,CA0S3ES#A2N,"HP Pro Tower 290 G9","Intel (R) Core i5-12400",4.6,512,,8192,"WiFi & LAN",,64737,"Windows 11 Pro",2026-01-04,,"Windows 11 Pro",,
BD-04676,0,EITORD2025001644,,Computer,Desktop,Stock,4CE533CF25,HP,"Pro Tower 290 G9",64737,2025-12-24,"Eastern IT",SDL2000660,,MIS,LWR,SDL,SDL,,CA0S3ES#A2N,"HP Pro Tower 290 G9","Intel (R) Core i5-12400",4.6,512,,8192,"WiFi & LAN",,64737,"Windows 11 Pro",2026-01-04,,"Windows 11 Pro",,
BD-04677,0,EITORD2025001644,,Computer,Desktop,Stock,4CE533CDTZ,HP,"Pro Tower 290 G9",64737,2025-12-24,"Eastern IT",SDL2000660,,MIS,LWR,SDL,SDL,,CA0S3ES#A2N,"HP Pro Tower 290 G9","Intel (R) Core i5-12400",4.6,512,,8192,"WiFi & LAN",,64737,"Windows 11 Pro",2026-01-04,,"Windows 11 Pro",,
BD-04678,0,EITORD2025001644,,Computer,Desktop,Stock,4CE533CDRV,HP,"Pro Tower 290 G9",64737,2025-12-24,"Eastern IT",SDL2000660,,MIS,LWR,SDL,SDL,,CA0S3ES#A2N,"HP Pro Tower 290 G9","Intel (R) Core i5-12400",4.6,512,,8192,"WiFi & LAN",,64737,"Windows 11 Pro",2026-01-04,,"Windows 11 Pro",,
BD-04679,0,EITORD2025001644,,Computer,Desktop,Stock,4CE533CF28,HP,"Pro Tower 290 G9",64737,2025-12-24,"Eastern IT",SDL2000660,,MIS,LWR,SDL,SDL,,CA0S3ES#A2N,"HP Pro Tower 290 G9","Intel (R) Core i5-12400",4.6,512,,8192,"WiFi & LAN",,64737,"Windows 11 Pro",2026-01-04,,"Windows 11 Pro",,
BD-04680,0,EITORD2025001644,,Computer,Desktop,Stock,4CE533CF6K,HP,"Pro Tower 290 G9",64737,2025-12-24,"Eastern IT",SDL2000660,,MIS,LWR,SDL,SDL,,CA0S3ES#A2N,"HP Pro Tower 290 G9","Intel (R) Core i5-12400",4.6,512,,8192,"WiFi & LAN",,64737,"Windows 11 Pro",2026-01-04,,"Windows 11 Pro",,
BD-04681,0,EITORD2025001644,,Computer,Desktop,Stock,4CE533CDQH,HP,"Pro Tower 290 G9",64737,2025-12-24,"Eastern IT",SDL2000660,,MIS,LWR,SDL,SDL,,CA0S3ES#A2N,"HP Pro Tower 290 G9","Intel (R) Core i5-12400",4.6,512,,8192,"WiFi & LAN",,64737,"Windows 11 Pro",2026-01-04,,"Windows 11 Pro",,
BD-04682,0,EITORD2025001644,,Computer,Desktop,Stock,4CE533CF21,HP,"Pro Tower 290 G9",64737,2025-12-24,"Eastern IT",SDL2000660,,MIS,LWR,SDL,SDL,,CA0S3ES#A2N,"HP Pro Tower 290 G9","Intel (R) Core i5-12400",4.6,512,,8192,"WiFi & LAN",,64737,"Windows 11 Pro",2026-01-04,,"Windows 11 Pro",,
BD-04683,0,EITORD2025001644,,Computer,Desktop,Stock,4CE533CF69,HP,"Pro Tower 290 G9",64737,2025-12-24,"Eastern IT",SDL2000660,,MIS,LWR,SDL,SDL,,CA0S3ES#A2N,"HP Pro Tower 290 G9","Intel (R) Core i5-12400",4.6,512,,8192,"WiFi & LAN",,64737,"Windows 11 Pro",2026-01-04,,"Windows 11 Pro",,
BD-04684,0,EITORD2025001644,,Computer,Desktop,Stock,4CE533CF3B,HP,"Pro Tower 290 G9",64737,2025-12-24,"Eastern IT",SDL2000660,,MIS,LWR,SDL,SDL,,CA0S3ES#A2N,"HP Pro Tower 290 G9","Intel (R) Core i5-12400",4.6,512,,8192,"WiFi & LAN",,64737,"Windows 11 Pro",2026-01-04,,"Windows 11 Pro",,
BD-04685,0,EITORD2025001644,,Computer,Desktop,Stock,4CE533CDTS,HP,"Pro Tower 290 G9",64737,2025-12-24,"Eastern IT",SDL2000660,,MIS,LWR,SDL,SDL,,CA0S3ES#A2N,"HP Pro Tower 290 G9","Intel (R) Core i5-12400",4.6,512,,8192,"WiFi & LAN",,64737,"Windows 11 Pro",2026-01-04,,"Windows 11 Pro",,
BD-04686,0,EITORD2025001644,,Computer,Desktop,Stock,4CE533CDS8,HP,"Pro Tower 290 G9",64737,2025-12-24,"Eastern IT",SDL2000660,,MIS,LWR,SDL,SDL,,CA0S3ES#A2N,"HP Pro Tower 290 G9","Intel (R) Core i5-12400",4.6,512,,8192,"WiFi & LAN",,64737,"Windows 11 Pro",2026-01-04,,"Windows 11 Pro",,
BD-04687,0,EITORD2025001644,,Computer,Desktop,Stock,4CE533CF4D,HP,"Pro Tower 290 G9",64737,2025-12-24,"Eastern IT",SDL2000660,,MIS,LWR,SDL,SDL,,CA0S3ES#A2N,"HP Pro Tower 290 G9","Intel (R) Core i5-12400",4.6,512,,8192,"WiFi & LAN",,64737,"Windows 11 Pro",2026-01-04,,"Windows 11 Pro",,
BD-04688,0,EITORD2025001644,,Computer,Desktop,Stock,4CE533CDQR,HP,"Pro Tower 290 G9",64737,2025-12-24,"Eastern IT",SDL2000660,,MIS,LWR,SDL,SDL,,CA0S3ES#A2N,"HP Pro Tower 290 G9","Intel (R) Core i5-12400",4.6,512,,8192,"WiFi & LAN",,64737,"Windows 11 Pro",2026-01-04,,"Windows 11 Pro",,
BD-04689,0,EITORD2025001644,,Computer,Desktop,Stock,4CE533CF2T,HP,"Pro Tower 290 G9",64737,2025-12-24,"Eastern IT",SDL2000660,,MIS,LWR,SDL,SDL,,CA0S3ES#A2N,"HP Pro Tower 290 G9","Intel (R) Core i5-12400",4.6,512,,8192,"WiFi & LAN",,64737,"Windows 11 Pro",2026-01-04,,"Windows 11 Pro",,
BD-04690,0,EITORD2025001644,,Computer,Desktop,Stock,4CE533CDTV,HP,"Pro Tower 290 G9",64737,2025-12-24,"Eastern IT",SDL2000660,,MIS,LWR,SDL,SDL,,CA0S3ES#A2N,"HP Pro Tower 290 G9","Intel (R) Core i5-12400",4.6,512,,8192,"WiFi & LAN",,64737,"Windows 11 Pro",2026-01-04,,"Windows 11 Pro",,
BD-04691,0,EITORD2025001644,,Computer,Desktop,Stock,4CE533CF6V,HP,"Pro Tower 290 G9",64737,2025-12-24,"Eastern IT",SDL2000660,,MIS,LWR,SDL,SDL,,CA0S3ES#A2N,"HP Pro Tower 290 G9","Intel (R) Core i5-12400",4.6,512,,8192,"WiFi & LAN",,64737,"Windows 11 Pro",2026-01-04,,"Windows 11 Pro",,
BD-04692,0,EITORD2025001644,,Computer,Desktop,Stock,4CE533CDSD,HP,"Pro Tower 290 G9",64737,2025-12-24,"Eastern IT",SDL2000660,,MIS,LWR,SDL,SDL,,CA0S3ES#A2N,"HP Pro Tower 290 G9","Intel (R) Core i5-12400",4.6,512,,8192,"WiFi & LAN",,64737,"Windows 11 Pro",2026-01-04,,"Windows 11 Pro",,
BD-04693,0,EITORD2025001644,,Computer,Desktop,Stock,4CE533CF0Q,HP,"Pro Tower 290 G9",64737,2025-12-24,"Eastern IT",SDL2000660,,MIS,LWR,SDL,SDL,,CA0S3ES#A2N,"HP Pro Tower 290 G9","Intel (R) Core i5-12400",4.6,512,,8192,"WiFi & LAN",,64737,"Windows 11 Pro",2026-01-04,,"Windows 11 Pro",,
BD-04694,0,EITORD2025001644,,Computer,Desktop,Stock,4CE533CF5X,HP,"Pro Tower 290 G9",64737,2025-12-24,"Eastern IT",SDL2000660,,MIS,LWR,SDL,SDL,,CA0S3ES#A2N,"HP Pro Tower 290 G9","Intel (R) Core i5-12400",4.6,512,,8192,"WiFi & LAN",,64737,"Windows 11 Pro",2026-01-04,,"Windows 11 Pro",,
BD-04695,0,EITORD2025001644,,Computer,Desktop,Stock,4CE533CDR9,HP,"Pro Tower 290 G9",64737,2025-12-24,"Eastern IT",SDL2000660,,MIS,LWR,SDL,SDL,,CA0S3ES#A2N,"HP Pro Tower 290 G9","Intel (R) Core i5-12400",4.6,512,,8192,"WiFi & LAN",,64737,"Windows 11 Pro",2026-01-04,,"Windows 11 Pro",,
BD-04696,0,EITORD2025001644,,Computer,Desktop,Stock,4CE533CDQ0,HP,"Pro Tower 290 G9",64737,2025-12-24,"Eastern IT",SDL2000660,,MIS,LWR,SDL,SDL,,CA0S3ES#A2N,"HP Pro Tower 290 G9","Intel (R) Core i5-12400",4.6,512,,8192,"WiFi & LAN",,64737,"Windows 11 Pro",2026-01-04,,"Windows 11 Pro",,
BD-04697,0,EITORD2025001644,,Computer,Desktop,Stock,4CE533CF2J,HP,"Pro Tower 290 G9",64737,2025-12-24,"Eastern IT",SDL2000660,,MIS,LWR,SDL,SDL,,CA0S3ES#A2N,"HP Pro Tower 290 G9","Intel (R) Core i5-12400",4.6,512,,8192,"WiFi & LAN",,64737,"Windows 11 Pro",2026-01-04,,"Windows 11 Pro",,
BD-04698,0,EITORD2025001644,,Computer,Desktop,Stock,4CE533CF4Q,HP,"Pro Tower 290 G9",64737,2025-12-24,"Eastern IT",SDL2000660,,MIS,LWR,SDL,SDL,,CA0S3ES#A2N,"HP Pro Tower 290 G9","Intel (R) Core i5-12400",4.6,512,,8192,"WiFi & LAN",,64737,"Windows 11 Pro",2026-01-04,,"Windows 11 Pro",,
BD-04699,0,EITORD2025001644,,Computer,Desktop,Stock,4CE533CF3X,HP,"Pro Tower 290 G9",64737,2025-12-24,"Eastern IT",SDL2000660,,MIS,LWR,SDL,SDL,,CA0S3ES#A2N,"HP Pro Tower 290 G9","Intel (R) Core i5-12400",4.6,512,,8192,"WiFi & LAN",,64737,"Windows 11 Pro",2026-01-04,,"Windows 11 Pro",,
BD-04700,0,EITORD2025001644,,Computer,Desktop,Stock,4CE533CF36,HP,"Pro Tower 290 G9",64737,2025-12-24,"Eastern IT",SDL2000660,,MIS,LWR,SDL,SDL,,CA0S3ES#A2N,"HP Pro Tower 290 G9","Intel (R) Core i5-12400",4.6,512,,8192,"WiFi & LAN",,64737,"Windows 11 Pro",2026-01-04,,"Windows 11 Pro",,
BD-04701,0,EITORD2025001644,,Computer,Desktop,Stock,4CE533CDZP,HP,"Pro Tower 290 G9",64737,2025-12-24,"Eastern IT",SDL2000660,,MIS,LWR,SDL,SDL,,CA0S3ES#A2N,"HP Pro Tower 290 G9","Intel (R) Core i5-12400",4.6,512,,8192,"WiFi & LAN",,64737,"Windows 11 Pro",2026-01-04,,"Windows 11 Pro",,
BD-04702,0,EITORD2025001644,,Computer,Desktop,Stock,4CE533CF01,HP,"Pro Tower 290 G9",64737,2025-12-24,"Eastern IT",SDL2000660,,MIS,LWR,SDL,SDL,,CA0S3ES#A2N,"HP Pro Tower 290 G9","Intel (R) Core i5-12400",4.6,512,,8192,"WiFi & LAN",,64737,"Windows 11 Pro",2026-01-04,,"Windows 11 Pro",,
BD-04703,0,EITORD2025001644,,Computer,Desktop,Stock,4CE533CF29,HP,"Pro Tower 290 G9",64737,2025-12-24,"Eastern IT",SDL2000660,,MIS,LWR,SDL,SDL,,CA0S3ES#A2N,"HP Pro Tower 290 G9","Intel (R) Core i5-12400",4.6,512,,8192,"WiFi & LAN",,64737,"Windows 11 Pro",2026-01-04,,"Windows 11 Pro",,
BD-04704,0,EITORD2025001644,,Computer,Desktop,Stock,4CE533CF20,HP,"Pro Tower 290 G9",64737,2025-12-24,"Eastern IT",SDL2000660,,MIS,LWR,SDL,SDL,,CA0S3ES#A2N,"HP Pro Tower 290 G9","Intel (R) Core i5-12400",4.6,512,,8192,"WiFi & LAN",,64737,"Windows 11 Pro",2026-01-04,,"Windows 11 Pro",,
BD-04705,0,EITORD2025001644,,Computer,Desktop,Stock,4CE533CF73,HP,"Pro Tower 290 G9",64737,2025-12-24,"Eastern IT",SDL2000660,,MIS,LWR,SDL,SDL,,CA0S3ES#A2N,"HP Pro Tower 290 G9","Intel (R) Core i5-12400",4.6,512,,8192,"WiFi & LAN",,64737,"Windows 11 Pro",2026-01-04,,"Windows 11 Pro",,
BD-04706,0,EITORD2025001644,,Computer,Desktop,Stock,4CE533CDRG,HP,"Pro Tower 290 G9",64737,2025-12-24,"Eastern IT",SDL2000660,,MIS,LWR,SDL,SDL,,CA0S3ES#A2N,"HP Pro Tower 290 G9","Intel (R) Core i5-12400",4.6,512,,8192,"WiFi & LAN",,64737,"Windows 11 Pro",2026-01-04,,"Windows 11 Pro",,
BD-04707,0,EITORD2025001644,,Computer,Desktop,Stock,4CE533CDVB,HP,"Pro Tower 290 G9",64737,2025-12-24,"Eastern IT",SDL2000660,,MIS,LWR,SDL,SDL,,CA0S3ES#A2N,"HP Pro Tower 290 G9","Intel (R) Core i5-12400",4.6,512,,8192,"WiFi & LAN",,64737,"Windows 11 Pro",2026-01-04,,"Windows 11 Pro",,
BD-04708,0,EITORD2025001644,,Computer,Desktop,Stock,4CE533CF53,HP,"Pro Tower 290 G9",64737,2025-12-24,"Eastern IT",SDL2000660,,MIS,LWR,SDL,SDL,,CA0S3ES#A2N,"HP Pro Tower 290 G9","Intel (R) Core i5-12400",4.6,512,,8192,"WiFi & LAN",,64737,"Windows 11 Pro",2026-01-04,,"Windows 11 Pro",,
BD-04709,0,EITORD2025001644,,Computer,Desktop,Stock,4CE533CF6Q,HP,"Pro Tower 290 G9",64737,2025-12-24,"Eastern IT",SDL2000660,,MIS,LWR,SDL,SDL,,CA0S3ES#A2N,"HP Pro Tower 290 G9","Intel (R) Core i5-12400",4.6,512,,8192,"WiFi & LAN",,64737,"Windows 11 Pro",2026-01-04,,"Windows 11 Pro",,
BD-04710,0,EITORD2025001644,,Computer,Desktop,Stock,4CE533CF0Z,HP,"Pro Tower 290 G9",64737,2025-12-24,"Eastern IT",SDL2000660,,MIS,LWR,SDL,SDL,,CA0S3ES#A2N,"HP Pro Tower 290 G9","Intel (R) Core i5-12400",4.6,512,,8192,"WiFi & LAN",,64737,"Windows 11 Pro",2026-01-04,,"Windows 11 Pro",,
BD-04711,0,EITORD2025001644,,Computer,Desktop,Stock,4CE533CF5C,HP,"Pro Tower 290 G9",64737,2025-12-24,"Eastern IT",SDL2000660,,MIS,LWR,SDL,SDL,,CA0S3ES#A2N,"HP Pro Tower 290 G9","Intel (R) Core i5-12400",4.6,512,,8192,"WiFi & LAN",,64737,"Windows 11 Pro",2026-01-04,,"Windows 11 Pro",,
BD-04712,0,EITORD2025001644,,Computer,Desktop,Stock,4CE533CDY9,HP,"Pro Tower 290 G9",64737,2025-12-24,"Eastern IT",SDL2000660,,MIS,LWR,SDL,SDL,,CA0S3ES#A2N,"HP Pro Tower 290 G9","Intel (R) Core i5-12400",4.6,512,,8192,"WiFi & LAN",,64737,"WIN 11 Pro",2026-01-04,,"WIN 11 Pro",,
BD-04713,0,EITORD2025001644,,Computer,Desktop,Stock,4CE533CDZY,HP,"Pro Tower 290 G9",64737,2025-12-24,"Eastern IT",SDL2000660,,MIS,LWR,SDL,SDL,,CA0S3ES#A2N,"HP Pro Tower 290 G9","Intel (R) Core i5-12400",4.6,512,,8192,"WiFi & LAN",,64737,"WIN 11 Pro",2026-01-04,,"WIN 11 Pro",,
BD-04714,0,EITORD2025001644,,Computer,Desktop,Stock,4CE533CDWF,HP,"Pro Tower 290 G9",64737,2025-12-24,"Eastern IT",SDL2000660,,MIS,LWR,SDL,SDL,,CA0S3ES#A2N,"HP Pro Tower 290 G9","Intel (R) Core i5-12400",4.6,512,,8192,"WiFi & LAN",,64737,"WIN 11 Pro",2026-01-04,,"WIN 11 Pro",,
BD-04715,0,EITORD2025001644,,Computer,Desktop,Stock,4CE533CDRW,HP,"Pro Tower 290 G9",64737,2025-12-24,"Eastern IT",SDL2000660,,MIS,LWR,SDL,SDL,,CA0S3ES#A2N,"HP Pro Tower 290 G9","Intel (R) Core i5-12400",4.6,512,,8192,"WiFi & LAN",,64737,"WIN 11 Pro",2026-01-04,,"WIN 11 Pro",,
BD-04716,0,EITORD2025001644,,Computer,Desktop,Stock,4CE533CF24,HP,"Pro Tower 290 G9",64737,2025-12-24,"Eastern IT",SDL2000660,,MIS,LWR,SDL,SDL,,CA0S3ES#A2N,"HP Pro Tower 290 G9","Intel (R) Core i5-12400",4.6,512,,8192,"WiFi & LAN",,64737,"WIN 11 Pro",2026-01-04,,"WIN 11 Pro",,
BD-04717,0,EITORD2025001644,,Computer,Desktop,Stock,4CE533CF5H,HP,"Pro Tower 290 G9",64737,2025-12-24,"Eastern IT",SDL2000660,,MIS,LWR,SDL,SDL,,CA0S3ES#A2N,"HP Pro Tower 290 G9","Intel (R) Core i5-12400",4.6,512,,8192,"WiFi & LAN",,64737,"WIN 11 Pro",2026-01-04,,"WIN 11 Pro",,
BD-04718,0,EITORD2025001644,,Computer,Desktop,Stock,4CE533CF2F,HP,"Pro Tower 290 G9",64737,2025-12-24,"Eastern IT",SDL2000660,,MIS,LWR,SDL,SDL,,CA0S3ES#A2N,"HP Pro Tower 290 G9","Intel (R) Core i5-12400",4.6,512,,8192,"WiFi & LAN",,64737,"WIN 11 Pro",2026-01-04,,"WIN 11 Pro",,
BD-04719,0,EITORD2025001644,,Computer,Desktop,Stock,4CE533CDW4,HP,"Pro Tower 290 G9",64737,2025-12-24,"Eastern IT",SDL2000660,,MIS,LWR,SDL,SDL,,CA0S3ES#A2N,"HP Pro Tower 290 G9","Intel (R) Core i5-12400",4.6,512,,8192,"WiFi & LAN",,64737,"WIN 11 Pro",2026-01-04,,"WIN 11 Pro",,
BD-04720,0,EITORD2025001644,,Computer,Desktop,Stock,4CE533CDSW,HP,"Pro Tower 290 G9",64737,2025-12-24,"Eastern IT",SDL2000660,,MIS,LWR,SDL,SDL,,CA0S3ES#A2N,"HP Pro Tower 290 G9","Intel (R) Core i5-12400",4.6,512,,8192,"WiFi & LAN",,64737,"WIN 11 Pro",2026-01-04,,"WIN 11 Pro",,
BD-04721,0,EITORD2025001644,,Computer,Desktop,Stock,4CE533CDVR,HP,"Pro Tower 290 G9",64737,2025-12-24,"Eastern IT",SDL2000660,,MIS,LWR,SDL,SDL,,CA0S3ES#A2N,"HP Pro Tower 290 G9","Intel (R) Core i5-12400",4.6,512,,8192,"WiFi & LAN",,64737,"WIN 11 Pro",2026-01-04,,"WIN 11 Pro",,
BD-04722,0,EITORD2025001644,,Computer,Desktop,Stock,4CE533CDZS,HP,"Pro Tower 290 G9",64737,2025-12-24,"Eastern IT",SDL2000660,,MIS,LWR,SDL,SDL,,CA0S3ES#A2N,"HP Pro Tower 290 G9","Intel (R) Core i5-12400",4.6,512,,8192,"WiFi & LAN",,64737,"WIN 11 Pro",2026-01-04,,"WIN 11 Pro",,
BD-04723,0,EITORD2025001644,,Computer,Desktop,Stock,4CE533CF5S,HP,"Pro Tower 290 G9",64737,2025-12-24,"Eastern IT",SDL2000660,,MIS,LWR,SDL,SDL,,CA0S3ES#A2N,"HP Pro Tower 290 G9","Intel (R) Core i5-12400",4.6,512,,8192,"WiFi & LAN",,64737,"WIN 11 Pro",2026-01-04,,"WIN 11 Pro",,
